Workbook
Name \p: '[1]FLAREHD-validation'!#REF!
Name \p: '[1]FLAREHD-validation'!#REF!
Name \p: '[1]FLAREHD-validation'!#REF!
Name \p: '[1]FLAREHD-validation'!#REF!
Name \p: '[1]FLAREHD-validation'!#REF!
Name \p: '[1]FLAREHD-validation'!#REF!
Name \p: '[1]FLAREHD-validation'!#REF!
Name \p: '[1]FLAREHD-validation'!#REF!
Name \p: '[1]FLAREHD-validation'!#REF!
Name \p: '[1]FLAREHD-validation'!#REF!
Name \p: '[1]FLAREHD-validation'!#REF!
Name \p: '[1]FLAREHD-validation'!#REF!
Name \p: '[1]FLAREHD-validation'!#REF!
Name \p: '[1]FLAREHD-validation'!#REF!
Name \p: '[1]FLAREHD-validation'!#REF!
Name \p: '[1]FLAREHD-validation'!#REF!
Name \p: '[1]FLAREHD-validation'!#REF!
Name \p: '[1]FLAREHD-validation'!#REF!
Name \p: '[1]FLAREHD-validation'!#REF!
Name \p: '[1]FLAREHD-validation'!#REF!
Name \p: '[1]FLAREHD-validation'!#REF!
Name \p: '[1]FLAREHD-validation'!#REF!
Name \p: '[1]FLAREHD-validation'!#REF!
Name \p: '[1]FLAREHD-validation'!#REF!
Name \p: '[1]FLAREHD-validation'!#REF!
Name \p: '[1]FLAREHD-validation'!#REF!
Name \p: '[1]FLAREHD-validation'!#REF!
Name \p: '[1]FLAREHD-validation'!#REF!
Name \p: '[1]FLAREHD-validation'!#REF!
Name \p: '[1]FLAREHD-validation'!#REF!
Name \p: '[1]FLAREHD-validation'!#REF!
Name \p: '[1]FLAREHD-validation'!#REF!
Name \p: '[1]FLAREHD-validation'!#REF!
Name \p: '[1]FLAREHD-validation'!#REF!
Name \p: '[1]FLAREHD-validation'!#REF!
Name \p: '[1]FLAREHD-validation'!#REF!
Name \p: '[1]FLAREHD-validation'!#REF!
Name \p: '[1]FLAREHD-validation'!#REF!
Name \p: '[1]FLAREHD-validation'!#REF!
Name \p: '[1]FLAREHD-validation'!#REF!
Name \p: '[1]FLAREHD-validation'!#REF!
Name \q: '[1]FLAREHD-validation'!#REF!
Name \q: '[1]FLAREHD-validation'!#REF!
Name \q: '[1]FLAREHD-validation'!#REF!
Name \q: '[1]FLAREHD-validation'!#REF!
Name \q: '[1]FLAREHD-validation'!#REF!
Name \q: '[1]FLAREHD-validation'!#REF!
Name \q: '[1]FLAREHD-validation'!#REF!
Name \q: '[1]FLAREHD-validation'!#REF!
Name \q: '[1]FLAREHD-validation'!#REF!
Name \q: '[1]FLAREHD-validation'!#REF!
Name \q: '[1]FLAREHD-validation'!#REF!
Name \q: '[1]FLAREHD-validation'!#REF!
Name \q: '[1]FLAREHD-validation'!#REF!
Name \q: '[1]FLAREHD-validation'!#REF!
Name \q: '[1]FLAREHD-validation'!#REF!
Name \q: '[1]FLAREHD-validation'!#REF!
Name \q: '[1]FLAREHD-validation'!#REF!
Name \q: '[1]FLAREHD-validation'!#REF!
Name \q: '[1]FLAREHD-validation'!#REF!

Sheet T01
A2: OVERFILL STORAGE TANK SIZING
A3: FUEL TANK
B5: LOCATION | G5: : | H5: IT SURABAYA | Z5: By | AB5: :
B6: PROJECT TITLE | G6: : | H6: Tangki Timbun BBM T01 | Z6: Check | AB6: : | AI6: =PI()*H34 -> 76.626586 | AJ6: =AI6/6 -> 12.771098
H7: BIOSOLAR | Z7: Rev | AB7: :
AJ9: DIMENSION
A11: A. Reference
B12: API 2350 - Overfill Prevention for Storage Tanks in Petroleum Facilities
A14: B. Terms, Definitions, & Acronyms
B15: Critical High (CH) level | H15: : | I15: The highest level in the tank that product can reach without detrimental impacts (i.e. product overflow or tank damage)
B17: High-High tank level alarm (LAHH) | H17: : | I17: An alarm generated when the product level reaches the High-High (HH) tank level
B18: High-High (HH) tank level | H18: : | I18: A level sufficiently below the Critical High (CH) level to enable termination of a receipt or transfer before the Critical High (CH) level is reached
B20: AOPS | H20: : | I20: Automated Overfill Prefention System
B21: CH | H21: : | I21: Critical High
B22: HH | H22: : | I22: High-High tank level
B23: LAHH | H23: : | I23: High-High tank level alarm
B24: FC | H24: : | I24: Foam Chamber
B25: TA | H25: : | I25: Top Angle
A27: A. Purpose
B28: To obtain level of concern storage tank at IT SURABAYA
A30: C. Summary Data
B31: Required Capacity (SAFE) | G31: : | H31: =Sheet1!B20 -> 4899 | K31: kL | R31: Calculation Data
B32: Shell plate height | G32: : | H32: 1.82 | K32: m | R32: Inlet Flow | W32: : | X32: 500 | AA32: m3/hr
C33: Diameter | G33: : | H33: =L33*6/PI() -> 36.287327 | K33: m | L33: 19 | N33: plates (H)
B34: Diameter Taken | G34: : | H34: 24.391 | K34: m | R34: Outlet Flow | W34: : | X34: 300 | AA34: m3/hr
B35: Number of Shell | G35: : | H35: 6 | K35: plates (V) | R35: Response Time | W35: : | X35: 15 | AA35: minutes | AC35: H to HH
B36: Total Tank Height | G36: : | H36: =H32*H35 -> 10.92 | K36: m | R36: Critical High Response | W36: : | X36: 30 | AA36: minutes | AC36: HH to FC
R37: Response Time | W37: : | X37: 15 | AA37: minutes | AC37: L to LL
B39: Critcal High (CH) = Tabel Tangki Tinggi Max Vol. Bersih | L39: : | M39: =U39+U68+U74 -> 11205 | N39: mm | O39: See SAP & Tabel Tangki | U39: =Sheet1!C20 -> 10400 | X39: mm
B40: Low Level (LLLL) = Unpumpable/Dead Stock (Data SAP) | L40: : | M40: =U40/1000 -> 258 | N40: KL | O40: See Data SAP | U40: =Sheet1!M20 -> 258000 | X40: L
M41: =Sheet1!E20 -> 460 | N41: mm | O41: See SAP & Tabel Tangki
AX64: =306+(3*2.54) -> 313.62
B65: Volume per meter of height | J65: : | K65: =PI()*H34^2/4 -> 467.24977 | M65: m3/m | AX65: =PI()*H34^2*0.25*AX64/1000 -> 146.53887
B67: CH to HHLL Volume | J67: : | K67: =X36*X32/60 -> 250 | M67: m3
B68: CH to HHLL Space | J68: : | K68: =K67/K65*1000 -> 535.04575 | M68: mm | R68: taken | T68: : | U68: 536 | W68: mm | Z68: HHLL to CH
T69: : | U69: =U68/1000*K65/X32*60 -> 30.053505 | W69: minutes | Z69: HHLL to CH
B70: Top Shell to HHLL Space | J70: : | K70: =U68 -> 536 | M70: mm
B71: HHLL Height from Bottom | J71: : | K71: =M39-K70 -> 10669 | M71: mm
B73: HHLL to HLL Volume | J73: : | K73: =X32*X35/60 -> 125 | M73: m3
B74: HHLL to HLL Space | J74: : | K74: =K73/K65*1000 -> 267.52287 | M74: mm | R74: taken | T74: : | U74: 269 | W74: mm | Z74: HLL to HHLL
U75: =U74/1000*K65/X32*60 -> 15.082822 | W75: minutes | Z75: HLL to HHLL
B76: Top Shell to HLL Space | J76: : | K76: =U68+U74 -> 805 | M76: mm
B77: HLL Height from Bottom | J77: : | K77: =M39-K76 -> 10400 | M77: mm
B79: Inlet Nozzle Recommendation | J79: : | K79: 16 | M79: inches | T79: : | U79: =K79*25.4 -> 406.4 | W79: mm
B80: Internal Diameter | J80: : | K80: 16 | M80: inches | P80: Inlet velocity | T80: : | U80: =X32/3600/(PI()*(K80/39.36996)^2/4) -> 1.0706995 | W80: m/s
B82: Outlet Nozzle Recommendation | J82: : | K82: 12 | M82: inches | T82: : | U82: =K82*25.4 -> 304.8 | W82: mm
B83: Internal Diameter | J83: : | K83: 12 | M83: inches | P83: Outlet velocity | T83: : | U83: =X34/3600/(PI()*(K83/39.36996)^2/4) -> 1.1420795 | W83: m/s
B85: Bottom to Center Nozzle | I85: Reg | J85: : | K85: 306 | M85: mm | O85: see Tabel 5.6a API 650 column 8
I86: Low | J86: : | K86: 200 | M86: mm | O86: see Tabel 5.6a API 650 column 9c
B87: Additional Space Nozzle to LLLL | J87: : | K87: 0 | M87: mm
B88: Minimum LLLL height Form Bottom | J88: : | K88: =M41 -> 460 | M88: mm
B90: LLLL to LLL Volume | J90: : | K90: =X34*X37/60 -> 75 | M90: m3
B91: LLLL to LLL Space | J91: : | K91: =K90/K65*1000 -> 160.51372 | M91: mm | R91: taken | T91: : | U91: 161 | W91: mm | Z91: LLLL to LLL
B92: HLL Height from Bottom | J92: : | K92: =K88+U91 -> 621 | M92: mm | U92: =U91/1000*K65/X34*60 -> 15.045443 | W92: minutes | Z92: LLLL to LLL
A99: D. Result
B101: Max Tank Volume | H101: : | J101: =PI()*$H$34^2/4*M39/1000 -> 5235.5336 | L101: kL | N101: (total volume, bottom - top)
B102: Maximum Capacity | H102: : | J102: =PI()*$H$34^2/4*L106/1000 -> 4985.0878 | L102: kL | N102: (maximum tank capacity, bottom to HHLL)
B103: Net Working Capacity | H103: : | J103: =PI()*$H$34^2/4*(L107-L108)/1000 -> 4569.2355 | L103: kL | N103: (maximum operating capacity, LLL to HLL)
B104: Safe Capacity | H104: : | J104: =PI()*$H$34^2/4*(L107-L109)/1000 -> 4644.4627 | L104: kL | N104: (maximum operating capacity, LLL to HLL)
B105: Dead Volume | H105: : | J105: =PI()*$H$34^2/4*L109/1000 -> 214.93489 | L105: kL | N105: (dead stock capacity, bottom to LLLL)
E106: HHLL | J106: : | L106: =K71 -> 10669 | N106: mm
E107: HLL | J107: : | L107: =K77 -> 10400 | N107: mm | S107: `
E108: LLL | J108: : | L108: =K92 -> 621 | N108: mm
E109: LLLL | J109: : | L109: =K88 -> 460 | N109: mm
F116: Critical H | Z116: =M39 -> 11205 | AB116: mm
D117: =U69 -> 30.053505 | E117: min
F118: HHLL | Z118: =L106 -> 10669 | AB118: mm
D119: =U75 -> 15.082822 | E119: min
F120: HLL | Z120: =L107 -> 10400 | AB120: mm
D125: Height : | K125: Safe Capacity | R125: Net Working Capacity
C126: =H36*1000 -> 10920 | E126: mm | K126: =J104 -> 4644.4627 | L126: KL | R126: =J103 -> 4569.2355 | S126: KL
F136: LLL | Z136: =L108 -> 621 | AB136: mm
D137: =U92 -> 15.045443 | E137: min
F138: LLLL | Z138: =L109 -> 460 | AB138: mm
O144: Diameter : | P144: =H34*1000 -> 24391 | R144: mm
T150: FOAM CHAMBER
T151: A | U151: = | V151: =PI()/4*H34^2 -> 467.24977 | Y151: M2
T152: FOAM | U152: = | V152: 4.1 | Y152: LPM/M2
T153: Q | U153: = | V153: =V151*V152 -> 1915.724 | Y153: LPM
V154: =V153*60/1000 -> 114.94344 | Y154: M3/HR
A156: ` | U156: K | X156: Q | Y156: Nf
T157: 4 | U157: 175 | W157: =U157*(3.5)^(0.5) -> 327.39502 | Y157: =ROUNDUP($V$153/W157,0) -> 6
T158: 6 | U158: 350 | W158: =U158*(3.5)^(0.5) -> 654.79004 | Y158: =ROUNDUP($V$153/W158,0) -> 3
T159: 8 | U159: 700 | W159: =U159*(3.5)^(0.5) -> 1309.5801 | Y159: =ROUNDUP($V$153/W159,0) -> 2
T160: 10 | U160: 1400 | W160: =U160*(3.5)^(0.5) -> 2619.1602 | Y160: =ROUNDUP($V$153/W160,0) -> 1

Sheet T02
A2: OVERFILL STORAGE TANK SIZING
A3: FUEL TANK
B5: LOCATION | G5: : | H5: IT SURABAYA | Z5: By | AB5: :
B6: PROJECT TITLE | G6: : | H6: Tangki Timbun BBM T02 | Z6: Check | AB6: : | AI6: =PI()*H34 -> 38.157784 | AJ6: =AI6/6 -> 6.3596307
H7: Solar | Z7: Rev | AB7: :
AJ9: DIMENSION
A11: A. Reference
B12: API 2350 - Overfill Prevention for Storage Tanks in Petroleum Facilities
A14: B. Terms, Definitions, & Acronyms
B15: Critical High (CH) level | H15: : | I15: The highest level in the tank that product can reach without detrimental impacts (i.e. product overflow or tank damage)
B17: High-High tank level alarm (LAHH) | H17: : | I17: An alarm generated when the product level reaches the High-High (HH) tank level
B18: High-High (HH) tank level | H18: : | I18: A level sufficiently below the Critical High (CH) level to enable termination of a receipt or transfer before the Critical High (CH) level is reached
B20: AOPS | H20: : | I20: Automated Overfill Prefention System
B21: CH | H21: : | I21: Critical High
B22: HH | H22: : | I22: High-High tank level
B23: LAHH | H23: : | I23: High-High tank level alarm
B24: FC | H24: : | I24: Foam Chamber
B25: TA | H25: : | I25: Top Angle
A27: A. Purpose
B28: To obtain level of concern storage tank at IT SURABAYA
A30: C. Summary Data
B31: Required Capacity (SAFE) | G31: : | H31: =Sheet1!B21 -> 1053 | K31: kL | R31: Calculation Data
B32: Shell plate height | G32: : | H32: 1.82 | K32: m | R32: Inlet Flow | W32: : | X32: 500 | AA32: m3/hr
C33: Diameter | G33: : | H33: =L33*6/PI() -> 36.287327 | K33: m | L33: 19 | N33: plates (H)
B34: Diameter Taken | G34: : | H34: 12.146 | K34: m | R34: Outlet Flow | W34: : | X34: 300 | AA34: m3/hr
B35: Number of Shell | G35: : | H35: 6 | K35: plates (V) | R35: Response Time | W35: : | X35: 15 | AA35: minutes | AC35: H to HH
B36: Total Tank Height | G36: : | H36: =H32*H35 -> 10.92 | K36: m | R36: Critical High Response | W36: : | X36: 30 | AA36: minutes | AC36: HH to FC
R37: Response Time | W37: : | X37: 15 | AA37: minutes | AC37: L to LL
B39: Critcal High (CH) = Tabel Tangki Tinggi Max Vol. Bersih | L39: : | M39: =U39+U68+U74 -> 12250 | N39: mm | O39: See SAP & Tabel Tangki | U39: =Sheet1!C21 -> 9000 | X39: mm
B40: Low Level (LLLL) = Unpumpable/Dead Stock (Data SAP) | L40: : | M40: =U40/1000 -> 31 | N40: KL | O40: See Data SAP | U40: =Sheet1!M21 -> 31000 | X40: L
M41: =Sheet1!E21 -> 200 | N41: mm | O41: See SAP & Tabel Tangki
AX64: =306+(3*2.54) -> 313.62
B65: Volume per meter of height | J65: : | K65: =PI()*H34^2/4 -> 115.86611 | M65: m3/m | AX65: =PI()*H34^2*0.25*AX64/1000 -> 36.33793
B67: CH to HHLL Volume | J67: : | K67: =X36*X32/60 -> 250 | M67: m3
B68: CH to HHLL Space | J68: : | K68: =K67/K65*1000 -> 2157.6628 | M68: mm | R68: taken | T68: : | U68: 2170 | W68: mm | Z68: HHLL to CH
T69: : | U69: =U68/1000*K65/X32*60 -> 30.171536 | W69: minutes | Z69: HHLL to CH
B70: Top Shell to HHLL Space | J70: : | K70: =U68 -> 2170 | M70: mm
B71: HHLL Height from Bottom | J71: : | K71: =M39-K70 -> 10080 | M71: mm
B73: HHLL to HLL Volume | J73: : | K73: =X32*X35/60 -> 125 | M73: m3
B74: HHLL to HLL Space | J74: : | K74: =K73/K65*1000 -> 1078.8314 | M74: mm | R74: taken | T74: : | U74: 1080 | W74: mm | Z74: HLL to HHLL
U75: =U74/1000*K65/X32*60 -> 15.016248 | W75: minutes | Z75: HLL to HHLL
B76: Top Shell to HLL Space | J76: : | K76: =U68+U74 -> 3250 | M76: mm
B77: HLL Height from Bottom | J77: : | K77: =M39-K76 -> 9000 | M77: mm
B79: Inlet Nozzle Recommendation | J79: : | K79: 16 | M79: inches | T79: : | U79: =K79*25.4 -> 406.4 | W79: mm
B80: Internal Diameter | J80: : | K80: 16 | M80: inches | P80: Inlet velocity | T80: : | U80: =X32/3600/(PI()*(K80/39.36996)^2/4) -> 1.0706995 | W80: m/s
B82: Outlet Nozzle Recommendation | J82: : | K82: 12 | M82: inches | T82: : | U82: =K82*25.4 -> 304.8 | W82: mm
B83: Internal Diameter | J83: : | K83: 12 | M83: inches | P83: Outlet velocity | T83: : | U83: =X34/3600/(PI()*(K83/39.36996)^2/4) -> 1.1420795 | W83: m/s
B85: Bottom to Center Nozzle | I85: Reg | J85: : | K85: 306 | M85: mm | O85: see Tabel 5.6a API 650 column 8
I86: Low | J86: : | K86: 200 | M86: mm | O86: see Tabel 5.6a API 650 column 9c
B87: Additional Space Nozzle to LLLL | J87: : | K87: 0 | M87: mm
B88: Minimum LLLL height Form Bottom | J88: : | K88: =M41 -> 200 | M88: mm
B90: LLLL to LLL Volume | J90: : | K90: =X34*X37/60 -> 75 | M90: m3
B91: LLLL to LLL Space | J91: : | K91: =K90/K65*1000 -> 647.29884 | M91: mm | R91: taken | T91: : | U91: 650 | W91: mm | Z91: LLLL to LLL
B92: HLL Height from Bottom | J92: : | K92: =K88+U91 -> 850 | M92: mm | U92: =U91/1000*K65/X34*60 -> 15.062595 | W92: minutes | Z92: LLLL to LLL
A99: D. Result
B101: Max Tank Volume | H101: : | J101: =PI()*$H$34^2/4*M39/1000 -> 1419.3599 | L101: kL | N101: (total volume, bottom - top)
B102: Maximum Capacity | H102: : | J102: =PI()*$H$34^2/4*L106/1000 -> 1167.9304 | L102: kL | N102: (maximum tank capacity, bottom to HHLL)
B103: Net Working Capacity | H103: : | J103: =PI()*$H$34^2/4*(L107-L108)/1000 -> 944.30881 | L103: kL | N103: (maximum operating capacity, LLL to HLL)
B104: Safe Capacity | H104: : | J104: =PI()*$H$34^2/4*(L107-L109)/1000 -> 1019.6218 | L104: kL | N104: (maximum operating capacity, LLL to HLL)
B105: Dead Volume | H105: : | J105: =PI()*$H$34^2/4*L109/1000 -> 23.173222 | L105: kL | N105: (dead stock capacity, bottom to LLLL)
E106: HHLL | J106: : | L106: =K71 -> 10080 | N106: mm
E107: HLL | J107: : | L107: =K77 -> 9000 | N107: mm | S107: `
E108: LLL | J108: : | L108: =K92 -> 850 | N108: mm
E109: LLLL | J109: : | L109: =K88 -> 200 | N109: mm
F116: Critical H | Z116: =M39 -> 12250 | AB116: mm
D117: =U69 -> 30.171536 | E117: min
F118: HHLL | Z118: =L106 -> 10080 | AB118: mm
D119: =U75 -> 15.016248 | E119: min
F120: HLL | Z120: =L107 -> 9000 | AB120: mm
D125: Height : | K125: Safe Capacity | R125: Net Working Capacity
C126: =H36*1000 -> 10920 | E126: mm | K126: =J104 -> 1019.6218 | L126: KL | R126: =J103 -> 944.30881 | S126: KL
F136: LLL | Z136: =L108 -> 850 | AB136: mm
D137: =U92 -> 15.062595 | E137: min
F138: LLLL | Z138: =L109 -> 200 | AB138: mm
O144: Diameter : | P144: =H34*1000 -> 12146 | R144: mm
T150: FOAM CHAMBER
T151: A | U151: = | V151: =PI()/4*H34^2 -> 115.86611 | Y151: M2
T152: FOAM | U152: = | V152: 4.1 | Y152: LPM/M2
T153: Q | U153: = | V153: =V151*V152 -> 475.05106 | Y153: LPM
V154: =V153*60/1000 -> 28.503064 | Y154: M3/HR
A156: ` | U156: K | X156: Q | Y156: Nf
T157: 4 | U157: 175 | W157: =U157*(3.5)^(0.5) -> 327.39502 | Y157: =ROUNDUP($V$153/W157,0) -> 2
T158: 6 | U158: 350 | W158: =U158*(3.5)^(0.5) -> 654.79004 | Y158: =ROUNDUP($V$153/W158,0) -> 1
T159: 8 | U159: 700 | W159: =U159*(3.5)^(0.5) -> 1309.5801 | Y159: =ROUNDUP($V$153/W159,0) -> 1
T160: 10 | U160: 1400 | W160: =U160*(3.5)^(0.5) -> 2619.1602 | Y160: =ROUNDUP($V$153/W160,0) -> 1

Sheet T03
A2: OVERFILL STORAGE TANK SIZING
A3: FUEL TANK
B5: LOCATION | G5: : | H5: IT SURAAYA | Z5: By | AB5: :
B6: PROJECT TITLE | G6: : | H6: Tangki Timbun BBM T03 | Z6: Check | AB6: : | AI6: =PI()*H34 -> 38.157784 | AJ6: =AI6/6 -> 6.3596307
H7: Solar | Z7: Rev | AB7: :
AJ9: DIMENSION
A11: A. Reference
B12: API 2350 - Overfill Prevention for Storage Tanks in Petroleum Facilities
A14: B. Terms, Definitions, & Acronyms
B15: Critical High (CH) level | H15: : | I15: The highest level in the tank that product can reach without detrimental impacts (i.e. product overflow or tank damage)
B17: High-High tank level alarm (LAHH) | H17: : | I17: An alarm generated when the product level reaches the High-High (HH) tank level
B18: High-High (HH) tank level | H18: : | I18: A level sufficiently below the Critical High (CH) level to enable termination of a receipt or transfer before the Critical High (CH) level is reached
B20: AOPS | H20: : | I20: Automated Overfill Prefention System
B21: CH | H21: : | I21: Critical High
B22: HH | H22: : | I22: High-High tank level
B23: LAHH | H23: : | I23: High-High tank level alarm
B24: FC | H24: : | I24: Foam Chamber
B25: TA | H25: : | I25: Top Angle
A27: A. Purpose
B28: To obtain level of concern storage tank at IT SURABAYA
A30: C. Summary Data
B31: Required Capacity (SAFE) | G31: : | H31: =Sheet1!B22 -> 1756 | K31: kL | R31: Calculation Data
B32: Shell plate height | G32: : | H32: 1.82 | K32: m | R32: Inlet Flow | W32: : | X32: 500 | AA32: m3/hr
C33: Diameter | G33: : | H33: =L33*6/PI() -> 36.287327 | K33: m | L33: 19 | N33: plates (H)
B34: Diameter Taken | G34: : | H34: 12.146 | K34: m | R34: Outlet Flow | W34: : | X34: 250 | AA34: m3/hr
B35: Number of Shell | G35: : | H35: 6 | K35: plates (V) | R35: Response Time | W35: : | X35: 15 | AA35: minutes | AC35: H to HH
B36: Total Tank Height | G36: : | H36: =H32*H35 -> 10.92 | K36: m | R36: Critical High Response | W36: : | X36: 30 | AA36: minutes | AC36: HH to FC
R37: Response Time | W37: : | X37: 15 | AA37: minutes | AC37: L to LL
B39: Critcal High (CH) = Tabel Tangki Tinggi Max Vol. Bersih | L39: : | M39: =U39+U68+U74 -> 13176 | N39: mm | O39: See SAP & Tabel Tangki | U39: =Sheet1!C22 -> 9936 | X39: mm
B40: Low Level (LLLL) = Unpumpable/Dead Stock (Data SAP) | L40: : | M40: =U40/1000 -> 112 | N40: KL | O40: See Data SAP | U40: =Sheet1!M22 -> 112000 | X40: L
M41: =Sheet1!E22 -> 620 | N41: mm | O41: See SAP & Tabel Tangki
AX64: =306+(3*2.54) -> 313.62
B65: Volume per meter of height | J65: : | K65: =PI()*H34^2/4 -> 115.86611 | M65: m3/m | AX65: =PI()*H34^2*0.25*AX64/1000 -> 36.33793
B67: CH to HHLL Volume | J67: : | K67: =X36*X32/60 -> 250 | M67: m3
B68: CH to HHLL Space | J68: : | K68: =K67/K65*1000 -> 2157.6628 | M68: mm | R68: taken | T68: : | U68: 2160 | W68: mm | Z68: HHLL to CH
T69: : | U69: =U68/1000*K65/X32*60 -> 30.032496 | W69: minutes | Z69: HHLL to CH
B70: Top Shell to HHLL Space | J70: : | K70: =U68 -> 2160 | M70: mm
B71: HHLL Height from Bottom | J71: : | K71: =M39-K70 -> 11016 | M71: mm
B73: HHLL to HLL Volume | J73: : | K73: =X32*X35/60 -> 125 | M73: m3
B74: HHLL to HLL Space | J74: : | K74: =K73/K65*1000 -> 1078.8314 | M74: mm | R74: taken | T74: : | U74: 1080 | W74: mm | Z74: HLL to HHLL
U75: =U74/1000*K65/X32*60 -> 15.016248 | W75: minutes | Z75: HLL to HHLL
B76: Top Shell to HLL Space | J76: : | K76: =U68+U74 -> 3240 | M76: mm
B77: HLL Height from Bottom | J77: : | K77: =M39-K76 -> 9936 | M77: mm
B79: Inlet Nozzle Recommendation | J79: : | K79: 16 | M79: inches | T79: : | U79: =K79*25.4 -> 406.4 | W79: mm
B80: Internal Diameter | J80: : | K80: 16 | M80: inches | P80: Inlet velocity | T80: : | U80: =X32/3600/(PI()*(K80/39.36996)^2/4) -> 1.0706995 | W80: m/s
B82: Outlet Nozzle Recommendation | J82: : | K82: 12 | M82: inches | T82: : | U82: =K82*25.4 -> 304.8 | W82: mm
B83: Internal Diameter | J83: : | K83: 12 | M83: inches | P83: Outlet velocity | T83: : | U83: =X34/3600/(PI()*(K83/39.36996)^2/4) -> 0.9517329 | W83: m/s
B85: Bottom to Center Nozzle | I85: Reg | J85: : | K85: 306 | M85: mm | O85: see Tabel 5.6a API 650 column 8
I86: Low | J86: : | K86: 200 | M86: mm | O86: see Tabel 5.6a API 650 column 9c
B87: Additional Space Nozzle to LLLL | J87: : | K87: 0 | M87: mm
B88: Minimum LLLL height Form Bottom | J88: : | K88: =M41 -> 620 | M88: mm
B90: LLLL to LLL Volume | J90: : | K90: =X34*X37/60 -> 62.5 | M90: m3
B91: LLLL to LLL Space | J91: : | K91: =K90/K65*1000 -> 539.4157 | M91: mm | R91: taken | T91: : | U91: 540 | W91: mm | Z91: LLLL to LLL
B92: HLL Height from Bottom | J92: : | K92: =K88+U91 -> 1160 | M92: mm | U92: =U91/1000*K65/X34*60 -> 15.016248 | W92: minutes | Z92: LLLL to LLL
A99: D. Result
B101: Max Tank Volume | H101: : | J101: =PI()*$H$34^2/4*M39/1000 -> 1526.6519 | L101: kL | N101: (total volume, bottom - top)
B102: Maximum Capacity | H102: : | J102: =PI()*$H$34^2/4*L106/1000 -> 1276.3811 | L102: kL | N102: (maximum tank capacity, bottom to HHLL)
B103: Net Working Capacity | H103: : | J103: =PI()*$H$34^2/4*(L107-L108)/1000 -> 1016.841 | L103: kL | N103: (maximum operating capacity, LLL to HLL)
B104: Safe Capacity | H104: : | J104: =PI()*$H$34^2/4*(L107-L109)/1000 -> 1079.4087 | L104: kL | N104: (maximum operating capacity, LLL to HLL)
B105: Dead Volume | H105: : | J105: =PI()*$H$34^2/4*L109/1000 -> 71.83699 | L105: kL | N105: (dead stock capacity, bottom to LLLL)
E106: HHLL | J106: : | L106: =K71 -> 11016 | N106: mm
E107: HLL | J107: : | L107: =K77 -> 9936 | N107: mm | S107: `
E108: LLL | J108: : | L108: =K92 -> 1160 | N108: mm
E109: LLLL | J109: : | L109: =K88 -> 620 | N109: mm
F116: Critical H | Z116: =M39 -> 13176 | AB116: mm
D117: =U69 -> 30.032496 | E117: min
F118: HHLL | Z118: =L106 -> 11016 | AB118: mm
D119: =U75 -> 15.016248 | E119: min
F120: HLL | Z120: =L107 -> 9936 | AB120: mm
D125: Height : | K125: Safe Capacity | R125: Net Working Capacity
C126: =H36*1000 -> 10920 | E126: mm | K126: =J104 -> 1079.4087 | L126: KL | R126: =J103 -> 1016.841 | S126: KL
F136: LLL | Z136: =L108 -> 1160 | AB136: mm
D137: =U92 -> 15.016248 | E137: min
F138: LLLL | Z138: =L109 -> 620 | AB138: mm
O144: Diameter : | P144: =H34*1000 -> 12146 | R144: mm
T150: FOAM CHAMBER
T151: A | U151: = | V151: =PI()/4*H34^2 -> 115.86611 | Y151: M2
T152: FOAM | U152: = | V152: 4.1 | Y152: LPM/M2
T153: Q | U153: = | V153: =V151*V152 -> 475.05106 | Y153: LPM
V154: =V153*60/1000 -> 28.503064 | Y154: M3/HR
A156: ` | U156: K | X156: Q | Y156: Nf
T157: 4 | U157: 175 | W157: =U157*(3.5)^(0.5) -> 327.39502 | Y157: =ROUNDUP($V$153/W157,0) -> 2
T158: 6 | U158: 350 | W158: =U158*(3.5)^(0.5) -> 654.79004 | Y158: =ROUNDUP($V$153/W158,0) -> 1
T159: 8 | U159: 700 | W159: =U159*(3.5)^(0.5) -> 1309.5801 | Y159: =ROUNDUP($V$153/W159,0) -> 1
T160: 10 | U160: 1400 | W160: =U160*(3.5)^(0.5) -> 2619.1602 | Y160: =ROUNDUP($V$153/W160,0) -> 1

Sheet T04
A2: OVERFILL STORAGE TANK SIZING
A3: FUEL TANK
B5: LOCATION | G5: : | H5: IT SURABAYA | Z5: By | AB5: :
B6: PROJECT TITLE | G6: : | H6: Tangki Timbun BBM T04 | Z6: Check | AB6: : | AI6: =PI()*H34 -> 38.157784 | AJ6: =AI6/6 -> 6.3596307
H7: AVTUR | Z7: Rev | AB7: :
AJ9: DIMENSION
A11: A. Reference
B12: API 2350 - Overfill Prevention for Storage Tanks in Petroleum Facilities
A14: B. Terms, Definitions, & Acronyms
B15: Critical High (CH) level | H15: : | I15: The highest level in the tank that product can reach without detrimental impacts (i.e. product overflow or tank damage)
B17: High-High tank level alarm (LAHH) | H17: : | I17: An alarm generated when the product level reaches the High-High (HH) tank level
B18: High-High (HH) tank level | H18: : | I18: A level sufficiently below the Critical High (CH) level to enable termination of a receipt or transfer before the Critical High (CH) level is reached
B20: AOPS | H20: : | I20: Automated Overfill Prefention System
B21: CH | H21: : | I21: Critical High
B22: HH | H22: : | I22: High-High tank level
B23: LAHH | H23: : | I23: High-High tank level alarm
B24: FC | H24: : | I24: Foam Chamber
B25: TA | H25: : | I25: Top Angle
A27: A. Purpose
B28: To obtain level of concern storage tank at IT SURABAYA
A30: C. Summary Data
B31: Required Capacity (SAFE) | G31: : | H31: =Sheet1!B23 -> 1048 | K31: kL | R31: Calculation Data
B32: Shell plate height | G32: : | H32: 1.82 | K32: m | R32: Inlet Flow | W32: : | X32: 500 | AA32: m3/hr
C33: Diameter | G33: : | H33: =L33*6/PI() -> 36.287327 | K33: m | L33: 19 | N33: plates (H)
B34: Diameter Taken | G34: : | H34: 12.146 | K34: m | R34: Outlet Flow | W34: : | X34: 250 | AA34: m3/hr
B35: Number of Shell | G35: : | H35: 6 | K35: plates (V) | R35: Response Time | W35: : | X35: 15 | AA35: minutes | AC35: H to HH
B36: Total Tank Height | G36: : | H36: =H32*H35 -> 10.92 | K36: m | R36: Critical High Response | W36: : | X36: 30 | AA36: minutes | AC36: HH to FC
R37: Response Time | W37: : | X37: 15 | AA37: minutes | AC37: L to LL
B39: Critcal High (CH) = Tabel Tangki Tinggi Max Vol. Bersih | L39: : | M39: =U39+U68+U74 -> 12170 | N39: mm | O39: See SAP & Tabel Tangki | U39: =Sheet1!C23 -> 8930 | X39: mm
B40: Low Level (LLLL) = Unpumpable/Dead Stock (Data SAP) | L40: : | M40: =U40/1000 -> 77 | N40: KL | O40: See Data SAP | U40: =Sheet1!M23 -> 77000 | X40: L
M41: =Sheet1!E23 -> 600 | N41: mm | O41: See SAP & Tabel Tangki
AX64: =306+(3*2.54) -> 313.62
B65: Volume per meter of height | J65: : | K65: =PI()*H34^2/4 -> 115.86611 | M65: m3/m | AX65: =PI()*H34^2*0.25*AX64/1000 -> 36.33793
B67: CH to HHLL Volume | J67: : | K67: =X36*X32/60 -> 250 | M67: m3
B68: CH to HHLL Space | J68: : | K68: =K67/K65*1000 -> 2157.6628 | M68: mm | R68: taken | T68: : | U68: 2160 | W68: mm | Z68: HHLL to CH
T69: : | U69: =U68/1000*K65/X32*60 -> 30.032496 | W69: minutes | Z69: HHLL to CH
B70: Top Shell to HHLL Space | J70: : | K70: =U68 -> 2160 | M70: mm
B71: HHLL Height from Bottom | J71: : | K71: =M39-K70 -> 10010 | M71: mm
B73: HHLL to HLL Volume | J73: : | K73: =X32*X35/60 -> 125 | M73: m3
B74: HHLL to HLL Space | J74: : | K74: =K73/K65*1000 -> 1078.8314 | M74: mm | R74: taken | T74: : | U74: 1080 | W74: mm | Z74: HLL to HHLL
U75: =U74/1000*K65/X32*60 -> 15.016248 | W75: minutes | Z75: HLL to HHLL
B76: Top Shell to HLL Space | J76: : | K76: =U68+U74 -> 3240 | M76: mm
B77: HLL Height from Bottom | J77: : | K77: =M39-K76 -> 8930 | M77: mm
B79: Inlet Nozzle Recommendation | J79: : | K79: 16 | M79: inches | T79: : | U79: =K79*25.4 -> 406.4 | W79: mm
B80: Internal Diameter | J80: : | K80: 16 | M80: inches | P80: Inlet velocity | T80: : | U80: =X32/3600/(PI()*(K80/39.36996)^2/4) -> 1.0706995 | W80: m/s
B82: Outlet Nozzle Recommendation | J82: : | K82: 12 | M82: inches | T82: : | U82: =K82*25.4 -> 304.8 | W82: mm
B83: Internal Diameter | J83: : | K83: 12 | M83: inches | P83: Outlet velocity | T83: : | U83: =X34/3600/(PI()*(K83/39.36996)^2/4) -> 0.9517329 | W83: m/s
B85: Bottom to Center Nozzle | I85: Reg | J85: : | K85: 306 | M85: mm | O85: see Tabel 5.6a API 650 column 8
I86: Low | J86: : | K86: 200 | M86: mm | O86: see Tabel 5.6a API 650 column 9c
B87: Additional Space Nozzle to LLLL | J87: : | K87: 0 | M87: mm
B88: Minimum LLLL height Form Bottom | J88: : | K88: =M41 -> 600 | M88: mm
B90: LLLL to LLL Volume | J90: : | K90: =X34*X37/60 -> 62.5 | M90: m3
B91: LLLL to LLL Space | J91: : | K91: =K90/K65*1000 -> 539.4157 | M91: mm | R91: taken | T91: : | U91: 540 | W91: mm | Z91: LLLL to LLL
B92: HLL Height from Bottom | J92: : | K92: =K88+U91 -> 1140 | M92: mm | U92: =U91/1000*K65/X34*60 -> 15.016248 | W92: minutes | Z92: LLLL to LLL
A99: D. Result
B101: Max Tank Volume | H101: : | J101: =PI()*$H$34^2/4*M39/1000 -> 1410.0906 | L101: kL | N101: (total volume, bottom - top)
B102: Maximum Capacity | H102: : | J102: =PI()*$H$34^2/4*L106/1000 -> 1159.8198 | L102: kL | N102: (maximum tank capacity, bottom to HHLL)
B103: Net Working Capacity | H103: : | J103: =PI()*$H$34^2/4*(L107-L108)/1000 -> 902.59701 | L103: kL | N103: (maximum operating capacity, LLL to HLL)
B104: Safe Capacity | H104: : | J104: =PI()*$H$34^2/4*(L107-L109)/1000 -> 965.16471 | L104: kL | N104: (maximum operating capacity, LLL to HLL)
B105: Dead Volume | H105: : | J105: =PI()*$H$34^2/4*L109/1000 -> 69.519667 | L105: kL | N105: (dead stock capacity, bottom to LLLL)
E106: HHLL | J106: : | L106: =K71 -> 10010 | N106: mm
E107: HLL | J107: : | L107: =K77 -> 8930 | N107: mm | S107: `
E108: LLL | J108: : | L108: =K92 -> 1140 | N108: mm
E109: LLLL | J109: : | L109: =K88 -> 600 | N109: mm
F116: Critical H | Z116: =M39 -> 12170 | AB116: mm
D117: =U69 -> 30.032496 | E117: min
F118: HHLL | Z118: =L106 -> 10010 | AB118: mm
D119: =U75 -> 15.016248 | E119: min
F120: HLL | Z120: =L107 -> 8930 | AB120: mm
D125: Height : | K125: Safe Capacity | R125: Net Working Capacity
C126: =H36*1000 -> 10920 | E126: mm | K126: =J104 -> 965.16471 | L126: KL | R126: =J103 -> 902.59701 | S126: KL
F136: LLL | Z136: =L108 -> 1140 | AB136: mm
D137: =U92 -> 15.016248 | E137: min
F138: LLLL | Z138: =L109 -> 600 | AB138: mm
O144: Diameter : | P144: =H34*1000 -> 12146 | R144: mm
T150: FOAM CHAMBER
T151: A | U151: = | V151: =PI()/4*H34^2 -> 115.86611 | Y151: M2
T152: FOAM | U152: = | V152: 4.1 | Y152: LPM/M2
T153: Q | U153: = | V153: =V151*V152 -> 475.05106 | Y153: LPM
V154: =V153*60/1000 -> 28.503064 | Y154: M3/HR
A156: ` | U156: K | X156: Q | Y156: Nf
T157: 4 | U157: 175 | W157: =U157*(3.5)^(0.5) -> 327.39502 | Y157: =ROUNDUP($V$153/W157,0) -> 2
T158: 6 | U158: 350 | W158: =U158*(3.5)^(0.5) -> 654.79004 | Y158: =ROUNDUP($V$153/W158,0) -> 1
T159: 8 | U159: 700 | W159: =U159*(3.5)^(0.5) -> 1309.5801 | Y159: =ROUNDUP($V$153/W159,0) -> 1
T160: 10 | U160: 1400 | W160: =U160*(3.5)^(0.5) -> 2619.1602 | Y160: =ROUNDUP($V$153/W160,0) -> 1

Sheet T06
A2: OVERFILL STORAGE TANK SIZING
A3: FUEL TANK
B5: LOCATION | G5: : | H5: IT SURABAYA | Z5: By | AB5: :
B6: PROJECT TITLE | G6: : | H6: Tangki Timbun BBM T05 | Z6: Check | AB6: : | AI6: =PI()*H34 -> 75.376233 | AJ6: =AI6/6 -> 12.562705
H7: BIOSOLAR | Z7: Rev | AB7: :
AJ9: DIMENSION
A11: A. Reference
B12: API 2350 - Overfill Prevention for Storage Tanks in Petroleum Facilities
A14: B. Terms, Definitions, & Acronyms
B15: Critical High (CH) level | H15: : | I15: The highest level in the tank that product can reach without detrimental impacts (i.e. product overflow or tank damage)
B17: High-High tank level alarm (LAHH) | H17: : | I17: An alarm generated when the product level reaches the High-High (HH) tank level
B18: High-High (HH) tank level | H18: : | I18: A level sufficiently below the Critical High (CH) level to enable termination of a receipt or transfer before the Critical High (CH) level is reached
B20: AOPS | H20: : | I20: Automated Overfill Prefention System
B21: CH | H21: : | I21: Critical High
B22: HH | H22: : | I22: High-High tank level
B23: LAHH | H23: : | I23: High-High tank level alarm
B24: FC | H24: : | I24: Foam Chamber
B25: TA | H25: : | I25: Top Angle
A27: A. Purpose
B28: To obtain level of concern storage tank at IT SURABAYA
A30: C. Summary Data
B31: Required Capacity (SAFE) | G31: : | H31: =Sheet1!B24 -> 3476 | K31: kL | R31: Calculation Data
B32: Shell plate height | G32: : | H32: 1.82 | K32: m | R32: Inlet Flow | W32: : | X32: 500 | AA32: m3/hr
C33: Diameter | G33: : | H33: =L33*6/PI() -> 36.287327 | K33: m | L33: 19 | N33: plates (H)
B34: Diameter Taken | G34: : | H34: 23.993 | K34: m | R34: Outlet Flow | W34: : | X34: 250 | AA34: m3/hr
B35: Number of Shell | G35: : | H35: 6 | K35: plates (V) | R35: Response Time | W35: : | X35: 15 | AA35: minutes | AC35: H to HH
B36: Total Tank Height | G36: : | H36: =H32*H35 -> 10.92 | K36: m | R36: Critical High Response | W36: : | X36: 30 | AA36: minutes | AC36: HH to FC
R37: Response Time | W37: : | X37: 15 | AA37: minutes | AC37: L to LL
B39: Critcal High (CH) = Tabel Tangki Tinggi Max Vol. Bersih | L39: : | M39: =U39+U68+U74 -> 8332 | N39: mm | O39: See SAP & Tabel Tangki | U39: =Sheet1!C24 -> 7500 | X39: mm
B40: Low Level (LLLL) = Unpumpable/Dead Stock (Data SAP) | L40: : | M40: =U40/1000 -> 381 | N40: KL | O40: See Data SAP | U40: =Sheet1!M24 -> 381000 | X40: L
M41: =Sheet1!E24 -> 652 | N41: mm | O41: See SAP & Tabel Tangki
AX64: =306+(3*2.54) -> 313.62
B65: Volume per meter of height | J65: : | K65: =PI()*H34^2/4 -> 452.12549 | M65: m3/m | AX65: =PI()*H34^2*0.25*AX64/1000 -> 141.7956
B67: CH to HHLL Volume | J67: : | K67: =X36*X32/60 -> 250 | M67: m3
B68: CH to HHLL Space | J68: : | K68: =K67/K65*1000 -> 552.94383 | M68: mm | R68: taken | T68: : | U68: 555 | W68: mm | Z68: HHLL to CH
T69: : | U69: =U68/1000*K65/X32*60 -> 30.111557 | W69: minutes | Z69: HHLL to CH
B70: Top Shell to HHLL Space | J70: : | K70: =U68 -> 555 | M70: mm
B71: HHLL Height from Bottom | J71: : | K71: =M39-K70 -> 7777 | M71: mm
B73: HHLL to HLL Volume | J73: : | K73: =X32*X35/60 -> 125 | M73: m3
B74: HHLL to HLL Space | J74: : | K74: =K73/K65*1000 -> 276.47192 | M74: mm | R74: taken | T74: : | U74: 277 | W74: mm | Z74: HLL to HHLL
U75: =U74/1000*K65/X32*60 -> 15.028651 | W75: minutes | Z75: HLL to HHLL
B76: Top Shell to HLL Space | J76: : | K76: =U68+U74 -> 832 | M76: mm
B77: HLL Height from Bottom | J77: : | K77: =M39-K76 -> 7500 | M77: mm
B79: Inlet Nozzle Recommendation | J79: : | K79: 16 | M79: inches | T79: : | U79: =K79*25.4 -> 406.4 | W79: mm
B80: Internal Diameter | J80: : | K80: 16 | M80: inches | P80: Inlet velocity | T80: : | U80: =X32/3600/(PI()*(K80/39.36996)^2/4) -> 1.0706995 | W80: m/s
B82: Outlet Nozzle Recommendation | J82: : | K82: 12 | M82: inches | T82: : | U82: =K82*25.4 -> 304.8 | W82: mm
B83: Internal Diameter | J83: : | K83: 12 | M83: inches | P83: Outlet velocity | T83: : | U83: =X34/3600/(PI()*(K83/39.36996)^2/4) -> 0.9517329 | W83: m/s
B85: Bottom to Center Nozzle | I85: Reg | J85: : | K85: 306 | M85: mm | O85: see Tabel 5.6a API 650 column 8
I86: Low | J86: : | K86: 200 | M86: mm | O86: see Tabel 5.6a API 650 column 9c
B87: Additional Space Nozzle to LLLL | J87: : | K87: 0 | M87: mm
B88: Minimum LLLL height Form Bottom | J88: : | K88: =M41 -> 652 | M88: mm
B90: LLLL to LLL Volume | J90: : | K90: =X34*X37/60 -> 62.5 | M90: m3
B91: LLLL to LLL Space | J91: : | K91: =K90/K65*1000 -> 138.23596 | M91: mm | R91: taken | T91: : | U91: 139 | W91: mm | Z91: LLLL to LLL
B92: HLL Height from Bottom | J92: : | K92: =K88+U91 -> 791 | M92: mm | U92: =U91/1000*K65/X34*60 -> 15.082906 | W92: minutes | Z92: LLLL to LLL
A99: D. Result
B101: Max Tank Volume | H101: : | J101: =PI()*$H$34^2/4*M39/1000 -> 3767.1096 | L101: kL | N101: (total volume, bottom - top)
B102: Maximum Capacity | H102: : | J102: =PI()*$H$34^2/4*L106/1000 -> 3516.1799 | L102: kL | N102: (maximum tank capacity, bottom to HHLL)
B103: Net Working Capacity | H103: : | J103: =PI()*$H$34^2/4*(L107-L108)/1000 -> 3033.3099 | L103: kL | N103: (maximum operating capacity, LLL to HLL)
B104: Safe Capacity | H104: : | J104: =PI()*$H$34^2/4*(L107-L109)/1000 -> 3096.1553 | L104: kL | N104: (maximum operating capacity, LLL to HLL)
B105: Dead Volume | H105: : | J105: =PI()*$H$34^2/4*L109/1000 -> 294.78582 | L105: kL | N105: (dead stock capacity, bottom to LLLL)
E106: HHLL | J106: : | L106: =K71 -> 7777 | N106: mm
E107: HLL | J107: : | L107: =K77 -> 7500 | N107: mm | S107: `
E108: LLL | J108: : | L108: =K92 -> 791 | N108: mm
E109: LLLL | J109: : | L109: =K88 -> 652 | N109: mm
F116: Critical H | Z116: =M39 -> 8332 | AB116: mm
D117: =U69 -> 30.111557 | E117: min
F118: HHLL | Z118: =L106 -> 7777 | AB118: mm
D119: =U75 -> 15.028651 | E119: min
F120: HLL | Z120: =L107 -> 7500 | AB120: mm
D125: Height : | K125: Safe Capacity | R125: Net Working Capacity
C126: =H36*1000 -> 10920 | E126: mm | K126: =J104 -> 3096.1553 | L126: KL | R126: =J103 -> 3033.3099 | S126: KL
F136: LLL | Z136: =L108 -> 791 | AB136: mm
D137: =U92 -> 15.082906 | E137: min
F138: LLLL | Z138: =L109 -> 652 | AB138: mm
O144: Diameter : | P144: =H34*1000 -> 23993 | R144: mm
T150: FOAM CHAMBER
T151: A | U151: = | V151: =PI()/4*H34^2 -> 452.12549 | Y151: M2
T152: FOAM | U152: = | V152: 4.1 | Y152: LPM/M2
T153: Q | U153: = | V153: =V151*V152 -> 1853.7145 | Y153: LPM
V154: =V153*60/1000 -> 111.22287 | Y154: M3/HR
A156: ` | U156: K | X156: Q | Y156: Nf
T157: 4 | U157: 175 | W157: =U157*(3.5)^(0.5) -> 327.39502 | Y157: =ROUNDUP($V$153/W157,0) -> 6
T158: 6 | U158: 350 | W158: =U158*(3.5)^(0.5) -> 654.79004 | Y158: =ROUNDUP($V$153/W158,0) -> 3
T159: 8 | U159: 700 | W159: =U159*(3.5)^(0.5) -> 1309.5801 | Y159: =ROUNDUP($V$153/W159,0) -> 2
T160: 10 | U160: 1400 | W160: =U160*(3.5)^(0.5) -> 2619.1602 | Y160: =ROUNDUP($V$153/W160,0) -> 1

Sheet T8
A2: OVERFILL STORAGE TANK SIZING
A3: FUEL TANK
B5: LOCATION | G5: : | H5: IT SURABAYA | Z5: By | AB5: :
B6: PROJECT TITLE | G6: : | H6: Tangki Timbun BBM T8 | Z6: Check | AB6: : | AI6: =PI()*H34 -> 109.68871 | AJ6: =AI6/6 -> 18.281451
H7: Pertalite | Z7: Rev | AB7: :
AJ9: DIMENSION
A11: A. Reference
B12: API 2350 - Overfill Prevention for Storage Tanks in Petroleum Facilities
A14: B. Terms, Definitions, & Acronyms
B15: Critical High (CH) level | H15: : | I15: The highest level in the tank that product can reach without detrimental impacts (i.e. product overflow or tank damage)
B17: High-High tank level alarm (LAHH) | H17: : | I17: An alarm generated when the product level reaches the High-High (HH) tank level
B18: High-High (HH) tank level | H18: : | I18: A level sufficiently below the Critical High (CH) level to enable termination of a receipt or transfer before the Critical High (CH) level is reached
B20: AOPS | H20: : | I20: Automated Overfill Prefention System
B21: CH | H21: : | I21: Critical High
B22: HH | H22: : | I22: High-High tank level
B23: LAHH | H23: : | I23: High-High tank level alarm
B24: FC | H24: : | I24: Foam Chamber
B25: TA | H25: : | I25: Top Angle
A27: A. Purpose
B28: To obtain level of concern storage tank at IT Manggis
A30: C. Summary Data
B31: Required Capacity (SAFE) | G31: : | H31: =Sheet1!B25 -> 9809 | K31: kL | R31: Calculation Data
B32: Shell plate height | G32: : | H32: 1.82 | K32: m | R32: Inlet Flow | W32: : | X32: 500 | AA32: m3/hr
C33: Diameter | G33: : | H33: =L33*6/PI() -> 36.287327 | K33: m | L33: 19 | N33: plates (H)
B34: Diameter Taken | G34: : | H34: 34.915 | K34: m | R34: Outlet Flow | W34: : | X34: 300 | AA34: m3/hr
B35: Number of Shell | G35: : | H35: 6 | K35: plates (V) | R35: Response Time | W35: : | X35: 15 | AA35: minutes | AC35: H to HH
B36: Total Tank Height | G36: : | H36: =H32*H35 -> 10.92 | K36: m | R36: Critical High Response | W36: : | X36: 30 | AA36: minutes | AC36: HH to FC
R37: Response Time | W37: : | X37: 15 | AA37: minutes | AC37: L to LL
B39: Critcal High (CH) = Tabel Tangki Tinggi Max Vol. Bersih | L39: : | M39: =U39+U68+U74 -> 10493 | N39: mm | O39: See SAP & Tabel Tangki | U39: =Sheet1!C25 -> 10100 | X39: mm
B40: Low Level (LLLL) = Unpumpable/Dead Stock (Data SAP) | L40: : | M40: =U40/1000 -> 830 | N40: KL | O40: See Data SAP | U40: =Sheet1!M25 -> 830000 | X40: L
M41: =Sheet1!E25 -> 720 | N41: mm | O41: See SAP & Tabel Tangki
AX64: =306+(3*2.54) -> 313.62
B65: Volume per meter of height | J65: : | K65: =PI()*H34^2/4 -> 957.44531 | M65: m3/m | AX65: =PI()*H34^2*0.25*AX64/1000 -> 300.274
B67: CH to HHLL Volume | J67: : | K67: =X36*X32/60 -> 250 | M67: m3
B68: CH to HHLL Space | J68: : | K68: =K67/K65*1000 -> 261.11152 | M68: mm | R68: taken | T68: : | U68: 262 | W68: mm | Z68: HHLL to CH
T69: : | U69: =U68/1000*K65/X32*60 -> 30.10208 | W69: minutes | Z69: HHLL to CH
B70: Top Shell to HHLL Space | J70: : | K70: =U68 -> 262 | M70: mm
B71: HHLL Height from Bottom | J71: : | K71: =M39-K70 -> 10231 | M71: mm
B73: HHLL to HLL Volume | J73: : | K73: =X32*X35/60 -> 125 | M73: m3
B74: HHLL to HLL Space | J74: : | K74: =K73/K65*1000 -> 130.55576 | M74: mm | R74: taken | T74: : | U74: 131 | W74: mm | Z74: HLL to HHLL
U75: =U74/1000*K65/X32*60 -> 15.05104 | W75: minutes | Z75: HLL to HHLL
B76: Top Shell to HLL Space | J76: : | K76: =U68+U74 -> 393 | M76: mm
B77: HLL Height from Bottom | J77: : | K77: =M39-K76 -> 10100 | M77: mm
B79: Inlet Nozzle Recommendation | J79: : | K79: 16 | M79: inches | T79: : | U79: =K79*25.4 -> 406.4 | W79: mm
B80: Internal Diameter | J80: : | K80: 16 | M80: inches | P80: Inlet velocity | T80: : | U80: =X32/3600/(PI()*(K80/39.36996)^2/4) -> 1.0706995 | W80: m/s
B82: Outlet Nozzle Recommendation | J82: : | K82: 12 | M82: inches | T82: : | U82: =K82*25.4 -> 304.8 | W82: mm
B83: Internal Diameter | J83: : | K83: 12 | M83: inches | P83: Outlet velocity | T83: : | U83: =X34/3600/(PI()*(K83/39.36996)^2/4) -> 1.1420795 | W83: m/s
B85: Bottom to Center Nozzle | I85: Reg | J85: : | K85: 306 | M85: mm | O85: see Tabel 5.6a API 650 column 8
I86: Low | J86: : | K86: 200 | M86: mm | O86: see Tabel 5.6a API 650 column 9c
B87: Additional Space Nozzle to LLLL | J87: : | K87: 0 | M87: mm
B88: Minimum LLLL height Form Bottom | J88: : | K88: =M41 -> 720 | M88: mm
B90: LLLL to LLL Volume | J90: : | K90: =X34*X37/60 -> 75 | M90: m3
B91: LLLL to LLL Space | J91: : | K91: =K90/K65*1000 -> 78.333456 | M91: mm | R91: taken | T91: : | U91: 79 | W91: mm | Z91: LLLL to LLL
B92: HLL Height from Bottom | J92: : | K92: =K88+U91 -> 799 | M92: mm | U92: =U91/1000*K65/X34*60 -> 15.127636 | W92: minutes | Z92: LLLL to LLL
A99: D. Result
B101: Max Tank Volume | H101: : | J101: =PI()*$H$34^2/4*M39/1000 -> 10046.474 | L101: kL | N101: (total volume, bottom - top)
B102: Maximum Capacity | H102: : | J102: =PI()*$H$34^2/4*L106/1000 -> 9795.6229 | L102: kL | N102: (maximum tank capacity, bottom to HHLL)
B103: Net Working Capacity | H103: : | J103: =PI()*$H$34^2/4*(L107-L108)/1000 -> 8905.1988 | L103: kL | N103: (maximum operating capacity, LLL to HLL)
B104: Safe Capacity | H104: : | J104: =PI()*$H$34^2/4*(L107-L109)/1000 -> 8980.837 | L104: kL | N104: (maximum operating capacity, LLL to HLL)
B105: Dead Volume | H105: : | J105: =PI()*$H$34^2/4*L109/1000 -> 689.36062 | L105: kL | N105: (dead stock capacity, bottom to LLLL)
E106: HHLL | J106: : | L106: =K71 -> 10231 | N106: mm
E107: HLL | J107: : | L107: =K77 -> 10100 | N107: mm | S107: `
E108: LLL | J108: : | L108: =K92 -> 799 | N108: mm
E109: LLLL | J109: : | L109: =K88 -> 720 | N109: mm
F116: Critical H | Z116: =M39 -> 10493 | AB116: mm
D117: =U69 -> 30.10208 | E117: min
F118: HHLL | Z118: =L106 -> 10231 | AB118: mm
D119: =U75 -> 15.05104 | E119: min
F120: HLL | Z120: =L107 -> 10100 | AB120: mm
D125: Height : | K125: Safe Capacity | R125: Net Working Capacity
C126: =H36*1000 -> 10920 | E126: mm | K126: =J104 -> 8980.837 | L126: KL | R126: =J103 -> 8905.1988 | S126: KL
F136: LLL | Z136: =L108 -> 799 | AB136: mm
D137: =U92 -> 15.127636 | E137: min
F138: LLLL | Z138: =L109 -> 720 | AB138: mm
O144: Diameter : | P144: =H34*1000 -> 34915 | R144: mm
T150: FOAM CHAMBER
T151: A | U151: = | V151: =PI()/4*H34^2 -> 957.44531 | Y151: M2
T152: FOAM | U152: = | V152: 4.1 | Y152: LPM/M2
T153: Q | U153: = | V153: =V151*V152 -> 3925.5258 | Y153: LPM
V154: =V153*60/1000 -> 235.53155 | Y154: M3/HR
A156: ` | U156: K | X156: Q | Y156: Nf
T157: 4 | U157: 175 | W157: =U157*(3.5)^(0.5) -> 327.39502 | Y157: =ROUNDUP($V$153/W157,0) -> 12
T158: 6 | U158: 350 | W158: =U158*(3.5)^(0.5) -> 654.79004 | Y158: =ROUNDUP($V$153/W158,0) -> 6
T159: 8 | U159: 700 | W159: =U159*(3.5)^(0.5) -> 1309.5801 | Y159: =ROUNDUP($V$153/W159,0) -> 3
T160: 10 | U160: 1400 | W160: =U160*(3.5)^(0.5) -> 2619.1602 | Y160: =ROUNDUP($V$153/W160,0) -> 2

Sheet T9
A2: OVERFILL STORAGE TANK SIZING
A3: FUEL TANK
B5: LOCATION | G5: : | H5: IT SURABAYA | Z5: By | AB5: :
B6: PROJECT TITLE | G6: : | H6: Tangki Timbun BBM T9 | Z6: Check | AB6: : | AI6: =PI()*H34 -> 79.212117 | AJ6: =AI6/6 -> 13.20202
H7: PERTALITE | Z7: Rev | AB7: :
AJ9: DIMENSION
A11: A. Reference
B12: API 2350 - Overfill Prevention for Storage Tanks in Petroleum Facilities
A14: B. Terms, Definitions, & Acronyms
B15: Critical High (CH) level | H15: : | I15: The highest level in the tank that product can reach without detrimental impacts (i.e. product overflow or tank damage)
B17: High-High tank level alarm (LAHH) | H17: : | I17: An alarm generated when the product level reaches the High-High (HH) tank level
B18: High-High (HH) tank level | H18: : | I18: A level sufficiently below the Critical High (CH) level to enable termination of a receipt or transfer before the Critical High (CH) level is reached
B20: AOPS | H20: : | I20: Automated Overfill Prefention System
B21: CH | H21: : | I21: Critical High
B22: HH | H22: : | I22: High-High tank level
B23: LAHH | H23: : | I23: High-High tank level alarm
B24: FC | H24: : | I24: Foam Chamber
B25: TA | H25: : | I25: Top Angle
A27: A. Purpose
B28: To obtain level of concern storage tank at IT SURABAYA
A30: C. Summary Data
B31: Required Capacity (SAFE) | G31: : | H31: =Sheet1!B26 -> 5216 | K31: kL | R31: Calculation Data
B32: Shell plate height | G32: : | H32: 1.82 | K32: m | R32: Inlet Flow | W32: : | X32: 500 | AA32: m3/hr
C33: Diameter | G33: : | H33: =L33*6/PI() -> 34.377468 | K33: m | L33: 18 | N33: plates (H)
B34: Diameter Taken | G34: : | H34: 25.214 | K34: m | R34: Outlet Flow | W34: : | X34: 300 | AA34: m3/hr
B35: Number of Shell | G35: : | H35: 6 | K35: plates (V) | R35: Response Time | W35: : | X35: 15 | AA35: minutes | AC35: H to HH
B36: Total Tank Height | G36: : | H36: =H32*H35 -> 10.92 | K36: m | R36: Critical High Response | W36: : | X36: 30 | AA36: minutes | AC36: HH to FC
R37: Response Time | W37: : | X37: 15 | AA37: minutes | AC37: L to LL
B39: Critcal High (CH) = Tabel Tangki Tinggi Max Vol. Bersih | L39: : | M39: =U39+U68+U74 -> 11152 | N39: mm | O39: See SAP & Tabel Tangki | U39: =Sheet1!C26 -> 10400 | X39: mm
B40: Low Level (LLLL) = Unpumpable/Dead Stock (Data SAP) | L40: : | M40: =U40/1000 -> 276 | N40: KL | O40: See Data SAP | U40: =Sheet1!M26 -> 276000 | X40: L
M41: =Sheet1!E26 -> 500 | N41: mm | O41: See SAP & Tabel Tangki
AX64: =306+(3*2.54) -> 313.62
B65: Volume per meter of height | J65: : | K65: =PI()*H34^2/4 -> 499.31358 | M65: m3/m | AX65: =PI()*H34^2*0.25*AX64/1000 -> 156.59473
B67: CH to HHLL Volume | J67: : | K67: =X36*X32/60 -> 250 | M67: m3
B68: CH to HHLL Space | J68: : | K68: =K67/K65*1000 -> 500.68736 | M68: mm | R68: taken | T68: : | U68: 501 | W68: mm | Z68: HHLL to CH
T69: : | U69: =U68/1000*K65/X32*60 -> 30.018732 | W69: minutes | Z69: HHLL to CH
B70: Top Shell to HHLL Space | J70: : | K70: =U68 -> 501 | M70: mm
B71: HHLL Height from Bottom | J71: : | K71: =M39-K70 -> 10651 | M71: mm
B73: HHLL to HLL Volume | J73: : | K73: =X32*X35/60 -> 125 | M73: m3
B74: HHLL to HLL Space | J74: : | K74: =K73/K65*1000 -> 250.34368 | M74: mm | R74: taken | T74: : | U74: 251 | W74: mm | Z74: HLL to HHLL
U75: =U74/1000*K65/X32*60 -> 15.039325 | W75: minutes | Z75: HLL to HHLL
B76: Top Shell to HLL Space | J76: : | K76: =U68+U74 -> 752 | M76: mm
B77: HLL Height from Bottom | J77: : | K77: =M39-K76 -> 10400 | M77: mm
B79: Inlet Nozzle Recommendation | J79: : | K79: 16 | M79: inches | T79: : | U79: =K79*25.4 -> 406.4 | W79: mm
B80: Internal Diameter | J80: : | K80: 16 | M80: inches | P80: Inlet velocity | T80: : | U80: =X32/3600/(PI()*(K80/39.36996)^2/4) -> 1.0706995 | W80: m/s
B82: Outlet Nozzle Recommendation | J82: : | K82: 12 | M82: inches | T82: : | U82: =K82*25.4 -> 304.8 | W82: mm
B83: Internal Diameter | J83: : | K83: 12 | M83: inches | P83: Outlet velocity | T83: : | U83: =X34/3600/(PI()*(K83/39.36996)^2/4) -> 1.1420795 | W83: m/s
B85: Bottom to Center Nozzle | I85: Reg | J85: : | K85: 306 | M85: mm | O85: see Tabel 5.6a API 650 column 8
I86: Low | J86: : | K86: 200 | M86: mm | O86: see Tabel 5.6a API 650 column 9c
B87: Additional Space Nozzle to LLLL | J87: : | K87: 0 | M87: mm
B88: Minimum LLLL height Form Bottom | J88: : | K88: =M41 -> 500 | M88: mm
B90: LLLL to LLL Volume | J90: : | K90: =X34*X37/60 -> 75 | M90: m3
B91: LLLL to LLL Space | J91: : | K91: =K90/K65*1000 -> 150.20621 | M91: mm | R91: taken | T91: : | U91: 151 | W91: mm | Z91: LLLL to LLL
B92: HLL Height from Bottom | J92: : | K92: =K88+U91 -> 651 | M92: mm | U92: =U91/1000*K65/X34*60 -> 15.07927 | W92: minutes | Z92: LLLL to LLL
A99: D. Result
B101: Max Tank Volume | H101: : | J101: =PI()*$H$34^2/4*M39/1000 -> 5568.3451 | L101: kL | N101: (total volume, bottom - top)
B102: Maximum Capacity | H102: : | J102: =PI()*$H$34^2/4*L106/1000 -> 5318.1889 | L102: kL | N102: (maximum tank capacity, bottom to HHLL)
B103: Net Working Capacity | H103: : | J103: =PI()*$H$34^2/4*(L107-L108)/1000 -> 4867.8081 | L103: kL | N103: (maximum operating capacity, LLL to HLL)
B104: Safe Capacity | H104: : | J104: =PI()*$H$34^2/4*(L107-L109)/1000 -> 4943.2044 | L104: kL | N104: (maximum operating capacity, LLL to HLL)
B105: Dead Volume | H105: : | J105: =PI()*$H$34^2/4*L109/1000 -> 249.65679 | L105: kL | N105: (dead stock capacity, bottom to LLLL)
E106: HHLL | J106: : | L106: =K71 -> 10651 | N106: mm
E107: HLL | J107: : | L107: =K77 -> 10400 | N107: mm | S107: `
E108: LLL | J108: : | L108: =K92 -> 651 | N108: mm
E109: LLLL | J109: : | L109: =K88 -> 500 | N109: mm
F116: Critical H | Z116: =M39 -> 11152 | AB116: mm
D117: =U69 -> 30.018732 | E117: min
F118: HHLL | Z118: =L106 -> 10651 | AB118: mm
D119: =U75 -> 15.039325 | E119: min
F120: HLL | Z120: =L107 -> 10400 | AB120: mm
D125: Height : | K125: Safe Capacity | R125: Net Working Capacity
C126: =H36*1000 -> 10920 | E126: mm | K126: =J104 -> 4943.2044 | L126: KL | R126: =J103 -> 4867.8081 | S126: KL
F136: LLL | Z136: =L108 -> 651 | AB136: mm
D137: =U92 -> 15.07927 | E137: min
F138: LLLL | Z138: =L109 -> 500 | AB138: mm
O144: Diameter : | P144: =H34*1000 -> 25214 | R144: mm
T150: FOAM CHAMBER
T151: A | U151: = | V151: =PI()/4*H34^2 -> 499.31358 | Y151: M2
T152: FOAM | U152: = | V152: 4.1 | Y152: LPM/M2
T153: Q | U153: = | V153: =V151*V152 -> 2047.1857 | Y153: LPM
V154: =V153*60/1000 -> 122.83114 | Y154: M3/HR
A156: ` | U156: K | X156: Q | Y156: Nf
T157: 4 | U157: 175 | W157: =U157*(3.5)^(0.5) -> 327.39502 | Y157: =ROUNDUP($V$153/W157,0) -> 7
T158: 6 | U158: 350 | W158: =U158*(3.5)^(0.5) -> 654.79004 | Y158: =ROUNDUP($V$153/W158,0) -> 4
T159: 8 | U159: 700 | W159: =U159*(3.5)^(0.5) -> 1309.5801 | Y159: =ROUNDUP($V$153/W159,0) -> 2
T160: 10 | U160: 1400 | W160: =U160*(3.5)^(0.5) -> 2619.1602 | Y160: =ROUNDUP($V$153/W160,0) -> 1

Sheet T10
A2: OVERFILL STORAGE TANK SIZING
A3: FUEL TANK
B5: LOCATION | G5: : | H5: IT SURABAYA | Z5: By | AB5: :
B6: PROJECT TITLE | G6: : | H6: Tangki Timbun BBM T10 | Z6: Check | AB6: : | AI6: =PI()*H34 -> 56.564376 | AJ6: =AI6/6 -> 9.427396
H7: PERTAMINA DEX | Z7: Rev | AB7: :
AJ9: DIMENSION
A11: A. Reference
B12: API 2350 - Overfill Prevention for Storage Tanks in Petroleum Facilities
A14: B. Terms, Definitions, & Acronyms
B15: Critical High (CH) level | H15: : | I15: The highest level in the tank that product can reach without detrimental impacts (i.e. product overflow or tank damage)
B17: High-High tank level alarm (LAHH) | H17: : | I17: An alarm generated when the product level reaches the High-High (HH) tank level
B18: High-High (HH) tank level | H18: : | I18: A level sufficiently below the Critical High (CH) level to enable termination of a receipt or transfer before the Critical High (CH) level is reached
B20: AOPS | H20: : | I20: Automated Overfill Prefention System
B21: CH | H21: : | I21: Critical High
B22: HH | H22: : | I22: High-High tank level
B23: LAHH | H23: : | I23: High-High tank level alarm
B24: FC | H24: : | I24: Foam Chamber
B25: TA | H25: : | I25: Top Angle
A27: A. Purpose
B28: To obtain level of concern storage tank at IT SURABAYA
A30: C. Summary Data
B31: Required Capacity (SAFE) | G31: : | H31: =Sheet1!B27 -> 2460 | K31: kL | R31: Calculation Data
B32: Shell plate height | G32: : | H32: 1.82 | K32: m | R32: Inlet Flow | W32: : | X32: 500 | AA32: m3/hr
C33: Diameter | G33: : | H33: =L33*6/PI() -> 36.287327 | K33: m | L33: 19 | N33: plates (H)
B34: Diameter Taken | G34: : | H34: 18.005 | K34: m | R34: Outlet Flow | W34: : | X34: 300 | AA34: m3/hr
B35: Number of Shell | G35: : | H35: 7 | K35: plates (V) | R35: Response Time | W35: : | X35: 15 | AA35: minutes | AC35: H to HH
B36: Total Tank Height | G36: : | H36: =H32*H35 -> 12.74 | K36: m | R36: Critical High Response | W36: : | X36: 30 | AA36: minutes | AC36: HH to FC
R37: Response Time | W37: : | X37: 15 | AA37: minutes | AC37: L to LL
B39: Critcal High (CH) = Tabel Tangki Tinggi Max Vol. Bersih | L39: : | M39: =U39+U68+U74 -> 10978 | N39: mm | O39: See SAP & Tabel Tangki | U39: =Sheet1!C27 -> 9500 | X39: mm
B40: Low Level (LLLL) = Unpumpable/Dead Stock (Data SAP) | L40: : | M40: =U40/1000 -> 169 | N40: KL | O40: See Data SAP | U40: =Sheet1!M27 -> 169000 | X40: L
M41: =Sheet1!E27 -> 500 | N41: mm | O41: See SAP & Tabel Tangki
AX64: =306+(3*2.54) -> 313.62
B65: Volume per meter of height | J65: : | K65: =PI()*H34^2/4 -> 254.6104 | M65: m3/m | AX65: =PI()*H34^2*0.25*AX64/1000 -> 79.850912
B67: CH to HHLL Volume | J67: : | K67: =X36*X32/60 -> 250 | M67: m3
B68: CH to HHLL Space | J68: : | K68: =K67/K65*1000 -> 981.89235 | M68: mm | R68: taken | T68: : | U68: 985 | W68: mm | Z68: HHLL to CH
T69: : | U69: =U68/1000*K65/X32*60 -> 30.094949 | W69: minutes | Z69: HHLL to CH
B70: Top Shell to HHLL Space | J70: : | K70: =U68 -> 985 | M70: mm
B71: HHLL Height from Bottom | J71: : | K71: =M39-K70 -> 9993 | M71: mm
B73: HHLL to HLL Volume | J73: : | K73: =X32*X35/60 -> 125 | M73: m3
B74: HHLL to HLL Space | J74: : | K74: =K73/K65*1000 -> 490.94617 | M74: mm | R74: taken | T74: : | U74: 493 | W74: mm | Z74: HLL to HHLL
U75: =U74/1000*K65/X32*60 -> 15.062751 | W75: minutes | Z75: HLL to HHLL
B76: Top Shell to HLL Space | J76: : | K76: =U68+U74 -> 1478 | M76: mm
B77: HLL Height from Bottom | J77: : | K77: =M39-K76 -> 9500 | M77: mm
B79: Inlet Nozzle Recommendation | J79: : | K79: 16 | M79: inches | T79: : | U79: =K79*25.4 -> 406.4 | W79: mm
B80: Internal Diameter | J80: : | K80: 16 | M80: inches | P80: Inlet velocity | T80: : | U80: =X32/3600/(PI()*(K80/39.36996)^2/4) -> 1.0706995 | W80: m/s
B82: Outlet Nozzle Recommendation | J82: : | K82: 12 | M82: inches | T82: : | U82: =K82*25.4 -> 304.8 | W82: mm
B83: Internal Diameter | J83: : | K83: 12 | M83: inches | P83: Outlet velocity | T83: : | U83: =X34/3600/(PI()*(K83/39.36996)^2/4) -> 1.1420795 | W83: m/s
B85: Bottom to Center Nozzle | I85: Reg | J85: : | K85: 306 | M85: mm | O85: see Tabel 5.6a API 650 column 8
I86: Low | J86: : | K86: 200 | M86: mm | O86: see Tabel 5.6a API 650 column 9c
B87: Additional Space Nozzle to LLLL | J87: : | K87: 0 | M87: mm
B88: Minimum LLLL height Form Bottom | J88: : | K88: =M41 -> 500 | M88: mm
B90: LLLL to LLL Volume | J90: : | K90: =X34*X37/60 -> 75 | M90: m3
B91: LLLL to LLL Space | J91: : | K91: =K90/K65*1000 -> 294.5677 | M91: mm | R91: taken | T91: : | U91: 295 | W91: mm | Z91: LLLL to LLL
B92: HLL Height from Bottom | J92: : | K92: =K88+U91 -> 795 | M92: mm | U92: =U91/1000*K65/X34*60 -> 15.022013 | W92: minutes | Z92: LLLL to LLL
A99: D. Result
B101: Max Tank Volume | H101: : | J101: =PI()*$H$34^2/4*M39/1000 -> 2795.1129 | L101: kL | N101: (total volume, bottom - top)
B102: Maximum Capacity | H102: : | J102: =PI()*$H$34^2/4*L106/1000 -> 2544.3217 | L102: kL | N102: (maximum tank capacity, bottom to HHLL)
B103: Net Working Capacity | H103: : | J103: =PI()*$H$34^2/4*(L107-L108)/1000 -> 2216.3835 | L103: kL | N103: (maximum operating capacity, LLL to HLL)
B104: Safe Capacity | H104: : | J104: =PI()*$H$34^2/4*(L107-L109)/1000 -> 2291.4936 | L104: kL | N104: (maximum operating capacity, LLL to HLL)
B105: Dead Volume | H105: : | J105: =PI()*$H$34^2/4*L109/1000 -> 127.3052 | L105: kL | N105: (dead stock capacity, bottom to LLLL)
E106: HHLL | J106: : | L106: =K71 -> 9993 | N106: mm
E107: HLL | J107: : | L107: =K77 -> 9500 | N107: mm | S107: `
E108: LLL | J108: : | L108: =K92 -> 795 | N108: mm
E109: LLLL | J109: : | L109: =K88 -> 500 | N109: mm
F116: Critical H | Z116: =M39 -> 10978 | AB116: mm
D117: =U69 -> 30.094949 | E117: min
F118: HHLL | Z118: =L106 -> 9993 | AB118: mm
D119: =U75 -> 15.062751 | E119: min
F120: HLL | Z120: =L107 -> 9500 | AB120: mm
D125: Height : | K125: Safe Capacity | R125: Net Working Capacity
C126: =H36*1000 -> 12740 | E126: mm | K126: =J104 -> 2291.4936 | L126: KL | R126: =J103 -> 2216.3835 | S126: KL
F136: LLL | Z136: =L108 -> 795 | AB136: mm
D137: =U92 -> 15.022013 | E137: min
F138: LLLL | Z138: =L109 -> 500 | AB138: mm
O144: Diameter : | P144: =H34*1000 -> 18005 | R144: mm
T150: FOAM CHAMBER
T151: A | U151: = | V151: =PI()/4*H34^2 -> 254.6104 | Y151: M2
T152: FOAM | U152: = | V152: 4.1 | Y152: LPM/M2
T153: Q | U153: = | V153: =V151*V152 -> 1043.9026 | Y153: LPM
V154: =V153*60/1000 -> 62.634157 | Y154: M3/HR
A156: ` | U156: K | X156: Q | Y156: Nf
T157: 4 | U157: 175 | W157: =U157*(3.5)^(0.5) -> 327.39502 | Y157: =ROUNDUP($V$153/W157,0) -> 4
T158: 6 | U158: 350 | W158: =U158*(3.5)^(0.5) -> 654.79004 | Y158: =ROUNDUP($V$153/W158,0) -> 2
T159: 8 | U159: 700 | W159: =U159*(3.5)^(0.5) -> 1309.5801 | Y159: =ROUNDUP($V$153/W159,0) -> 1
T160: 10 | U160: 1400 | W160: =U160*(3.5)^(0.5) -> 2619.1602 | Y160: =ROUNDUP($V$153/W160,0) -> 1

Sheet T11
A2: OVERFILL STORAGE TANK SIZING
A3: FUEL TANK
B5: LOCATION | G5: : | H5: IT SURABAYA | Z5: By | AB5: :
B6: PROJECT TITLE | G6: : | H6: Tangki Timbun BBM T11 | Z6: Check | AB6: : | AI6: =PI()*H34 -> 114.83778 | AJ6: =AI6/6 -> 19.13963
H7: PERTALITE | Z7: Rev | AB7: :
AJ9: DIMENSION
A11: A. Reference
B12: API 2350 - Overfill Prevention for Storage Tanks in Petroleum Facilities
A14: B. Terms, Definitions, & Acronyms
B15: Critical High (CH) level | H15: : | I15: The highest level in the tank that product can reach without detrimental impacts (i.e. product overflow or tank damage)
B17: High-High tank level alarm (LAHH) | H17: : | I17: An alarm generated when the product level reaches the High-High (HH) tank level
B18: High-High (HH) tank level | H18: : | I18: A level sufficiently below the Critical High (CH) level to enable termination of a receipt or transfer before the Critical High (CH) level is reached
B20: AOPS | H20: : | I20: Automated Overfill Prefention System
B21: CH | H21: : | I21: Critical High
B22: HH | H22: : | I22: High-High tank level
B23: LAHH | H23: : | I23: High-High tank level alarm
B24: FC | H24: : | I24: Foam Chamber
B25: TA | H25: : | I25: Top Angle
A27: A. Purpose
B28: To obtain level of concern storage tank at IT SURABAYA
A30: C. Summary Data
B31: Required Capacity (SAFE) | G31: : | H31: =Sheet1!B28 -> 9342 | K31: kL | R31: Calculation Data
B32: Shell plate height | G32: : | H32: 1.82 | K32: m | R32: Inlet Flow | W32: : | X32: 600 | AA32: m3/hr
C33: Diameter | G33: : | H33: =L33*6/PI() -> 36.287327 | K33: m | L33: 19 | N33: plates (H)
B34: Diameter Taken | G34: : | H34: 36.554 | K34: m | R34: Outlet Flow | W34: : | X34: 300 | AA34: m3/hr
B35: Number of Shell | G35: : | H35: 5 | K35: plates (V) | R35: Response Time | W35: : | X35: 15 | AA35: minutes | AC35: H to HH
B36: Total Tank Height | G36: : | H36: =H32*H35 -> 9.1 | K36: m | R36: Critical High Response | W36: : | X36: 30 | AA36: minutes | AC36: HH to FC
R37: Response Time | W37: : | X37: 15 | AA37: minutes | AC37: L to LL
B39: Critcal High (CH) = Tabel Tangki Tinggi Max Vol. Bersih | L39: : | M39: =U39+U68+U74 -> 9232 | N39: mm | O39: See SAP & Tabel Tangki | U39: =Sheet1!C28 -> 8800 | X39: mm
B40: Low Level (LLLL) = Unpumpable/Dead Stock (Data SAP) | L40: : | M40: =U40/1000 -> 631 | N40: KL | O40: See Data SAP | U40: =Sheet1!M28 -> 631000 | X40: L
M41: =Sheet1!E28 -> 500 | N41: mm | O41: See SAP & Tabel Tangki
AX64: =306+(3*2.54) -> 313.62
B65: Volume per meter of height | J65: : | K65: =PI()*H34^2/4 -> 1049.445 | M65: m3/m | AX65: =PI()*H34^2*0.25*AX64/1000 -> 329.12695
B67: CH to HHLL Volume | J67: : | K67: =X36*X32/60 -> 300 | M67: m3
B68: CH to HHLL Space | J68: : | K68: =K67/K65*1000 -> 285.86538 | M68: mm | R68: taken | T68: : | U68: 287 | W68: mm | Z68: HHLL to CH
T69: : | U69: =U68/1000*K65/X32*60 -> 30.119072 | W69: minutes | Z69: HHLL to CH
B70: Top Shell to HHLL Space | J70: : | K70: =U68 -> 287 | M70: mm
B71: HHLL Height from Bottom | J71: : | K71: =M39-K70 -> 8945 | M71: mm
B73: HHLL to HLL Volume | J73: : | K73: =X32*X35/60 -> 150 | M73: m3
B74: HHLL to HLL Space | J74: : | K74: =K73/K65*1000 -> 142.93269 | M74: mm | R74: taken | T74: : | U74: 145 | W74: mm | Z74: HLL to HHLL
U75: =U74/1000*K65/X32*60 -> 15.216953 | W75: minutes | Z75: HLL to HHLL
B76: Top Shell to HLL Space | J76: : | K76: =U68+U74 -> 432 | M76: mm
B77: HLL Height from Bottom | J77: : | K77: =M39-K76 -> 8800 | M77: mm
B79: Inlet Nozzle Recommendation | J79: : | K79: 16 | M79: inches | T79: : | U79: =K79*25.4 -> 406.4 | W79: mm
B80: Internal Diameter | J80: : | K80: 16 | M80: inches | P80: Inlet velocity | T80: : | U80: =X32/3600/(PI()*(K80/39.36996)^2/4) -> 1.2848394 | W80: m/s
B82: Outlet Nozzle Recommendation | J82: : | K82: 12 | M82: inches | T82: : | U82: =K82*25.4 -> 304.8 | W82: mm
B83: Internal Diameter | J83: : | K83: 12 | M83: inches | P83: Outlet velocity | T83: : | U83: =X34/3600/(PI()*(K83/39.36996)^2/4) -> 1.1420795 | W83: m/s
B85: Bottom to Center Nozzle | I85: Reg | J85: : | K85: 306 | M85: mm | O85: see Tabel 5.6a API 650 column 8
I86: Low | J86: : | K86: 200 | M86: mm | O86: see Tabel 5.6a API 650 column 9c
B87: Additional Space Nozzle to LLLL | J87: : | K87: 0 | M87: mm
B88: Minimum LLLL height Form Bottom | J88: : | K88: =M41 -> 500 | M88: mm
B90: LLLL to LLL Volume | J90: : | K90: =X34*X37/60 -> 75 | M90: m3
B91: LLLL to LLL Space | J91: : | K91: =K90/K65*1000 -> 71.466344 | M91: mm | R91: taken | T91: : | U91: 72 | W91: mm | Z91: LLLL to LLL
B92: HLL Height from Bottom | J92: : | K92: =K88+U91 -> 572 | M92: mm | U92: =U91/1000*K65/X34*60 -> 15.112008 | W92: minutes | Z92: LLLL to LLL
A99: D. Result
B101: Max Tank Volume | H101: : | J101: =PI()*$H$34^2/4*M39/1000 -> 9688.4765 | L101: kL | N101: (total volume, bottom - top)
B102: Maximum Capacity | H102: : | J102: =PI()*$H$34^2/4*L106/1000 -> 9387.2858 | L102: kL | N102: (maximum tank capacity, bottom to HHLL)
B103: Net Working Capacity | H103: : | J103: =PI()*$H$34^2/4*(L107-L108)/1000 -> 8634.8337 | L103: kL | N103: (maximum operating capacity, LLL to HLL)
B104: Safe Capacity | H104: : | J104: =PI()*$H$34^2/4*(L107-L109)/1000 -> 8710.3938 | L104: kL | N104: (maximum operating capacity, LLL to HLL)
B105: Dead Volume | H105: : | J105: =PI()*$H$34^2/4*L109/1000 -> 524.72252 | L105: kL | N105: (dead stock capacity, bottom to LLLL)
E106: HHLL | J106: : | L106: =K71 -> 8945 | N106: mm
E107: HLL | J107: : | L107: =K77 -> 8800 | N107: mm | S107: `
E108: LLL | J108: : | L108: =K92 -> 572 | N108: mm
E109: LLLL | J109: : | L109: =K88 -> 500 | N109: mm
F116: Critical H | Z116: =M39 -> 9232 | AB116: mm
D117: =U69 -> 30.119072 | E117: min
F118: HHLL | Z118: =L106 -> 8945 | AB118: mm
D119: =U75 -> 15.216953 | E119: min
F120: HLL | Z120: =L107 -> 8800 | AB120: mm
D125: Height : | K125: Safe Capacity | R125: Net Working Capacity
C126: =H36*1000 -> 9100 | E126: mm | K126: =J104 -> 8710.3938 | L126: KL | R126: =J103 -> 8634.8337 | S126: KL
F136: LLL | Z136: =L108 -> 572 | AB136: mm
D137: =U92 -> 15.112008 | E137: min
F138: LLLL | Z138: =L109 -> 500 | AB138: mm
O144: Diameter : | P144: =H34*1000 -> 36554 | R144: mm
T150: FOAM CHAMBER
T151: A | U151: = | V151: =PI()/4*H34^2 -> 1049.445 | Y151: M2
T152: FOAM | U152: = | V152: 4.1 | Y152: LPM/M2
T153: Q | U153: = | V153: =V151*V152 -> 4302.7246 | Y153: LPM
V154: =V153*60/1000 -> 258.16348 | Y154: M3/HR
A156: ` | U156: K | X156: Q | Y156: Nf
T157: 4 | U157: 175 | W157: =U157*(3.5)^(0.5) -> 327.39502 | Y157: =ROUNDUP($V$153/W157,0) -> 14
T158: 6 | U158: 350 | W158: =U158*(3.5)^(0.5) -> 654.79004 | Y158: =ROUNDUP($V$153/W158,0) -> 7
T159: 8 | U159: 700 | W159: =U159*(3.5)^(0.5) -> 1309.5801 | Y159: =ROUNDUP($V$153/W159,0) -> 4
T160: 10 | U160: 1400 | W160: =U160*(3.5)^(0.5) -> 2619.1602 | Y160: =ROUNDUP($V$153/W160,0) -> 2

Sheet T13
A2: OVERFILL STORAGE TANK SIZING
A3: FUEL TANK
B5: LOCATION | G5: : | H5: IT SURABAYA | Z5: By | AB5: :
B6: PROJECT TITLE | G6: : | H6: Tangki Timbun BBM T13 | Z6: Check | AB6: : | AI6: =PI()*H34 -> 88.024285 | AJ6: =AI6/6 -> 14.670714
H7: MFO | Z7: Rev | AB7: :
AJ9: DIMENSION
A11: A. Reference
B12: API 2350 - Overfill Prevention for Storage Tanks in Petroleum Facilities
A14: B. Terms, Definitions, & Acronyms
B15: Critical High (CH) level | H15: : | I15: The highest level in the tank that product can reach without detrimental impacts (i.e. product overflow or tank damage)
B17: High-High tank level alarm (LAHH) | H17: : | I17: An alarm generated when the product level reaches the High-High (HH) tank level
B18: High-High (HH) tank level | H18: : | I18: A level sufficiently below the Critical High (CH) level to enable termination of a receipt or transfer before the Critical High (CH) level is reached
B20: AOPS | H20: : | I20: Automated Overfill Prefention System
B21: CH | H21: : | I21: Critical High
B22: HH | H22: : | I22: High-High tank level
B23: LAHH | H23: : | I23: High-High tank level alarm
B24: FC | H24: : | I24: Foam Chamber
B25: TA | H25: : | I25: Top Angle
A27: A. Purpose
B28: To obtain level of concern storage tank at IT SURABAYA
A30: C. Summary Data
B31: Required Capacity (SAFE) | G31: : | H31: =Sheet1!B29 -> 5292 | K31: kL | R31: Calculation Data
B32: Shell plate height | G32: : | H32: 1.82 | K32: m | R32: Inlet Flow | W32: : | X32: 450 | AA32: m3/hr
C33: Diameter | G33: : | H33: =L33*6/PI() -> 36.287327 | K33: m | L33: 19 | N33: plates (H)
B34: Diameter Taken | G34: : | H34: 28.019 | K34: m | R34: Outlet Flow | W34: : | X34: 200 | AA34: m3/hr
B35: Number of Shell | G35: : | H35: 6 | K35: plates (V) | R35: Response Time | W35: : | X35: 15 | AA35: minutes | AC35: H to HH
B36: Total Tank Height | G36: : | H36: =H32*H35 -> 10.92 | K36: m | R36: Critical High Response | W36: : | X36: 30 | AA36: minutes | AC36: HH to FC
R37: Response Time | W37: : | X37: 15 | AA37: minutes | AC37: L to LL
B39: Critcal High (CH) = Tabel Tangki Tinggi Max Vol. Bersih | L39: : | M39: =U39+U68+U74 -> 9040 | N39: mm | O39: See SAP & Tabel Tangki | U39: =Sheet1!C29 -> 8490 | X39: mm
B40: Low Level (LLLL) = Unpumpable/Dead Stock (Data SAP) | L40: : | M40: =U40/1000 -> 631 | N40: KL | O40: See Data SAP | U40: =Sheet1!M28 -> 631000 | X40: L
M41: =Sheet1!E29 -> 2446 | N41: mm | O41: See SAP & Tabel Tangki
AX64: =306+(3*2.54) -> 313.62
B65: Volume per meter of height | J65: : | K65: =PI()*H34^2/4 -> 616.58811 | M65: m3/m | AX65: =PI()*H34^2*0.25*AX64/1000 -> 193.37436
B67: CH to HHLL Volume | J67: : | K67: =X36*X32/60 -> 225 | M67: m3
B68: CH to HHLL Space | J68: : | K68: =K67/K65*1000 -> 364.91135 | M68: mm | R68: taken | T68: : | U68: 365 | W68: mm | Z68: HHLL to CH
T69: : | U69: =U68/1000*K65/X32*60 -> 30.007288 | W69: minutes | Z69: HHLL to CH
B70: Top Shell to HHLL Space | J70: : | K70: =U68 -> 365 | M70: mm
B71: HHLL Height from Bottom | J71: : | K71: =M39-K70 -> 8675 | M71: mm
B73: HHLL to HLL Volume | J73: : | K73: =X32*X35/60 -> 112.5 | M73: m3
B74: HHLL to HLL Space | J74: : | K74: =K73/K65*1000 -> 182.45568 | M74: mm | R74: taken | T74: : | U74: 185 | W74: mm | Z74: HLL to HHLL
U75: =U74/1000*K65/X32*60 -> 15.209173 | W75: minutes | Z75: HLL to HHLL
B76: Top Shell to HLL Space | J76: : | K76: =U68+U74 -> 550 | M76: mm
B77: HLL Height from Bottom | J77: : | K77: =M39-K76 -> 8490 | M77: mm
B79: Inlet Nozzle Recommendation | J79: : | K79: 16 | M79: inches | T79: : | U79: =K79*25.4 -> 406.4 | W79: mm
B80: Internal Diameter | J80: : | K80: 16 | M80: inches | P80: Inlet velocity | T80: : | U80: =X32/3600/(PI()*(K80/39.36996)^2/4) -> 0.96362956 | W80: m/s
B82: Outlet Nozzle Recommendation | J82: : | K82: 12 | M82: inches | T82: : | U82: =K82*25.4 -> 304.8 | W82: mm
B83: Internal Diameter | J83: : | K83: 12 | M83: inches | P83: Outlet velocity | T83: : | U83: =X34/3600/(PI()*(K83/39.36996)^2/4) -> 0.76138632 | W83: m/s
B85: Bottom to Center Nozzle | I85: Reg | J85: : | K85: 306 | M85: mm | O85: see Tabel 5.6a API 650 column 8
I86: Low | J86: : | K86: 200 | M86: mm | O86: see Tabel 5.6a API 650 column 9c
B87: Additional Space Nozzle to LLLL | J87: : | K87: 0 | M87: mm
B88: Minimum LLLL height Form Bottom | J88: : | K88: =M41 -> 2446 | M88: mm
B90: LLLL to LLL Volume | J90: : | K90: =X34*X37/60 -> 50 | M90: m3
B91: LLLL to LLL Space | J91: : | K91: =K90/K65*1000 -> 81.091412 | M91: mm | R91: taken | T91: : | U91: 82 | W91: mm | Z91: LLLL to LLL
B92: HLL Height from Bottom | J92: : | K92: =K88+U91 -> 2528 | M92: mm | U92: =U91/1000*K65/X34*60 -> 15.168067 | W92: minutes | Z92: LLLL to LLL
A99: D. Result
B101: Max Tank Volume | H101: : | J101: =PI()*$H$34^2/4*M39/1000 -> 5573.9565 | L101: kL | N101: (total volume, bottom - top)
B102: Maximum Capacity | H102: : | J102: =PI()*$H$34^2/4*L106/1000 -> 5348.9018 | L102: kL | N102: (maximum tank capacity, bottom to HHLL)
B103: Net Working Capacity | H103: : | J103: =PI()*$H$34^2/4*(L107-L108)/1000 -> 3676.0983 | L103: kL | N103: (maximum operating capacity, LLL to HLL)
B104: Safe Capacity | H104: : | J104: =PI()*$H$34^2/4*(L107-L109)/1000 -> 3726.6585 | L104: kL | N104: (maximum operating capacity, LLL to HLL)
B105: Dead Volume | H105: : | J105: =PI()*$H$34^2/4*L109/1000 -> 1508.1745 | L105: kL | N105: (dead stock capacity, bottom to LLLL)
E106: HHLL | J106: : | L106: =K71 -> 8675 | N106: mm
E107: HLL | J107: : | L107: =K77 -> 8490 | N107: mm | S107: `
E108: LLL | J108: : | L108: =K92 -> 2528 | N108: mm
E109: LLLL | J109: : | L109: =K88 -> 2446 | N109: mm
F116: Critical H | Z116: =M39 -> 9040 | AB116: mm
D117: =U69 -> 30.007288 | E117: min
F118: HHLL | Z118: =L106 -> 8675 | AB118: mm
D119: =U75 -> 15.209173 | E119: min
F120: HLL | Z120: =L107 -> 8490 | AB120: mm
D125: Height : | K125: Safe Capacity | R125: Net Working Capacity
C126: =H36*1000 -> 10920 | E126: mm | K126: =J104 -> 3726.6585 | L126: KL | R126: =J103 -> 3676.0983 | S126: KL
F136: LLL | Z136: =L108 -> 2528 | AB136: mm
D137: =U92 -> 15.168067 | E137: min
F138: LLLL | Z138: =L109 -> 2446 | AB138: mm
O144: Diameter : | P144: =H34*1000 -> 28019 | R144: mm
T150: FOAM CHAMBER
T151: A | U151: = | V151: =PI()/4*H34^2 -> 616.58811 | Y151: M2
T152: FOAM | U152: = | V152: 4.1 | Y152: LPM/M2
T153: Q | U153: = | V153: =V151*V152 -> 2528.0112 | Y153: LPM
V154: =V153*60/1000 -> 151.68067 | Y154: M3/HR
A156: ` | U156: K | X156: Q | Y156: Nf
T157: 4 | U157: 175 | W157: =U157*(3.5)^(0.5) -> 327.39502 | Y157: =ROUNDUP($V$153/W157,0) -> 8
T158: 6 | U158: 350 | W158: =U158*(3.5)^(0.5) -> 654.79004 | Y158: =ROUNDUP($V$153/W158,0) -> 4
T159: 8 | U159: 700 | W159: =U159*(3.5)^(0.5) -> 1309.5801 | Y159: =ROUNDUP($V$153/W159,0) -> 2
T160: 10 | U160: 1400 | W160: =U160*(3.5)^(0.5) -> 2619.1602 | Y160: =ROUNDUP($V$153/W160,0) -> 1

Sheet T14
A2: OVERFILL STORAGE TANK SIZING
A3: FUEL TANK
B5: LOCATION | G5: : | H5: IT SURABAYA | Z5: By | AB5: :
B6: PROJECT TITLE | G6: : | H6: Tangki Timbun BBM T14 | Z6: Check | AB6: : | AI6: =PI()*H34 -> 56.517252 | AJ6: =AI6/6 -> 9.419542
H7: PERTAMAX | Z7: Rev | AB7: :
AJ9: DIMENSION
A11: A. Reference
B12: API 2350 - Overfill Prevention for Storage Tanks in Petroleum Facilities
A14: B. Terms, Definitions, & Acronyms
B15: Critical High (CH) level | H15: : | I15: The highest level in the tank that product can reach without detrimental impacts (i.e. product overflow or tank damage)
B17: High-High tank level alarm (LAHH) | H17: : | I17: An alarm generated when the product level reaches the High-High (HH) tank level
B18: High-High (HH) tank level | H18: : | I18: A level sufficiently below the Critical High (CH) level to enable termination of a receipt or transfer before the Critical High (CH) level is reached
B20: AOPS | H20: : | I20: Automated Overfill Prefention System
B21: CH | H21: : | I21: Critical High
B22: HH | H22: : | I22: High-High tank level
B23: LAHH | H23: : | I23: High-High tank level alarm
B24: FC | H24: : | I24: Foam Chamber
B25: TA | H25: : | I25: Top Angle
A27: A. Purpose
B28: To obtain level of concern storage tank at IT SURABAYA
A30: C. Summary Data
B31: Required Capacity (SAFE) | G31: : | H31: =Sheet1!B30 -> 2467 | K31: kL | R31: Calculation Data
B32: Shell plate height | G32: : | H32: 1.82 | K32: m | R32: Inlet Flow | W32: : | X32: 600 | AA32: m3/hr
C33: Diameter | G33: : | H33: =L33*6/PI() -> 17.188734 | K33: m | L33: 9 | N33: plates (H)
B34: Diameter Taken | G34: : | H34: 17.99 | K34: m | R34: Outlet Flow | W34: : | X34: 300 | AA34: m3/hr
B35: Number of Shell | G35: : | H35: 7 | K35: plates (V) | R35: Response Time | W35: : | X35: 15 | AA35: minutes | AC35: H to HH
B36: Total Tank Height | G36: : | H36: =H32*H35 -> 12.74 | K36: m | R36: Critical High Response | W36: : | X36: 30 | AA36: minutes | AC36: HH to FC
R37: Response Time | W37: : | X37: 15 | AA37: minutes | AC37: L to LL
B39: Critcal High (CH) = Tabel Tangki Tinggi Max Vol. Bersih | L39: : | M39: =U39+U68+U74 -> 11376 | N39: mm | O39: See SAP & Tabel Tangki | U39: =Sheet1!C30 -> 9600 | X39: mm
B40: Low Level (LLLL) = Unpumpable/Dead Stock (Data SAP) | L40: : | M40: =U40/1000 -> 63 | N40: KL | O40: See Data SAP | U40: =Sheet1!M30 -> 63000 | X40: L
M41: =Sheet1!E30 -> 149 | N41: mm | O41: See SAP & Tabel Tangki
AX64: =306+(3*2.54) -> 313.62
B65: Volume per meter of height | J65: : | K65: =PI()*H34^2/4 -> 254.18634 | M65: m3/m | AX65: =PI()*H34^2*0.25*AX64/1000 -> 79.71792
B67: CH to HHLL Volume | J67: : | K67: =X36*X32/60 -> 300 | M67: m3
B68: CH to HHLL Space | J68: : | K68: =K67/K65*1000 -> 1180.2365 | M68: mm | R68: taken | T68: : | U68: 1183 | W68: mm | Z68: HHLL to CH
T69: : | U69: =U68/1000*K65/X32*60 -> 30.070244 | W69: minutes | Z69: HHLL to CH
B70: Top Shell to HHLL Space | J70: : | K70: =U68 -> 1183 | M70: mm
B71: HHLL Height from Bottom | J71: : | K71: =M39-K70 -> 10193 | M71: mm
B73: HHLL to HLL Volume | J73: : | K73: =X32*X35/60 -> 150 | M73: m3
B74: HHLL to HLL Space | J74: : | K74: =K73/K65*1000 -> 590.11826 | M74: mm | R74: taken | T74: : | U74: 593 | W74: mm | Z74: HLL to HHLL
U75: =U74/1000*K65/X32*60 -> 15.07325 | W75: minutes | Z75: HLL to HHLL
B76: Top Shell to HLL Space | J76: : | K76: =U68+U74 -> 1776 | M76: mm
B77: HLL Height from Bottom | J77: : | K77: =M39-K76 -> 9600 | M77: mm
B79: Inlet Nozzle Recommendation | J79: : | K79: 16 | M79: inches | T79: : | U79: =K79*25.4 -> 406.4 | W79: mm
B80: Internal Diameter | J80: : | K80: 16 | M80: inches | P80: Inlet velocity | T80: : | U80: =X32/3600/(PI()*(K80/39.36996)^2/4) -> 1.2848394 | W80: m/s
B82: Outlet Nozzle Recommendation | J82: : | K82: 12 | M82: inches | T82: : | U82: =K82*25.4 -> 304.8 | W82: mm
B83: Internal Diameter | J83: : | K83: 12 | M83: inches | P83: Outlet velocity | T83: : | U83: =X34/3600/(PI()*(K83/39.36996)^2/4) -> 1.1420795 | W83: m/s
B85: Bottom to Center Nozzle | I85: Reg | J85: : | K85: 306 | M85: mm | O85: see Tabel 5.6a API 650 column 8
I86: Low | J86: : | K86: 200 | M86: mm | O86: see Tabel 5.6a API 650 column 9c
B87: Additional Space Nozzle to LLLL | J87: : | K87: 0 | M87: mm
B88: Minimum LLLL height Form Bottom | J88: : | K88: =M41 -> 149 | M88: mm
B90: LLLL to LLL Volume | J90: : | K90: =X34*X37/60 -> 75 | M90: m3
B91: LLLL to LLL Space | J91: : | K91: =K90/K65*1000 -> 295.05913 | M91: mm | R91: taken | T91: : | U91: 296 | W91: mm | Z91: LLLL to LLL
B92: HLL Height from Bottom | J92: : | K92: =K88+U91 -> 445 | M92: mm | U92: =U91/1000*K65/X34*60 -> 15.047831 | W92: minutes | Z92: LLLL to LLL
A99: D. Result
B101: Max Tank Volume | H101: : | J101: =PI()*$H$34^2/4*M39/1000 -> 2891.6238 | L101: kL | N101: (total volume, bottom - top)
B102: Maximum Capacity | H102: : | J102: =PI()*$H$34^2/4*L106/1000 -> 2590.9214 | L102: kL | N102: (maximum tank capacity, bottom to HHLL)
B103: Net Working Capacity | H103: : | J103: =PI()*$H$34^2/4*(L107-L108)/1000 -> 2327.0759 | L103: kL | N103: (maximum operating capacity, LLL to HLL)
B104: Safe Capacity | H104: : | J104: =PI()*$H$34^2/4*(L107-L109)/1000 -> 2402.3151 | L104: kL | N104: (maximum operating capacity, LLL to HLL)
B105: Dead Volume | H105: : | J105: =PI()*$H$34^2/4*L109/1000 -> 37.873765 | L105: kL | N105: (dead stock capacity, bottom to LLLL)
E106: HHLL | J106: : | L106: =K71 -> 10193 | N106: mm
E107: HLL | J107: : | L107: =K77 -> 9600 | N107: mm | S107: `
E108: LLL | J108: : | L108: =K92 -> 445 | N108: mm
E109: LLLL | J109: : | L109: =K88 -> 149 | N109: mm
F116: Critical H | Z116: =M39 -> 11376 | AB116: mm
D117: =U69 -> 30.070244 | E117: min
F118: HHLL | Z118: =L106 -> 10193 | AB118: mm
D119: =U75 -> 15.07325 | E119: min
F120: HLL | Z120: =L107 -> 9600 | AB120: mm
D125: Height : | K125: Safe Capacity | R125: Net Working Capacity
C126: =H36*1000 -> 12740 | E126: mm | K126: =J104 -> 2402.3151 | L126: KL | R126: =J103 -> 2327.0759 | S126: KL
F136: LLL | Z136: =L108 -> 445 | AB136: mm
D137: =U92 -> 15.047831 | E137: min
F138: LLLL | Z138: =L109 -> 149 | AB138: mm
O144: Diameter : | P144: =H34*1000 -> 17990 | R144: mm
T150: FOAM CHAMBER
T151: A | U151: = | V151: =PI()/4*H34^2 -> 254.18634 | Y151: M2
T152: FOAM | U152: = | V152: 4.1 | Y152: LPM/M2
T153: Q | U153: = | V153: =V151*V152 -> 1042.164 | Y153: LPM
V154: =V153*60/1000 -> 62.52984 | Y154: M3/HR
A156: ` | U156: K | X156: Q | Y156: Nf
T157: 4 | U157: 175 | W157: =U157*(3.5)^(0.5) -> 327.39502 | Y157: =ROUNDUP($V$153/W157,0) -> 4
T158: 6 | U158: 350 | W158: =U158*(3.5)^(0.5) -> 654.79004 | Y158: =ROUNDUP($V$153/W158,0) -> 2
T159: 8 | U159: 700 | W159: =U159*(3.5)^(0.5) -> 1309.5801 | Y159: =ROUNDUP($V$153/W159,0) -> 1
T160: 10 | U160: 1400 | W160: =U160*(3.5)^(0.5) -> 2619.1602 | Y160: =ROUNDUP($V$153/W160,0) -> 1

Sheet T15
A2: OVERFILL STORAGE TANK SIZING
A3: FUEL TANK
B5: LOCATION | G5: : | H5: IT SURABAYA | Z5: By | AB5: :
B6: PROJECT TITLE | G6: : | H6: Tangki Timbun BBM T15 | Z6: Check | AB6: : | AI6: =PI()*H34 -> 107.24455 | AJ6: =AI6/6 -> 17.874091
H7: PERTALITE | Z7: Rev | AB7: :
AJ9: DIMENSION
A11: A. Reference
B12: API 2350 - Overfill Prevention for Storage Tanks in Petroleum Facilities
A14: B. Terms, Definitions, & Acronyms
B15: Critical High (CH) level | H15: : | I15: The highest level in the tank that product can reach without detrimental impacts (i.e. product overflow or tank damage)
B17: High-High tank level alarm (LAHH) | H17: : | I17: An alarm generated when the product level reaches the High-High (HH) tank level
B18: High-High (HH) tank level | H18: : | I18: A level sufficiently below the Critical High (CH) level to enable termination of a receipt or transfer before the Critical High (CH) level is reached
B20: AOPS | H20: : | I20: Automated Overfill Prefention System
B21: CH | H21: : | I21: Critical High
B22: HH | H22: : | I22: High-High tank level
B23: LAHH | H23: : | I23: High-High tank level alarm
B24: FC | H24: : | I24: Foam Chamber
B25: TA | H25: : | I25: Top Angle
A27: A. Purpose
B28: To obtain level of concern storage tank at IT SURABAYA
A30: C. Summary Data
B31: Required Capacity (SAFE) | G31: : | H31: =Sheet1!B31 -> 9437 | K31: kL | R31: Calculation Data
B32: Shell plate height | G32: : | H32: 1.82 | K32: m | R32: Inlet Flow | W32: : | X32: 500 | AA32: m3/hr
C33: Diameter | G33: : | H33: =L33*6/PI() -> 17.188734 | K33: m | L33: 9 | N33: plates (H)
B34: Diameter Taken | G34: : | H34: 34.137 | K34: m | R34: Outlet Flow | W34: : | X34: 300 | AA34: m3/hr
B35: Number of Shell | G35: : | H35: 6 | K35: plates (V) | R35: Response Time | W35: : | X35: 15 | AA35: minutes | AC35: H to HH
B36: Total Tank Height | G36: : | H36: =H32*H35 -> 10.92 | K36: m | R36: Critical High Response | W36: : | X36: 30 | AA36: minutes | AC36: HH to FC
R37: Response Time | W37: : | X37: 15 | AA37: minutes | AC37: L to LL
B39: Critcal High (CH) = Tabel Tangki Tinggi Max Vol. Bersih | L39: : | M39: =U39+U68+U74 -> 10567 | N39: mm | O39: See SAP & Tabel Tangki | U39: =Sheet1!C31 -> 10156 | X39: mm
B40: Low Level (LLLL) = Unpumpable/Dead Stock (Data SAP) | L40: : | M40: =U40/1000 -> 401 | N40: KL | O40: See Data SAP | U40: =Sheet1!M31 -> 401000 | X40: L
M41: =Sheet1!E31 -> 285 | N41: mm | O41: See SAP & Tabel Tangki
AX64: =306+(3*2.54) -> 313.62
B65: Volume per meter of height | J65: : | K65: =PI()*H34^2/4 -> 915.25179 | M65: m3/m | AX65: =PI()*H34^2*0.25*AX64/1000 -> 287.04127
B67: CH to HHLL Volume | J67: : | K67: =X36*X32/60 -> 250 | M67: m3
B68: CH to HHLL Space | J68: : | K68: =K67/K65*1000 -> 273.14888 | M68: mm | R68: taken | T68: : | U68: 274 | W68: mm | Z68: HHLL to CH
T69: : | U69: =U68/1000*K65/X32*60 -> 30.093479 | W69: minutes | Z69: HHLL to CH
B70: Top Shell to HHLL Space | J70: : | K70: =U68 -> 274 | M70: mm
B71: HHLL Height from Bottom | J71: : | K71: =M39-K70 -> 10293 | M71: mm
B73: HHLL to HLL Volume | J73: : | K73: =X32*X35/60 -> 125 | M73: m3
B74: HHLL to HLL Space | J74: : | K74: =K73/K65*1000 -> 136.57444 | M74: mm | R74: taken | T74: : | U74: 137 | W74: mm | Z74: HLL to HHLL
U75: =U74/1000*K65/X32*60 -> 15.046739 | W75: minutes | Z75: HLL to HHLL
B76: Top Shell to HLL Space | J76: : | K76: =U68+U74 -> 411 | M76: mm
B77: HLL Height from Bottom | J77: : | K77: =M39-K76 -> 10156 | M77: mm
B79: Inlet Nozzle Recommendation | J79: : | K79: 16 | M79: inches | T79: : | U79: =K79*25.4 -> 406.4 | W79: mm
B80: Internal Diameter | J80: : | K80: 16 | M80: inches | P80: Inlet velocity | T80: : | U80: =X32/3600/(PI()*(K80/39.36996)^2/4) -> 1.0706995 | W80: m/s
B82: Outlet Nozzle Recommendation | J82: : | K82: 12 | M82: inches | T82: : | U82: =K82*25.4 -> 304.8 | W82: mm
B83: Internal Diameter | J83: : | K83: 12 | M83: inches | P83: Outlet velocity | T83: : | U83: =X34/3600/(PI()*(K83/39.36996)^2/4) -> 1.1420795 | W83: m/s
B85: Bottom to Center Nozzle | I85: Reg | J85: : | K85: 306 | M85: mm | O85: see Tabel 5.6a API 650 column 8
I86: Low | J86: : | K86: 200 | M86: mm | O86: see Tabel 5.6a API 650 column 9c
B87: Additional Space Nozzle to LLLL | J87: : | K87: 0 | M87: mm
B88: Minimum LLLL height Form Bottom | J88: : | K88: =M41 -> 285 | M88: mm
B90: LLLL to LLL Volume | J90: : | K90: =X34*X37/60 -> 75 | M90: m3
B91: LLLL to LLL Space | J91: : | K91: =K90/K65*1000 -> 81.944664 | M91: mm | R91: taken | T91: : | U91: 82 | W91: mm | Z91: LLLL to LLL
B92: HLL Height from Bottom | J92: : | K92: =K88+U91 -> 367 | M92: mm | U92: =U91/1000*K65/X34*60 -> 15.010129 | W92: minutes | Z92: LLLL to LLL
A99: D. Result
B101: Max Tank Volume | H101: : | J101: =PI()*$H$34^2/4*M39/1000 -> 9671.4656 | L101: kL | N101: (total volume, bottom - top)
B102: Maximum Capacity | H102: : | J102: =PI()*$H$34^2/4*L106/1000 -> 9420.6866 | L102: kL | N102: (maximum tank capacity, bottom to HHLL)
B103: Net Working Capacity | H103: : | J103: =PI()*$H$34^2/4*(L107-L108)/1000 -> 8959.3997 | L103: kL | N103: (maximum operating capacity, LLL to HLL)
B104: Safe Capacity | H104: : | J104: =PI()*$H$34^2/4*(L107-L109)/1000 -> 9034.4504 | L104: kL | N104: (maximum operating capacity, LLL to HLL)
B105: Dead Volume | H105: : | J105: =PI()*$H$34^2/4*L109/1000 -> 260.84676 | L105: kL | N105: (dead stock capacity, bottom to LLLL)
E106: HHLL | J106: : | L106: =K71 -> 10293 | N106: mm
E107: HLL | J107: : | L107: =K77 -> 10156 | N107: mm | S107: `
E108: LLL | J108: : | L108: =K92 -> 367 | N108: mm
E109: LLLL | J109: : | L109: =K88 -> 285 | N109: mm
F116: Critical H | Z116: =M39 -> 10567 | AB116: mm
D117: =U69 -> 30.093479 | E117: min
F118: HHLL | Z118: =L106 -> 10293 | AB118: mm
D119: =U75 -> 15.046739 | E119: min
F120: HLL | Z120: =L107 -> 10156 | AB120: mm
D125: Height : | K125: Safe Capacity | R125: Net Working Capacity
C126: =H36*1000 -> 10920 | E126: mm | K126: =J104 -> 9034.4504 | L126: KL | R126: =J103 -> 8959.3997 | S126: KL
F136: LLL | Z136: =L108 -> 367 | AB136: mm
D137: =U92 -> 15.010129 | E137: min
F138: LLLL | Z138: =L109 -> 285 | AB138: mm
O144: Diameter : | P144: =H34*1000 -> 34137 | R144: mm
T150: FOAM CHAMBER
T151: A | U151: = | V151: =PI()/4*H34^2 -> 915.25179 | Y151: M2
T152: FOAM | U152: = | V152: 4.1 | Y152: LPM/M2
T153: Q | U153: = | V153: =V151*V152 -> 3752.5323 | Y153: LPM
V154: =V153*60/1000 -> 225.15194 | Y154: M3/HR
A156: ` | U156: K | X156: Q | Y156: Nf
T157: 4 | U157: 175 | W157: =U157*(3.5)^(0.5) -> 327.39502 | Y157: =ROUNDUP($V$153/W157,0) -> 12
T158: 6 | U158: 350 | W158: =U158*(3.5)^(0.5) -> 654.79004 | Y158: =ROUNDUP($V$153/W158,0) -> 6
T159: 8 | U159: 700 | W159: =U159*(3.5)^(0.5) -> 1309.5801 | Y159: =ROUNDUP($V$153/W159,0) -> 3
T160: 10 | U160: 1400 | W160: =U160*(3.5)^(0.5) -> 2619.1602 | Y160: =ROUNDUP($V$153/W160,0) -> 2

Sheet T16
A2: OVERFILL STORAGE TANK SIZING
A3: FUEL TANK
B5: LOCATION | G5: : | H5: IT SURABAYA | Z5: By | AB5: :
B6: PROJECT TITLE | G6: : | H6: Tangki Timbun BBM T16 | Z6: Check | AB6: : | AI6: =PI()*H34 -> 100.53411 | AJ6: =AI6/6 -> 16.755684
H7: PERTAMAX | Z7: Rev | AB7: :
AJ9: DIMENSION
A11: A. Reference
B12: API 2350 - Overfill Prevention for Storage Tanks in Petroleum Facilities
A14: B. Terms, Definitions, & Acronyms
B15: Critical High (CH) level | H15: : | I15: The highest level in the tank that product can reach without detrimental impacts (i.e. product overflow or tank damage)
B17: High-High tank level alarm (LAHH) | H17: : | I17: An alarm generated when the product level reaches the High-High (HH) tank level
B18: High-High (HH) tank level | H18: : | I18: A level sufficiently below the Critical High (CH) level to enable termination of a receipt or transfer before the Critical High (CH) level is reached
B20: AOPS | H20: : | I20: Automated Overfill Prefention System
B21: CH | H21: : | I21: Critical High
B22: HH | H22: : | I22: High-High tank level
B23: LAHH | H23: : | I23: High-High tank level alarm
B24: FC | H24: : | I24: Foam Chamber
B25: TA | H25: : | I25: Top Angle
A27: A. Purpose
B28: To obtain level of concern storage tank at IT SURABAYA
A30: C. Summary Data
B31: Required Capacity (SAFE) | G31: : | H31: 1910.2678 | K31: kL | R31: Calculation Data
B32: Shell plate height | G32: : | H32: 1.8 | K32: m | R32: Inlet Flow | W32: : | X32: 600 | AA32: m3/hr
C33: Diameter | G33: : | H33: =L33*6/PI() -> 17.188734 | K33: m | L33: 9 | N33: plates (H)
B34: Diameter Taken | G34: : | H34: 32.001 | K34: m | R34: Outlet Flow | W34: : | X34: 300 | AA34: m3/hr
B35: Number of Shell | G35: : | H35: 8 | K35: plates (V) | R35: Response Time | W35: : | X35: 15 | AA35: minutes | AC35: H to HH
B36: Total Tank Height | G36: : | H36: =H32*H35 -> 14.4 | K36: m | R36: Critical High Response | W36: : | X36: 30 | AA36: minutes | AC36: HH to FC
R37: Response Time | W37: : | X37: 15 | AA37: minutes | AC37: L to LL
B39: Critcal High (CH) = Tabel Tangki Tinggi Max Vol. Bersih | L39: : | M39: =U39+U68+U74 -> 10710 | N39: mm | O39: See SAP & Tabel Tangki | U39: =Sheet1!B32 -> 10148 | X39: mm
B40: Low Level (LLLL) = Unpumpable/Dead Stock (Data SAP) | L40: : | M40: =U40/1000 -> 582 | N40: KL | O40: See Data SAP | U40: =Sheet1!M32 -> 582000 | X40: L
M41: =Sheet1!E32 -> 600 | N41: mm | O41: See SAP & Tabel Tangki
AX64: =306+(3*2.54) -> 313.62
B65: Volume per meter of height | J65: : | K65: =PI()*H34^2/4 -> 804.29799 | M65: m3/m | AX65: =PI()*H34^2*0.25*AX64/1000 -> 252.24393
B67: CH to HHLL Volume | J67: : | K67: =X36*X32/60 -> 300 | M67: m3
B68: CH to HHLL Space | J68: : | K68: =K67/K65*1000 -> 372.99609 | M68: mm | R68: taken | T68: : | U68: 374 | W68: mm | Z68: HHLL to CH
T69: : | U69: =U68/1000*K65/X32*60 -> 30.080745 | W69: minutes | Z69: HHLL to CH
B70: Top Shell to HHLL Space | J70: : | K70: =U68 -> 374 | M70: mm
B71: HHLL Height from Bottom | J71: : | K71: =M39-K70 -> 10336 | M71: mm
B73: HHLL to HLL Volume | J73: : | K73: =X32*X35/60 -> 150 | M73: m3
B74: HHLL to HLL Space | J74: : | K74: =K73/K65*1000 -> 186.49804 | M74: mm | R74: taken | T74: : | U74: 188 | W74: mm | Z74: HLL to HHLL
U75: =U74/1000*K65/X32*60 -> 15.120802 | W75: minutes | Z75: HLL to HHLL
B76: Top Shell to HLL Space | J76: : | K76: =U68+U74 -> 562 | M76: mm
B77: HLL Height from Bottom | J77: : | K77: =M39-K76 -> 10148 | M77: mm
B79: Inlet Nozzle Recommendation | J79: : | K79: 16 | M79: inches | T79: : | U79: =K79*25.4 -> 406.4 | W79: mm
B80: Internal Diameter | J80: : | K80: 16 | M80: inches | P80: Inlet velocity | T80: : | U80: =X32/3600/(PI()*(K80/39.36996)^2/4) -> 1.2848394 | W80: m/s
B82: Outlet Nozzle Recommendation | J82: : | K82: 12 | M82: inches | T82: : | U82: =K82*25.4 -> 304.8 | W82: mm
B83: Internal Diameter | J83: : | K83: 12 | M83: inches | P83: Outlet velocity | T83: : | U83: =X34/3600/(PI()*(K83/39.36996)^2/4) -> 1.1420795 | W83: m/s
B85: Bottom to Center Nozzle | I85: Reg | J85: : | K85: 306 | M85: mm | O85: see Tabel 5.6a API 650 column 8
I86: Low | J86: : | K86: 200 | M86: mm | O86: see Tabel 5.6a API 650 column 9c
B87: Additional Space Nozzle to LLLL | J87: : | K87: 0 | M87: mm
B88: Minimum LLLL height Form Bottom | J88: : | K88: =M41 -> 600 | M88: mm
B90: LLLL to LLL Volume | J90: : | K90: =X34*X37/60 -> 75 | M90: m3
B91: LLLL to LLL Space | J91: : | K91: =K90/K65*1000 -> 93.249021 | M91: mm | R91: taken | T91: : | U91: 94 | W91: mm | Z91: LLLL to LLL
B92: HLL Height from Bottom | J92: : | K92: =K88+U91 -> 694 | M92: mm | U92: =U91/1000*K65/X34*60 -> 15.120802 | W92: minutes | Z92: LLLL to LLL
A99: D. Result
B101: Max Tank Volume | H101: : | J101: =PI()*$H$34^2/4*M39/1000 -> 8614.0314 | L101: kL | N101: (total volume, bottom - top)
B102: Maximum Capacity | H102: : | J102: =PI()*$H$34^2/4*L106/1000 -> 8313.224 | L102: kL | N102: (maximum tank capacity, bottom to HHLL)
B103: Net Working Capacity | H103: : | J103: =PI()*$H$34^2/4*(L107-L108)/1000 -> 7603.8332 | L103: kL | N103: (maximum operating capacity, LLL to HLL)
B104: Safe Capacity | H104: : | J104: =PI()*$H$34^2/4*(L107-L109)/1000 -> 7679.4372 | L104: kL | N104: (maximum operating capacity, LLL to HLL)
B105: Dead Volume | H105: : | J105: =PI()*$H$34^2/4*L109/1000 -> 482.57879 | L105: kL | N105: (dead stock capacity, bottom to LLLL)
E106: HHLL | J106: : | L106: =K71 -> 10336 | N106: mm
E107: HLL | J107: : | L107: =K77 -> 10148 | N107: mm | S107: `
E108: LLL | J108: : | L108: =K92 -> 694 | N108: mm
E109: LLLL | J109: : | L109: =K88 -> 600 | N109: mm
F116: Critical H | Z116: =M39 -> 10710 | AB116: mm
D117: =U69 -> 30.080745 | E117: min
F118: HHLL | Z118: =L106 -> 10336 | AB118: mm
D119: =U75 -> 15.120802 | E119: min
F120: HLL | Z120: =L107 -> 10148 | AB120: mm
D125: Height : | K125: Safe Capacity | R125: Net Working Capacity
C126: =H36*1000 -> 14400 | E126: mm | K126: =J104 -> 7679.4372 | L126: KL | R126: =J103 -> 7603.8332 | S126: KL
F136: LLL | Z136: =L108 -> 694 | AB136: mm
D137: =U92 -> 15.120802 | E137: min
F138: LLLL | Z138: =L109 -> 600 | AB138: mm
O144: Diameter : | P144: =H34*1000 -> 32001 | R144: mm
T150: FOAM CHAMBER
T151: A | U151: = | V151: =PI()/4*H34^2 -> 804.29799 | Y151: M2
T152: FOAM | U152: = | V152: 4.1 | Y152: LPM/M2
T153: Q | U153: = | V153: =V151*V152 -> 3297.6217 | Y153: LPM
V154: =V153*60/1000 -> 197.8573 | Y154: M3/HR
A156: ` | U156: K | X156: Q | Y156: Nf
T157: 4 | U157: 175 | W157: =U157*(3.5)^(0.5) -> 327.39502 | Y157: =ROUNDUP($V$153/W157,0) -> 11
T158: 6 | U158: 350 | W158: =U158*(3.5)^(0.5) -> 654.79004 | Y158: =ROUNDUP($V$153/W158,0) -> 6
T159: 8 | U159: 700 | W159: =U159*(3.5)^(0.5) -> 1309.5801 | Y159: =ROUNDUP($V$153/W159,0) -> 3
T160: 10 | U160: 1400 | W160: =U160*(3.5)^(0.5) -> 2619.1602 | Y160: =ROUNDUP($V$153/W160,0) -> 2

Sheet T41
A2: OVERFILL STORAGE TANK SIZING
A3: FUEL TANK
B5: LOCATION | G5: : | H5: IT SURABAYA | Z5: By | AB5: :
B6: PROJECT TITLE | G6: : | H6: Tangki Timbun BBM T41 | Z6: Check | AB6: : | AI6: =PI()*H34 -> 107.21627 | AJ6: =AI6/6 -> 17.869379
H7: PERTAMAX | Z7: Rev | AB7: :
AJ9: DIMENSION
A11: A. Reference
B12: API 2350 - Overfill Prevention for Storage Tanks in Petroleum Facilities
A14: B. Terms, Definitions, & Acronyms
B15: Critical High (CH) level | H15: : | I15: The highest level in the tank that product can reach without detrimental impacts (i.e. product overflow or tank damage)
B17: High-High tank level alarm (LAHH) | H17: : | I17: An alarm generated when the product level reaches the High-High (HH) tank level
B18: High-High (HH) tank level | H18: : | I18: A level sufficiently below the Critical High (CH) level to enable termination of a receipt or transfer before the Critical High (CH) level is reached
B20: AOPS | H20: : | I20: Automated Overfill Prefention System
B21: CH | H21: : | I21: Critical High
B22: HH | H22: : | I22: High-High tank level
B23: LAHH | H23: : | I23: High-High tank level alarm
B24: FC | H24: : | I24: Foam Chamber
B25: TA | H25: : | I25: Top Angle
A27: A. Purpose
B28: To obtain level of concern storage tank at IT SURABAYA
A30: C. Summary Data
B31: Required Capacity (SAFE) | G31: : | H31: =Sheet1!B33 -> 7025 | K31: kL | R31: Calculation Data
B32: Shell plate height | G32: : | H32: 1.8 | K32: m | R32: Inlet Flow | W32: : | X32: 600 | AA32: m3/hr
C33: Diameter | G33: : | H33: =L33*6/PI() -> 17.188734 | K33: m | L33: 9 | N33: plates (H)
B34: Diameter Taken | G34: : | H34: 34.128 | K34: m | R34: Outlet Flow | W34: : | X34: 300 | AA34: m3/hr
B35: Number of Shell | G35: : | H35: 6 | K35: plates (V) | R35: Response Time | W35: : | X35: 15 | AA35: minutes | AC35: H to HH
B36: Total Tank Height | G36: : | H36: =H32*H35 -> 10.8 | K36: m | R36: Critical High Response | W36: : | X36: 30 | AA36: minutes | AC36: HH to FC
R37: Response Time | W37: : | X37: 15 | AA37: minutes | AC37: L to LL
B39: Critcal High (CH) = Tabel Tangki Tinggi Max Vol. Bersih | L39: : | M39: =U39+U68+U74 -> 8145 | N39: mm | O39: See SAP & Tabel Tangki | U39: =Sheet1!C33 -> 7650 | X39: mm
B40: Low Level (LLLL) = Unpumpable/Dead Stock (Data SAP) | L40: : | M40: =U40/1000 -> 994 | N40: KL | O40: See Data SAP | U40: =Sheet1!M33 -> 994000 | X40: L
M41: =Sheet1!E33 -> 1000 | N41: mm | O41: See SAP & Tabel Tangki
AX64: =306+(3*2.54) -> 313.62
B65: Volume per meter of height | J65: : | K65: =PI()*H34^2/4 -> 914.76925 | M65: m3/m | AX65: =PI()*H34^2*0.25*AX64/1000 -> 286.88993
B67: CH to HHLL Volume | J67: : | K67: =X36*X32/60 -> 300 | M67: m3
B68: CH to HHLL Space | J68: : | K68: =K67/K65*1000 -> 327.95156 | M68: mm | R68: taken | T68: : | U68: 330 | W68: mm | Z68: HHLL to CH
T69: : | U69: =U68/1000*K65/X32*60 -> 30.187385 | W69: minutes | Z69: HHLL to CH
B70: Top Shell to HHLL Space | J70: : | K70: =U68 -> 330 | M70: mm
B71: HHLL Height from Bottom | J71: : | K71: =M39-K70 -> 7815 | M71: mm
B73: HHLL to HLL Volume | J73: : | K73: =X32*X35/60 -> 150 | M73: m3
B74: HHLL to HLL Space | J74: : | K74: =K73/K65*1000 -> 163.97578 | M74: mm | R74: taken | T74: : | U74: 165 | W74: mm | Z74: HLL to HHLL
U75: =U74/1000*K65/X32*60 -> 15.093693 | W75: minutes | Z75: HLL to HHLL
B76: Top Shell to HLL Space | J76: : | K76: =U68+U74 -> 495 | M76: mm
B77: HLL Height from Bottom | J77: : | K77: =M39-K76 -> 7650 | M77: mm
B79: Inlet Nozzle Recommendation | J79: : | K79: 16 | M79: inches | T79: : | U79: =K79*25.4 -> 406.4 | W79: mm
B80: Internal Diameter | J80: : | K80: 16 | M80: inches | P80: Inlet velocity | T80: : | U80: =X32/3600/(PI()*(K80/39.36996)^2/4) -> 1.2848394 | W80: m/s
B82: Outlet Nozzle Recommendation | J82: : | K82: 12 | M82: inches | T82: : | U82: =K82*25.4 -> 304.8 | W82: mm
B83: Internal Diameter | J83: : | K83: 12 | M83: inches | P83: Outlet velocity | T83: : | U83: =X34/3600/(PI()*(K83/39.36996)^2/4) -> 1.1420795 | W83: m/s
B85: Bottom to Center Nozzle | I85: Reg | J85: : | K85: 306 | M85: mm | O85: see Tabel 5.6a API 650 column 8
I86: Low | J86: : | K86: 200 | M86: mm | O86: see Tabel 5.6a API 650 column 9c
B87: Additional Space Nozzle to LLLL | J87: : | K87: 0 | M87: mm
B88: Minimum LLLL height Form Bottom | J88: : | K88: =M41 -> 1000 | M88: mm
B90: LLLL to LLL Volume | J90: : | K90: =X34*X37/60 -> 75 | M90: m3
B91: LLLL to LLL Space | J91: : | K91: =K90/K65*1000 -> 81.987889 | M91: mm | R91: taken | T91: : | U91: 83 | W91: mm | Z91: LLLL to LLL
B92: HLL Height from Bottom | J92: : | K92: =K88+U91 -> 1083 | M92: mm | U92: =U91/1000*K65/X34*60 -> 15.18517 | W92: minutes | Z92: LLLL to LLL
A99: D. Result
B101: Max Tank Volume | H101: : | J101: =PI()*$H$34^2/4*M39/1000 -> 7450.7955 | L101: kL | N101: (total volume, bottom - top)
B102: Maximum Capacity | H102: : | J102: =PI()*$H$34^2/4*L106/1000 -> 7148.9217 | L102: kL | N102: (maximum tank capacity, bottom to HHLL)
B103: Net Working Capacity | H103: : | J103: =PI()*$H$34^2/4*(L107-L108)/1000 -> 6007.2897 | L103: kL | N103: (maximum operating capacity, LLL to HLL)
B104: Safe Capacity | H104: : | J104: =PI()*$H$34^2/4*(L107-L109)/1000 -> 6083.2155 | L104: kL | N104: (maximum operating capacity, LLL to HLL)
B105: Dead Volume | H105: : | J105: =PI()*$H$34^2/4*L109/1000 -> 914.76925 | L105: kL | N105: (dead stock capacity, bottom to LLLL)
E106: HHLL | J106: : | L106: =K71 -> 7815 | N106: mm
E107: HLL | J107: : | L107: =K77 -> 7650 | N107: mm | S107: `
E108: LLL | J108: : | L108: =K92 -> 1083 | N108: mm
E109: LLLL | J109: : | L109: =K88 -> 1000 | N109: mm
F116: Critical H | Z116: =M39 -> 8145 | AB116: mm
D117: =U69 -> 30.187385 | E117: min
F118: HHLL | Z118: =L106 -> 7815 | AB118: mm
D119: =U75 -> 15.093693 | E119: min
F120: HLL | Z120: =L107 -> 7650 | AB120: mm
D125: Height : | K125: Safe Capacity | R125: Net Working Capacity
C126: =H36*1000 -> 10800 | E126: mm | K126: =J104 -> 6083.2155 | L126: KL | R126: =J103 -> 6007.2897 | S126: KL
F136: LLL | Z136: =L108 -> 1083 | AB136: mm
D137: =U92 -> 15.18517 | E137: min
F138: LLLL | Z138: =L109 -> 1000 | AB138: mm
O144: Diameter : | P144: =H34*1000 -> 34128 | R144: mm
T150: FOAM CHAMBER
T151: A | U151: = | V151: =PI()/4*H34^2 -> 914.76925 | Y151: M2
T152: FOAM | U152: = | V152: 4.1 | Y152: LPM/M2
T153: Q | U153: = | V153: =V151*V152 -> 3750.5539 | Y153: LPM
V154: =V153*60/1000 -> 225.03324 | Y154: M3/HR
A156: ` | U156: K | X156: Q | Y156: Nf
T157: 4 | U157: 175 | W157: =U157*(3.5)^(0.5) -> 327.39502 | Y157: =ROUNDUP($V$153/W157,0) -> 12
T158: 6 | U158: 350 | W158: =U158*(3.5)^(0.5) -> 654.79004 | Y158: =ROUNDUP($V$153/W158,0) -> 6
T159: 8 | U159: 700 | W159: =U159*(3.5)^(0.5) -> 1309.5801 | Y159: =ROUNDUP($V$153/W159,0) -> 3
T160: 10 | U160: 1400 | W160: =U160*(3.5)^(0.5) -> 2619.1602 | Y160: =ROUNDUP($V$153/W160,0) -> 2

Sheet T42
A2: OVERFILL STORAGE TANK SIZING
A3: FUEL TANK
B5: LOCATION | G5: : | H5: IT SURABAYA | Z5: By | AB5: :
B6: PROJECT TITLE | G6: : | H6: Tangki Timbun BBM T42 | Z6: Check | AB6: : | AI6: =PI()*H34 -> 109.79552 | AJ6: =AI6/6 -> 18.299254
H7: PERTAMAX TURBO | Z7: Rev | AB7: :
AJ9: DIMENSION
A11: A. Reference
B12: API 2350 - Overfill Prevention for Storage Tanks in Petroleum Facilities
A14: B. Terms, Definitions, & Acronyms
B15: Critical High (CH) level | H15: : | I15: The highest level in the tank that product can reach without detrimental impacts (i.e. product overflow or tank damage)
B17: High-High tank level alarm (LAHH) | H17: : | I17: An alarm generated when the product level reaches the High-High (HH) tank level
B18: High-High (HH) tank level | H18: : | I18: A level sufficiently below the Critical High (CH) level to enable termination of a receipt or transfer before the Critical High (CH) level is reached
B20: AOPS | H20: : | I20: Automated Overfill Prefention System
B21: CH | H21: : | I21: Critical High
B22: HH | H22: : | I22: High-High tank level
B23: LAHH | H23: : | I23: High-High tank level alarm
B24: FC | H24: : | I24: Foam Chamber
B25: TA | H25: : | I25: Top Angle
A27: A. Purpose
B28: To obtain level of concern storage tank at IT SURABAYA
A30: C. Summary Data
B31: Required Capacity (SAFE) | G31: : | H31: =Sheet1!B34 -> 9905 | K31: kL | R31: Calculation Data
B32: Shell plate height | G32: : | H32: 1.82 | K32: m | R32: Inlet Flow | W32: : | X32: 600 | AA32: m3/hr
C33: Diameter | G33: : | H33: =L33*6/PI() -> 9.5492966 | K33: m | L33: 5 | N33: plates (H)
B34: Diameter Taken | G34: : | H34: 34.949 | K34: m | R34: Outlet Flow | W34: : | X34: 300 | AA34: m3/hr
B35: Number of Shell | G35: : | H35: 6 | K35: plates (V) | R35: Response Time | W35: : | X35: 15 | AA35: minutes | AC35: H to HH
B36: Total Tank Height | G36: : | H36: =H32*H35 -> 10.92 | K36: m | R36: Critical High Response | W36: : | X36: 30 | AA36: minutes | AC36: HH to FC
R37: Response Time | W37: : | X37: 15 | AA37: minutes | AC37: L to LL
B39: Critcal High (CH) = Tabel Tangki Tinggi Max Vol. Bersih | L39: : | M39: =U39+U68+U74 -> 10670 | N39: mm | O39: See SAP & Tabel Tangki | U39: =Sheet1!C34 -> 10200 | X39: mm
B40: Low Level (LLLL) = Unpumpable/Dead Stock (Data SAP) | L40: : | M40: =U40/1000 -> 1270 | N40: KL | O40: See Data SAP | U40: =Sheet1!M34 -> 1270000 | X40: L
M41: =Sheet1!E34 -> 1200 | N41: mm | O41: See SAP & Tabel Tangki
AX64: =306+(3*2.54) -> 313.62
B65: Volume per meter of height | J65: : | K65: =PI()*H34^2/4 -> 959.31092 | M65: m3/m | AX65: =PI()*H34^2*0.25*AX64/1000 -> 300.85909
B67: CH to HHLL Volume | J67: : | K67: =X36*X32/60 -> 300 | M67: m3
B68: CH to HHLL Space | J68: : | K68: =K67/K65*1000 -> 312.72447 | M68: mm | R68: taken | T68: : | U68: 313 | W68: mm | Z68: HHLL to CH
T69: : | U69: =U68/1000*K65/X32*60 -> 30.026432 | W69: minutes | Z69: HHLL to CH
B70: Top Shell to HHLL Space | J70: : | K70: =U68 -> 313 | M70: mm
B71: HHLL Height from Bottom | J71: : | K71: =M39-K70 -> 10357 | M71: mm
B73: HHLL to HLL Volume | J73: : | K73: =X32*X35/60 -> 150 | M73: m3
B74: HHLL to HLL Space | J74: : | K74: =K73/K65*1000 -> 156.36224 | M74: mm | R74: taken | T74: : | U74: 157 | W74: mm | Z74: HLL to HHLL
U75: =U74/1000*K65/X32*60 -> 15.061181 | W75: minutes | Z75: HLL to HHLL
B76: Top Shell to HLL Space | J76: : | K76: =U68+U74 -> 470 | M76: mm
B77: HLL Height from Bottom | J77: : | K77: =M39-K76 -> 10200 | M77: mm
B79: Inlet Nozzle Recommendation | J79: : | K79: 16 | M79: inches | T79: : | U79: =K79*25.4 -> 406.4 | W79: mm
B80: Internal Diameter | J80: : | K80: 16 | M80: inches | P80: Inlet velocity | T80: : | U80: =X32/3600/(PI()*(K80/39.36996)^2/4) -> 1.2848394 | W80: m/s
B82: Outlet Nozzle Recommendation | J82: : | K82: 12 | M82: inches | T82: : | U82: =K82*25.4 -> 304.8 | W82: mm
B83: Internal Diameter | J83: : | K83: 12 | M83: inches | P83: Outlet velocity | T83: : | U83: =X34/3600/(PI()*(K83/39.36996)^2/4) -> 1.1420795 | W83: m/s
B85: Bottom to Center Nozzle | I85: Reg | J85: : | K85: 306 | M85: mm | O85: see Tabel 5.6a API 650 column 8
I86: Low | J86: : | K86: 200 | M86: mm | O86: see Tabel 5.6a API 650 column 9c
B87: Additional Space Nozzle to LLLL | J87: : | K87: 0 | M87: mm
B88: Minimum LLLL height Form Bottom | J88: : | K88: =M41 -> 1200 | M88: mm
B90: LLLL to LLL Volume | J90: : | K90: =X34*X37/60 -> 75 | M90: m3
B91: LLLL to LLL Space | J91: : | K91: =K90/K65*1000 -> 78.181118 | M91: mm | R91: taken | T91: : | U91: 79 | W91: mm | Z91: LLLL to LLL
B92: HLL Height from Bottom | J92: : | K92: =K88+U91 -> 1279 | M92: mm | U92: =U91/1000*K65/X34*60 -> 15.157113 | W92: minutes | Z92: LLLL to LLL
A99: D. Result
B101: Max Tank Volume | H101: : | J101: =PI()*$H$34^2/4*M39/1000 -> 10235.848 | L101: kL | N101: (total volume, bottom - top)
B102: Maximum Capacity | H102: : | J102: =PI()*$H$34^2/4*L106/1000 -> 9935.5832 | L102: kL | N102: (maximum tank capacity, bottom to HHLL)
B103: Net Working Capacity | H103: : | J103: =PI()*$H$34^2/4*(L107-L108)/1000 -> 8558.0127 | L103: kL | N103: (maximum operating capacity, LLL to HLL)
B104: Safe Capacity | H104: : | J104: =PI()*$H$34^2/4*(L107-L109)/1000 -> 8633.7983 | L104: kL | N104: (maximum operating capacity, LLL to HLL)
B105: Dead Volume | H105: : | J105: =PI()*$H$34^2/4*L109/1000 -> 1151.1731 | L105: kL | N105: (dead stock capacity, bottom to LLLL)
E106: HHLL | J106: : | L106: =K71 -> 10357 | N106: mm
E107: HLL | J107: : | L107: =K77 -> 10200 | N107: mm | S107: `
E108: LLL | J108: : | L108: =K92 -> 1279 | N108: mm
E109: LLLL | J109: : | L109: =K88 -> 1200 | N109: mm
F116: Critical H | Z116: =M39 -> 10670 | AB116: mm
D117: =U69 -> 30.026432 | E117: min
F118: HHLL | Z118: =L106 -> 10357 | AB118: mm
D119: =U75 -> 15.061181 | E119: min
F120: HLL | Z120: =L107 -> 10200 | AB120: mm
D125: Height : | K125: Safe Capacity | R125: Net Working Capacity
C126: =H36*1000 -> 10920 | E126: mm | K126: =J104 -> 8633.7983 | L126: KL | R126: =J103 -> 8558.0127 | S126: KL
F136: LLL | Z136: =L108 -> 1279 | AB136: mm
D137: =U92 -> 15.157113 | E137: min
F138: LLLL | Z138: =L109 -> 1200 | AB138: mm
O144: Diameter : | P144: =H34*1000 -> 34949 | R144: mm
T150: FOAM CHAMBER
T151: A | U151: = | V151: =PI()/4*H34^2 -> 959.31092 | Y151: M2
T152: FOAM | U152: = | V152: 4.1 | Y152: LPM/M2
T153: Q | U153: = | V153: =V151*V152 -> 3933.1748 | Y153: LPM
V154: =V153*60/1000 -> 235.99049 | Y154: M3/HR
A156: ` | U156: K | X156: Q | Y156: Nf
T157: 4 | U157: 175 | W157: =U157*(3.5)^(0.5) -> 327.39502 | Y157: =ROUNDUP($V$153/W157,0) -> 13
T158: 6 | U158: 350 | W158: =U158*(3.5)^(0.5) -> 654.79004 | Y158: =ROUNDUP($V$153/W158,0) -> 7
T159: 8 | U159: 700 | W159: =U159*(3.5)^(0.5) -> 1309.5801 | Y159: =ROUNDUP($V$153/W159,0) -> 4
T160: 10 | U160: 1400 | W160: =U160*(3.5)^(0.5) -> 2619.1602 | Y160: =ROUNDUP($V$153/W160,0) -> 2

Sheet T44
A2: OVERFILL STORAGE TANK SIZING
A3: FUEL TANK
B5: LOCATION | G5: : | H5: IT SURABAYA | Z5: By | AB5: :
B6: PROJECT TITLE | G6: : | H6: Tangki Timbun BBM T44 | Z6: Check | AB6: : | AI6: =PI()*H34 -> 114.90375 | AJ6: =AI6/6 -> 19.150625
H7: PERTAMAX | Z7: Rev | AB7: :
AJ9: DIMENSION
A11: A. Reference
B12: API 2350 - Overfill Prevention for Storage Tanks in Petroleum Facilities
A14: B. Terms, Definitions, & Acronyms
B15: Critical High (CH) level | H15: : | I15: The highest level in the tank that product can reach without detrimental impacts (i.e. product overflow or tank damage)
B17: High-High tank level alarm (LAHH) | H17: : | I17: An alarm generated when the product level reaches the High-High (HH) tank level
B18: High-High (HH) tank level | H18: : | I18: A level sufficiently below the Critical High (CH) level to enable termination of a receipt or transfer before the Critical High (CH) level is reached
B20: AOPS | H20: : | I20: Automated Overfill Prefention System
B21: CH | H21: : | I21: Critical High
B22: HH | H22: : | I22: High-High tank level
B23: LAHH | H23: : | I23: High-High tank level alarm
B24: FC | H24: : | I24: Foam Chamber
B25: TA | H25: : | I25: Top Angle
A27: A. Purpose
B28: To obtain level of concern storage tank at IT SURABAYA
A30: C. Summary Data
B31: Required Capacity (SAFE) | G31: : | H31: =Sheet1!B35 -> 8234 | K31: kL | R31: Calculation Data
B32: Shell plate height | G32: : | H32: 1.82 | K32: m | R32: Inlet Flow | W32: : | X32: 600 | AA32: m3/hr
C33: Diameter | G33: : | H33: =L33*6/PI() -> 9.5492966 | K33: m | L33: 5 | N33: plates (H)
B34: Diameter Taken | G34: : | H34: 36.575 | K34: m | R34: Outlet Flow | W34: : | X34: 300 | AA34: m3/hr
B35: Number of Shell | G35: : | H35: 5 | K35: plates (V) | R35: Response Time | W35: : | X35: 15 | AA35: minutes | AC35: H to HH
B36: Total Tank Height | G36: : | H36: =H32*H35 -> 9.1 | K36: m | R36: Critical High Response | W36: : | X36: 30 | AA36: minutes | AC36: HH to FC
R37: Response Time | W37: : | X37: 15 | AA37: minutes | AC37: L to LL
B39: Critcal High (CH) = Tabel Tangki Tinggi Max Vol. Bersih | L39: : | M39: =U39+U68+U74 -> 8129 | N39: mm | O39: See SAP & Tabel Tangki | U39: =Sheet1!C35 -> 7700 | X39: mm
B40: Low Level (LLLL) = Unpumpable/Dead Stock (Data SAP) | L40: : | M40: =U40/1000 -> 1408 | N40: KL | O40: See Data SAP | U40: =Sheet1!M35 -> 1408000 | X40: L
M41: =Sheet1!E35 -> 1200 | N41: mm | O41: See SAP & Tabel Tangki
AX64: =306+(3*2.54) -> 313.62
B65: Volume per meter of height | J65: : | K65: =PI()*H34^2/4 -> 1050.6512 | M65: m3/m | AX65: =PI()*H34^2*0.25*AX64/1000 -> 329.50522
B67: CH to HHLL Volume | J67: : | K67: =X36*X32/60 -> 300 | M67: m3
B68: CH to HHLL Space | J68: : | K68: =K67/K65*1000 -> 285.5372 | M68: mm | R68: taken | T68: : | U68: 286 | W68: mm | Z68: HHLL to CH
T69: : | U69: =U68/1000*K65/X32*60 -> 30.048624 | W69: minutes | Z69: HHLL to CH
B70: Top Shell to HHLL Space | J70: : | K70: =U68 -> 286 | M70: mm
B71: HHLL Height from Bottom | J71: : | K71: =M39-K70 -> 7843 | M71: mm
B73: HHLL to HLL Volume | J73: : | K73: =X32*X35/60 -> 150 | M73: m3
B74: HHLL to HLL Space | J74: : | K74: =K73/K65*1000 -> 142.7686 | M74: mm | R74: taken | T74: : | U74: 143 | W74: mm | Z74: HLL to HHLL
U75: =U74/1000*K65/X32*60 -> 15.024312 | W75: minutes | Z75: HLL to HHLL
B76: Top Shell to HLL Space | J76: : | K76: =U68+U74 -> 429 | M76: mm
B77: HLL Height from Bottom | J77: : | K77: =M39-K76 -> 7700 | M77: mm
B79: Inlet Nozzle Recommendation | J79: : | K79: 16 | M79: inches | T79: : | U79: =K79*25.4 -> 406.4 | W79: mm
B80: Internal Diameter | J80: : | K80: 16 | M80: inches | P80: Inlet velocity | T80: : | U80: =X32/3600/(PI()*(K80/39.36996)^2/4) -> 1.2848394 | W80: m/s
B82: Outlet Nozzle Recommendation | J82: : | K82: 12 | M82: inches | T82: : | U82: =K82*25.4 -> 304.8 | W82: mm
B83: Internal Diameter | J83: : | K83: 12 | M83: inches | P83: Outlet velocity | T83: : | U83: =X34/3600/(PI()*(K83/39.36996)^2/4) -> 1.1420795 | W83: m/s
B85: Bottom to Center Nozzle | I85: Reg | J85: : | K85: 306 | M85: mm | O85: see Tabel 5.6a API 650 column 8
I86: Low | J86: : | K86: 200 | M86: mm | O86: see Tabel 5.6a API 650 column 9c
B87: Additional Space Nozzle to LLLL | J87: : | K87: 0 | M87: mm
B88: Minimum LLLL height Form Bottom | J88: : | K88: =M41 -> 1200 | M88: mm
B90: LLLL to LLL Volume | J90: : | K90: =X34*X37/60 -> 75 | M90: m3
B91: LLLL to LLL Space | J91: : | K91: =K90/K65*1000 -> 71.384301 | M91: mm | R91: taken | T91: : | U91: 72 | W91: mm | Z91: LLLL to LLL
B92: HLL Height from Bottom | J92: : | K92: =K88+U91 -> 1272 | M92: mm | U92: =U91/1000*K65/X34*60 -> 15.129377 | W92: minutes | Z92: LLLL to LLL
A99: D. Result
B101: Max Tank Volume | H101: : | J101: =PI()*$H$34^2/4*M39/1000 -> 8540.7434 | L101: kL | N101: (total volume, bottom - top)
B102: Maximum Capacity | H102: : | J102: =PI()*$H$34^2/4*L106/1000 -> 8240.2572 | L102: kL | N102: (maximum tank capacity, bottom to HHLL)
B103: Net Working Capacity | H103: : | J103: =PI()*$H$34^2/4*(L107-L108)/1000 -> 6753.5858 | L103: kL | N103: (maximum operating capacity, LLL to HLL)
B104: Safe Capacity | H104: : | J104: =PI()*$H$34^2/4*(L107-L109)/1000 -> 6829.2326 | L104: kL | N104: (maximum operating capacity, LLL to HLL)
B105: Dead Volume | H105: : | J105: =PI()*$H$34^2/4*L109/1000 -> 1260.7814 | L105: kL | N105: (dead stock capacity, bottom to LLLL)
E106: HHLL | J106: : | L106: =K71 -> 7843 | N106: mm
E107: HLL | J107: : | L107: =K77 -> 7700 | N107: mm | S107: `
E108: LLL | J108: : | L108: =K92 -> 1272 | N108: mm
E109: LLLL | J109: : | L109: =K88 -> 1200 | N109: mm
F116: Critical H | Z116: =M39 -> 8129 | AB116: mm
D117: =U69 -> 30.048624 | E117: min
F118: HHLL | Z118: =L106 -> 7843 | AB118: mm
D119: =U75 -> 15.024312 | E119: min
F120: HLL | Z120: =L107 -> 7700 | AB120: mm
D125: Height : | K125: Safe Capacity | R125: Net Working Capacity
C126: =H36*1000 -> 9100 | E126: mm | K126: =J104 -> 6829.2326 | L126: KL | R126: =J103 -> 6753.5858 | S126: KL
F136: LLL | Z136: =L108 -> 1272 | AB136: mm
D137: =U92 -> 15.129377 | E137: min
F138: LLLL | Z138: =L109 -> 1200 | AB138: mm
O144: Diameter : | P144: =H34*1000 -> 36575 | R144: mm
T150: FOAM CHAMBER
T151: A | U151: = | V151: =PI()/4*H34^2 -> 1050.6512 | Y151: M2
T152: FOAM | U152: = | V152: 4.1 | Y152: LPM/M2
T153: Q | U153: = | V153: =V151*V152 -> 4307.6698 | Y153: LPM
V154: =V153*60/1000 -> 258.46019 | Y154: M3/HR
A156: ` | U156: K | X156: Q | Y156: Nf
T157: 4 | U157: 175 | W157: =U157*(3.5)^(0.5) -> 327.39502 | Y157: =ROUNDUP($V$153/W157,0) -> 14
T158: 6 | U158: 350 | W158: =U158*(3.5)^(0.5) -> 654.79004 | Y158: =ROUNDUP($V$153/W158,0) -> 7
T159: 8 | U159: 700 | W159: =U159*(3.5)^(0.5) -> 1309.5801 | Y159: =ROUNDUP($V$153/W159,0) -> 4
T160: 10 | U160: 1400 | W160: =U160*(3.5)^(0.5) -> 2619.1602 | Y160: =ROUNDUP($V$153/W160,0) -> 2

Sheet T45
A2: OVERFILL STORAGE TANK SIZING
A3: FUEL TANK
B5: LOCATION | G5: : | H5: IT SURABAYA | Z5: By | AB5: :
B6: PROJECT TITLE | G6: : | H6: Tangki Timbun BBM T45 | Z6: Check | AB6: : | AI6: =PI()*H34 -> 76.601454 | AJ6: =AI6/6 -> 12.766909
H7: BIOSOLAR B40 | Z7: Rev | AB7: :
AJ9: DIMENSION
A11: A. Reference
B12: API 2350 - Overfill Prevention for Storage Tanks in Petroleum Facilities
A14: B. Terms, Definitions, & Acronyms
B15: Critical High (CH) level | H15: : | I15: The highest level in the tank that product can reach without detrimental impacts (i.e. product overflow or tank damage)
B17: High-High tank level alarm (LAHH) | H17: : | I17: An alarm generated when the product level reaches the High-High (HH) tank level
B18: High-High (HH) tank level | H18: : | I18: A level sufficiently below the Critical High (CH) level to enable termination of a receipt or transfer before the Critical High (CH) level is reached
B20: AOPS | H20: : | I20: Automated Overfill Prefention System
B21: CH | H21: : | I21: Critical High
B22: HH | H22: : | I22: High-High tank level
B23: LAHH | H23: : | I23: High-High tank level alarm
B24: FC | H24: : | I24: Foam Chamber
B25: TA | H25: : | I25: Top Angle
A27: A. Purpose
B28: To obtain level of concern storage tank at IT SURABAYA
A30: C. Summary Data
B31: Required Capacity (SAFE) | G31: : | H31: =Sheet1!B36 -> 4693 | K31: kL | R31: Calculation Data
B32: Shell plate height | G32: : | H32: 1.82 | K32: m | R32: Inlet Flow | W32: : | X32: 500 | AA32: m3/hr
C33: Diameter | G33: : | H33: =L33*6/PI() -> 9.5492966 | K33: m | L33: 5 | N33: plates (H)
B34: Diameter Taken | G34: : | H34: 24.383 | K34: m | R34: Outlet Flow | W34: : | X34: 300 | AA34: m3/hr
B35: Number of Shell | G35: : | H35: 6 | K35: plates (V) | R35: Response Time | W35: : | X35: 15 | AA35: minutes | AC35: H to HH
B36: Total Tank Height | G36: : | H36: =H32*H35 -> 10.92 | K36: m | R36: Critical High Response | W36: : | X36: 30 | AA36: minutes | AC36: HH to FC
R37: Response Time | W37: : | X37: 15 | AA37: minutes | AC37: L to LL
B39: Critcal High (CH) = Tabel Tangki Tinggi Max Vol. Bersih | L39: : | M39: =U39+U68+U74 -> 10805 | N39: mm | O39: See SAP & Tabel Tangki | U39: =Sheet1!C36 -> 10000 | X39: mm
B40: Low Level (LLLL) = Unpumpable/Dead Stock (Data SAP) | L40: : | M40: =U40/1000 -> 311 | N40: KL | O40: See Data SAP | U40: =Sheet1!M36 -> 311000 | X40: L
M41: =Sheet1!E36 -> 600 | N41: mm | O41: See SAP & Tabel Tangki
AX64: =306+(3*2.54) -> 313.62
B65: Volume per meter of height | J65: : | K65: =PI()*H34^2/4 -> 466.94331 | M65: m3/m | AX65: =PI()*H34^2*0.25*AX64/1000 -> 146.44276
B67: CH to HHLL Volume | J67: : | K67: =X36*X32/60 -> 250 | M67: m3
B68: CH to HHLL Space | J68: : | K68: =K67/K65*1000 -> 535.3969 | M68: mm | R68: taken | T68: : | U68: 537 | W68: mm | Z68: HHLL to CH
T69: : | U69: =U68/1000*K65/X32*60 -> 30.089827 | W69: minutes | Z69: HHLL to CH
B70: Top Shell to HHLL Space | J70: : | K70: =U68 -> 537 | M70: mm
B71: HHLL Height from Bottom | J71: : | K71: =M39-K70 -> 10268 | M71: mm
B73: HHLL to HLL Volume | J73: : | K73: =X32*X35/60 -> 125 | M73: m3
B74: HHLL to HLL Space | J74: : | K74: =K73/K65*1000 -> 267.69845 | M74: mm | R74: taken | T74: : | U74: 268 | W74: mm | Z74: HLL to HHLL
U75: =U74/1000*K65/X32*60 -> 15.016897 | W75: minutes | Z75: HLL to HHLL
B76: Top Shell to HLL Space | J76: : | K76: =U68+U74 -> 805 | M76: mm
B77: HLL Height from Bottom | J77: : | K77: =M39-K76 -> 10000 | M77: mm
B79: Inlet Nozzle Recommendation | J79: : | K79: 16 | M79: inches | T79: : | U79: =K79*25.4 -> 406.4 | W79: mm
B80: Internal Diameter | J80: : | K80: 16 | M80: inches | P80: Inlet velocity | T80: : | U80: =X32/3600/(PI()*(K80/39.36996)^2/4) -> 1.0706995 | W80: m/s
B82: Outlet Nozzle Recommendation | J82: : | K82: 12 | M82: inches | T82: : | U82: =K82*25.4 -> 304.8 | W82: mm
B83: Internal Diameter | J83: : | K83: 12 | M83: inches | P83: Outlet velocity | T83: : | U83: =X34/3600/(PI()*(K83/39.36996)^2/4) -> 1.1420795 | W83: m/s
B85: Bottom to Center Nozzle | I85: Reg | J85: : | K85: 306 | M85: mm | O85: see Tabel 5.6a API 650 column 8
I86: Low | J86: : | K86: 200 | M86: mm | O86: see Tabel 5.6a API 650 column 9c
B87: Additional Space Nozzle to LLLL | J87: : | K87: 0 | M87: mm
B88: Minimum LLLL height Form Bottom | J88: : | K88: =M41 -> 600 | M88: mm
B90: LLLL to LLL Volume | J90: : | K90: =X34*X37/60 -> 75 | M90: m3
B91: LLLL to LLL Space | J91: : | K91: =K90/K65*1000 -> 160.61907 | M91: mm | R91: taken | T91: : | U91: 161 | W91: mm | Z91: LLLL to LLL
B92: HLL Height from Bottom | J92: : | K92: =K88+U91 -> 761 | M92: mm | U92: =U91/1000*K65/X34*60 -> 15.035575 | W92: minutes | Z92: LLLL to LLL
A99: D. Result
B101: Max Tank Volume | H101: : | J101: =PI()*$H$34^2/4*M39/1000 -> 5045.3225 | L101: kL | N101: (total volume, bottom - top)
B102: Maximum Capacity | H102: : | J102: =PI()*$H$34^2/4*L106/1000 -> 4794.5739 | L102: kL | N102: (maximum tank capacity, bottom to HHLL)
B103: Net Working Capacity | H103: : | J103: =PI()*$H$34^2/4*(L107-L108)/1000 -> 4314.0893 | L103: kL | N103: (maximum operating capacity, LLL to HLL)
B104: Safe Capacity | H104: : | J104: =PI()*$H$34^2/4*(L107-L109)/1000 -> 4389.2671 | L104: kL | N104: (maximum operating capacity, LLL to HLL)
B105: Dead Volume | H105: : | J105: =PI()*$H$34^2/4*L109/1000 -> 280.16599 | L105: kL | N105: (dead stock capacity, bottom to LLLL)
E106: HHLL | J106: : | L106: =K71 -> 10268 | N106: mm
E107: HLL | J107: : | L107: =K77 -> 10000 | N107: mm | S107: `
E108: LLL | J108: : | L108: =K92 -> 761 | N108: mm
E109: LLLL | J109: : | L109: =K88 -> 600 | N109: mm
F116: Critical H | Z116: =M39 -> 10805 | AB116: mm
D117: =U69 -> 30.089827 | E117: min
F118: HHLL | Z118: =L106 -> 10268 | AB118: mm
D119: =U75 -> 15.016897 | E119: min
F120: HLL | Z120: =L107 -> 10000 | AB120: mm
D125: Height : | K125: Safe Capacity | R125: Net Working Capacity
C126: =H36*1000 -> 10920 | E126: mm | K126: =J104 -> 4389.2671 | L126: KL | R126: =J103 -> 4314.0893 | S126: KL
F136: LLL | Z136: =L108 -> 761 | AB136: mm
D137: =U92 -> 15.035575 | E137: min
F138: LLLL | Z138: =L109 -> 600 | AB138: mm
O144: Diameter : | P144: =H34*1000 -> 24383 | R144: mm
T150: FOAM CHAMBER
T151: A | U151: = | V151: =PI()/4*H34^2 -> 466.94331 | Y151: M2
T152: FOAM | U152: = | V152: 4.1 | Y152: LPM/M2
T153: Q | U153: = | V153: =V151*V152 -> 1914.4676 | Y153: LPM
V154: =V153*60/1000 -> 114.86805 | Y154: M3/HR
A156: ` | U156: K | X156: Q | Y156: Nf
T157: 4 | U157: 175 | W157: =U157*(3.5)^(0.5) -> 327.39502 | Y157: =ROUNDUP($V$153/W157,0) -> 6
T158: 6 | U158: 350 | W158: =U158*(3.5)^(0.5) -> 654.79004 | Y158: =ROUNDUP($V$153/W158,0) -> 3
T159: 8 | U159: 700 | W159: =U159*(3.5)^(0.5) -> 1309.5801 | Y159: =ROUNDUP($V$153/W159,0) -> 2
T160: 10 | U160: 1400 | W160: =U160*(3.5)^(0.5) -> 2619.1602 | Y160: =ROUNDUP($V$153/W160,0) -> 1

Sheet T46
A2: OVERFILL STORAGE TANK SIZING
A3: FUEL TANK
B5: LOCATION | G5: : | H5: IT SURABAYA | Z5: By | AB5: :
B6: PROJECT TITLE | G6: : | H6: Tangki Timbun BBM T46 | Z6: Check | AB6: : | AI6: =PI()*H34 -> 76.548047 | AJ6: =AI6/6 -> 12.758008
H7: BIOSOLAR B40 | Z7: Rev | AB7: :
AJ9: DIMENSION
A11: A. Reference
B12: API 2350 - Overfill Prevention for Storage Tanks in Petroleum Facilities
A14: B. Terms, Definitions, & Acronyms
B15: Critical High (CH) level | H15: : | I15: The highest level in the tank that product can reach without detrimental impacts (i.e. product overflow or tank damage)
B17: High-High tank level alarm (LAHH) | H17: : | I17: An alarm generated when the product level reaches the High-High (HH) tank level
B18: High-High (HH) tank level | H18: : | I18: A level sufficiently below the Critical High (CH) level to enable termination of a receipt or transfer before the Critical High (CH) level is reached
B20: AOPS | H20: : | I20: Automated Overfill Prefention System
B21: CH | H21: : | I21: Critical High
B22: HH | H22: : | I22: High-High tank level
B23: LAHH | H23: : | I23: High-High tank level alarm
B24: FC | H24: : | I24: Foam Chamber
B25: TA | H25: : | I25: Top Angle
A27: A. Purpose
B28: To obtain level of concern storage tank at IT SURABAYA
A30: C. Summary Data
B31: Required Capacity (SAFE) | G31: : | H31: =Sheet1!B37 -> 4834 | K31: kL | R31: Calculation Data
B32: Shell plate height | G32: : | H32: 1.82 | K32: m | R32: Inlet Flow | W32: : | X32: 500 | AA32: m3/hr
C33: Diameter | G33: : | H33: =L33*6/PI() -> 9.5492966 | K33: m | L33: 5 | N33: plates (H)
B34: Diameter Taken | G34: : | H34: 24.366 | K34: m | R34: Outlet Flow | W34: : | X34: 300 | AA34: m3/hr
B35: Number of Shell | G35: : | H35: 6 | K35: plates (V) | R35: Response Time | W35: : | X35: 15 | AA35: minutes | AC35: H to HH
B36: Total Tank Height | G36: : | H36: =H32*H35 -> 10.92 | K36: m | R36: Critical High Response | W36: : | X36: 30 | AA36: minutes | AC36: HH to FC
R37: Response Time | W37: : | X37: 15 | AA37: minutes | AC37: L to LL
B39: Critcal High (CH) = Tabel Tangki Tinggi Max Vol. Bersih | L39: : | M39: =U39+U68+U74 -> 11106 | N39: mm | O39: See SAP & Tabel Tangki | U39: =Sheet1!C37 -> 10300 | X39: mm
B40: Low Level (LLLL) = Unpumpable/Dead Stock (Data SAP) | L40: : | M40: =U40/1000 -> 364 | N40: KL | O40: See Data SAP | U40: =Sheet1!M37 -> 364000 | X40: L
M41: =Sheet1!E37 -> 710 | N41: mm | O41: See SAP & Tabel Tangki
AX64: =306+(3*2.54) -> 313.62
B65: Volume per meter of height | J65: : | K65: =PI()*H34^2/4 -> 466.29243 | M65: m3/m | AX65: =PI()*H34^2*0.25*AX64/1000 -> 146.23863
B67: CH to HHLL Volume | J67: : | K67: =X36*X32/60 -> 250 | M67: m3
B68: CH to HHLL Space | J68: : | K68: =K67/K65*1000 -> 536.14424 | M68: mm | R68: taken | T68: : | U68: 537 | W68: mm | Z68: HHLL to CH
T69: : | U69: =U68/1000*K65/X32*60 -> 30.047884 | W69: minutes | Z69: HHLL to CH
B70: Top Shell to HHLL Space | J70: : | K70: =U68 -> 537 | M70: mm
B71: HHLL Height from Bottom | J71: : | K71: =M39-K70 -> 10569 | M71: mm
B73: HHLL to HLL Volume | J73: : | K73: =X32*X35/60 -> 125 | M73: m3
B74: HHLL to HLL Space | J74: : | K74: =K73/K65*1000 -> 268.07212 | M74: mm | R74: taken | T74: : | U74: 269 | W74: mm | Z74: HLL to HHLL
U75: =U74/1000*K65/X32*60 -> 15.05192 | W75: minutes | Z75: HLL to HHLL
B76: Top Shell to HLL Space | J76: : | K76: =U68+U74 -> 806 | M76: mm
B77: HLL Height from Bottom | J77: : | K77: =M39-K76 -> 10300 | M77: mm
B79: Inlet Nozzle Recommendation | J79: : | K79: 16 | M79: inches | T79: : | U79: =K79*25.4 -> 406.4 | W79: mm
B80: Internal Diameter | J80: : | K80: 16 | M80: inches | P80: Inlet velocity | T80: : | U80: =X32/3600/(PI()*(K80/39.36996)^2/4) -> 1.0706995 | W80: m/s
B82: Outlet Nozzle Recommendation | J82: : | K82: 12 | M82: inches | T82: : | U82: =K82*25.4 -> 304.8 | W82: mm
B83: Internal Diameter | J83: : | K83: 12 | M83: inches | P83: Outlet velocity | T83: : | U83: =X34/3600/(PI()*(K83/39.36996)^2/4) -> 1.1420795 | W83: m/s
B85: Bottom to Center Nozzle | I85: Reg | J85: : | K85: 306 | M85: mm | O85: see Tabel 5.6a API 650 column 8
I86: Low | J86: : | K86: 200 | M86: mm | O86: see Tabel 5.6a API 650 column 9c
B87: Additional Space Nozzle to LLLL | J87: : | K87: 0 | M87: mm
B88: Minimum LLLL height Form Bottom | J88: : | K88: =M41 -> 710 | M88: mm
B90: LLLL to LLL Volume | J90: : | K90: =X34*X37/60 -> 75 | M90: m3
B91: LLLL to LLL Space | J91: : | K91: =K90/K65*1000 -> 160.84327 | M91: mm | R91: taken | T91: : | U91: 161 | W91: mm | Z91: LLLL to LLL
B92: HLL Height from Bottom | J92: : | K92: =K88+U91 -> 871 | M92: mm | U92: =U91/1000*K65/X34*60 -> 15.014616 | W92: minutes | Z92: LLLL to LLL
A99: D. Result
B101: Max Tank Volume | H101: : | J101: =PI()*$H$34^2/4*M39/1000 -> 5178.6437 | L101: kL | N101: (total volume, bottom - top)
B102: Maximum Capacity | H102: : | J102: =PI()*$H$34^2/4*L106/1000 -> 4928.2446 | L102: kL | N102: (maximum tank capacity, bottom to HHLL)
B103: Net Working Capacity | H103: : | J103: =PI()*$H$34^2/4*(L107-L108)/1000 -> 4396.6713 | L103: kL | N103: (maximum operating capacity, LLL to HLL)
B104: Safe Capacity | H104: : | J104: =PI()*$H$34^2/4*(L107-L109)/1000 -> 4471.7444 | L104: kL | N104: (maximum operating capacity, LLL to HLL)
B105: Dead Volume | H105: : | J105: =PI()*$H$34^2/4*L109/1000 -> 331.06762 | L105: kL | N105: (dead stock capacity, bottom to LLLL)
E106: HHLL | J106: : | L106: =K71 -> 10569 | N106: mm
E107: HLL | J107: : | L107: =K77 -> 10300 | N107: mm | S107: `
E108: LLL | J108: : | L108: =K92 -> 871 | N108: mm
E109: LLLL | J109: : | L109: =K88 -> 710 | N109: mm
F116: Critical H | Z116: =M39 -> 11106 | AB116: mm
D117: =U69 -> 30.047884 | E117: min
F118: HHLL | Z118: =L106 -> 10569 | AB118: mm
D119: =U75 -> 15.05192 | E119: min
F120: HLL | Z120: =L107 -> 10300 | AB120: mm
D125: Height : | K125: Safe Capacity | R125: Net Working Capacity
C126: =H36*1000 -> 10920 | E126: mm | K126: =J104 -> 4471.7444 | L126: KL | R126: =J103 -> 4396.6713 | S126: KL
F136: LLL | Z136: =L108 -> 871 | AB136: mm
D137: =U92 -> 15.014616 | E137: min
F138: LLLL | Z138: =L109 -> 710 | AB138: mm
O144: Diameter : | P144: =H34*1000 -> 24366 | R144: mm
T150: FOAM CHAMBER
T151: A | U151: = | V151: =PI()/4*H34^2 -> 466.29243 | Y151: M2
T152: FOAM | U152: = | V152: 4.1 | Y152: LPM/M2
T153: Q | U153: = | V153: =V151*V152 -> 1911.7989 | Y153: LPM
V154: =V153*60/1000 -> 114.70794 | Y154: M3/HR
A156: ` | U156: K | X156: Q | Y156: Nf
T157: 4 | U157: 175 | W157: =U157*(3.5)^(0.5) -> 327.39502 | Y157: =ROUNDUP($V$153/W157,0) -> 6
T158: 6 | U158: 350 | W158: =U158*(3.5)^(0.5) -> 654.79004 | Y158: =ROUNDUP($V$153/W158,0) -> 3
T159: 8 | U159: 700 | W159: =U159*(3.5)^(0.5) -> 1309.5801 | Y159: =ROUNDUP($V$153/W159,0) -> 2
T160: 10 | U160: 1400 | W160: =U160*(3.5)^(0.5) -> 2619.1602 | Y160: =ROUNDUP($V$153/W160,0) -> 1

Sheet T47
A2: OVERFILL STORAGE TANK SIZING
A3: FUEL TANK
B5: LOCATION | G5: : | H5: IT SURABAYA | Z5: By | AB5: :
B6: PROJECT TITLE | G6: : | H6: Tangki Timbun BBM T47 | Z6: Check | AB6: : | AI6: =PI()*H34 -> 76.529197 | AJ6: =AI6/6 -> 12.754866
H7: PERTAMAX | Z7: Rev | AB7: :
AJ9: DIMENSION
A11: A. Reference
B12: API 2350 - Overfill Prevention for Storage Tanks in Petroleum Facilities
A14: B. Terms, Definitions, & Acronyms
B15: Critical High (CH) level | H15: : | I15: The highest level in the tank that product can reach without detrimental impacts (i.e. product overflow or tank damage)
B17: High-High tank level alarm (LAHH) | H17: : | I17: An alarm generated when the product level reaches the High-High (HH) tank level
B18: High-High (HH) tank level | H18: : | I18: A level sufficiently below the Critical High (CH) level to enable termination of a receipt or transfer before the Critical High (CH) level is reached
B20: AOPS | H20: : | I20: Automated Overfill Prefention System
B21: CH | H21: : | I21: Critical High
B22: HH | H22: : | I22: High-High tank level
B23: LAHH | H23: : | I23: High-High tank level alarm
B24: FC | H24: : | I24: Foam Chamber
B25: TA | H25: : | I25: Top Angle
A27: A. Purpose
B28: To obtain level of concern storage tank at IT SURABAYA
A30: C. Summary Data
B31: Required Capacity (SAFE) | G31: : | H31: =Sheet1!B38 -> 2473 | K31: kL | R31: Calculation Data
B32: Shell plate height | G32: : | H32: 1.82 | K32: m | R32: Inlet Flow | W32: : | X32: 600 | AA32: m3/hr
C33: Diameter | G33: : | H33: =L33*6/PI() -> 9.5492966 | K33: m | L33: 5 | N33: plates (H)
B34: Diameter Taken | G34: : | H34: 24.36 | K34: m | R34: Outlet Flow | W34: : | X34: 300 | AA34: m3/hr
B35: Number of Shell | G35: : | H35: 6 | K35: plates (V) | R35: Response Time | W35: : | X35: 15 | AA35: minutes | AC35: H to HH
B36: Total Tank Height | G36: : | H36: =H32*H35 -> 10.92 | K36: m | R36: Critical High Response | W36: : | X36: 30 | AA36: minutes | AC36: HH to FC
R37: Response Time | W37: : | X37: 15 | AA37: minutes | AC37: L to LL
B39: Critcal High (CH) = Tabel Tangki Tinggi Max Vol. Bersih | L39: : | M39: =U39+U68+U74 -> 11271 | N39: mm | O39: See SAP & Tabel Tangki | U39: =Sheet1!C37 -> 10300 | X39: mm
B40: Low Level (LLLL) = Unpumpable/Dead Stock (Data SAP) | L40: : | M40: =U40/1000 -> 364 | N40: KL | O40: See Data SAP | U40: =Sheet1!M37 -> 364000 | X40: L
M41: =Sheet1!E38 -> 730 | N41: mm | O41: See SAP & Tabel Tangki
AX64: =306+(3*2.54) -> 313.62
B65: Volume per meter of height | J65: : | K65: =PI()*H34^2/4 -> 466.06281 | M65: m3/m | AX65: =PI()*H34^2*0.25*AX64/1000 -> 146.16662
B67: CH to HHLL Volume | J67: : | K67: =X36*X32/60 -> 300 | M67: m3
B68: CH to HHLL Space | J68: : | K68: =K67/K65*1000 -> 643.69006 | M68: mm | R68: taken | T68: : | U68: 647 | W68: mm | Z68: HHLL to CH
T69: : | U69: =U68/1000*K65/X32*60 -> 30.154264 | W69: minutes | Z69: HHLL to CH
B70: Top Shell to HHLL Space | J70: : | K70: =U68 -> 647 | M70: mm
B71: HHLL Height from Bottom | J71: : | K71: =M39-K70 -> 10624 | M71: mm
B73: HHLL to HLL Volume | J73: : | K73: =X32*X35/60 -> 150 | M73: m3
B74: HHLL to HLL Space | J74: : | K74: =K73/K65*1000 -> 321.84503 | M74: mm | R74: taken | T74: : | U74: 324 | W74: mm | Z74: HLL to HHLL
U75: =U74/1000*K65/X32*60 -> 15.100435 | W75: minutes | Z75: HLL to HHLL
B76: Top Shell to HLL Space | J76: : | K76: =U68+U74 -> 971 | M76: mm
B77: HLL Height from Bottom | J77: : | K77: =M39-K76 -> 10300 | M77: mm
B79: Inlet Nozzle Recommendation | J79: : | K79: 16 | M79: inches | T79: : | U79: =K79*25.4 -> 406.4 | W79: mm
B80: Internal Diameter | J80: : | K80: 16 | M80: inches | P80: Inlet velocity | T80: : | U80: =X32/3600/(PI()*(K80/39.36996)^2/4) -> 1.2848394 | W80: m/s
B82: Outlet Nozzle Recommendation | J82: : | K82: 12 | M82: inches | T82: : | U82: =K82*25.4 -> 304.8 | W82: mm
B83: Internal Diameter | J83: : | K83: 12 | M83: inches | P83: Outlet velocity | T83: : | U83: =X34/3600/(PI()*(K83/39.36996)^2/4) -> 1.1420795 | W83: m/s
B85: Bottom to Center Nozzle | I85: Reg | J85: : | K85: 306 | M85: mm | O85: see Tabel 5.6a API 650 column 8
I86: Low | J86: : | K86: 200 | M86: mm | O86: see Tabel 5.6a API 650 column 9c
B87: Additional Space Nozzle to LLLL | J87: : | K87: 0 | M87: mm
B88: Minimum LLLL height Form Bottom | J88: : | K88: =M41 -> 730 | M88: mm
B90: LLLL to LLL Volume | J90: : | K90: =X34*X37/60 -> 75 | M90: m3
B91: LLLL to LLL Space | J91: : | K91: =K90/K65*1000 -> 160.92252 | M91: mm | R91: taken | T91: : | U91: 161 | W91: mm | Z91: LLLL to LLL
B92: HLL Height from Bottom | J92: : | K92: =K88+U91 -> 891 | M92: mm | U92: =U91/1000*K65/X34*60 -> 15.007222 | W92: minutes | Z92: LLLL to LLL
A99: D. Result
B101: Max Tank Volume | H101: : | J101: =PI()*$H$34^2/4*M39/1000 -> 5252.9939 | L101: kL | N101: (total volume, bottom - top)
B102: Maximum Capacity | H102: : | J102: =PI()*$H$34^2/4*L106/1000 -> 4951.4513 | L102: kL | N102: (maximum tank capacity, bottom to HHLL)
B103: Net Working Capacity | H103: : | J103: =PI()*$H$34^2/4*(L107-L108)/1000 -> 4385.185 | L103: kL | N103: (maximum operating capacity, LLL to HLL)
B104: Safe Capacity | H104: : | J104: =PI()*$H$34^2/4*(L107-L109)/1000 -> 4460.2211 | L104: kL | N104: (maximum operating capacity, LLL to HLL)
B105: Dead Volume | H105: : | J105: =PI()*$H$34^2/4*L109/1000 -> 340.22585 | L105: kL | N105: (dead stock capacity, bottom to LLLL)
E106: HHLL | J106: : | L106: =K71 -> 10624 | N106: mm
E107: HLL | J107: : | L107: =K77 -> 10300 | N107: mm | S107: `
E108: LLL | J108: : | L108: =K92 -> 891 | N108: mm
E109: LLLL | J109: : | L109: =K88 -> 730 | N109: mm
F116: Critical H | Z116: =M39 -> 11271 | AB116: mm
D117: =U69 -> 30.154264 | E117: min
F118: HHLL | Z118: =L106 -> 10624 | AB118: mm
D119: =U75 -> 15.100435 | E119: min
F120: HLL | Z120: =L107 -> 10300 | AB120: mm
D125: Height : | K125: Safe Capacity | R125: Net Working Capacity
C126: =H36*1000 -> 10920 | E126: mm | K126: =J104 -> 4460.2211 | L126: KL | R126: =J103 -> 4385.185 | S126: KL
F136: LLL | Z136: =L108 -> 891 | AB136: mm
D137: =U92 -> 15.007222 | E137: min
F138: LLLL | Z138: =L109 -> 730 | AB138: mm
O144: Diameter : | P144: =H34*1000 -> 24360 | R144: mm
T150: FOAM CHAMBER
T151: A | U151: = | V151: =PI()/4*H34^2 -> 466.06281 | Y151: M2
T152: FOAM | U152: = | V152: 4.1 | Y152: LPM/M2
T153: Q | U153: = | V153: =V151*V152 -> 1910.8575 | Y153: LPM
V154: =V153*60/1000 -> 114.65145 | Y154: M3/HR
A156: ` | U156: K | X156: Q | Y156: Nf
T157: 4 | U157: 175 | W157: =U157*(3.5)^(0.5) -> 327.39502 | Y157: =ROUNDUP($V$153/W157,0) -> 6
T158: 6 | U158: 350 | W158: =U158*(3.5)^(0.5) -> 654.79004 | Y158: =ROUNDUP($V$153/W158,0) -> 3
T159: 8 | U159: 700 | W159: =U159*(3.5)^(0.5) -> 1309.5801 | Y159: =ROUNDUP($V$153/W159,0) -> 2
T160: 10 | U160: 1400 | W160: =U160*(3.5)^(0.5) -> 2619.1602 | Y160: =ROUNDUP($V$153/W160,0) -> 1

Sheet T49
A2: OVERFILL STORAGE TANK SIZING
A3: FUEL TANK
B5: LOCATION | G5: : | H5: IT SURABAYA | Z5: By | AB5: :
B6: PROJECT TITLE | G6: : | H6: Tangki Timbun BBM T49 | Z6: Check | AB6: : | AI6: =PI()*H34 -> 79.174418 | AJ6: =AI6/6 -> 13.195736
H7: PERTAMAX | Z7: Rev | AB7: :
AJ9: DIMENSION
A11: A. Reference
B12: API 2350 - Overfill Prevention for Storage Tanks in Petroleum Facilities
A14: B. Terms, Definitions, & Acronyms
B15: Critical High (CH) level | H15: : | I15: The highest level in the tank that product can reach without detrimental impacts (i.e. product overflow or tank damage)
B17: High-High tank level alarm (LAHH) | H17: : | I17: An alarm generated when the product level reaches the High-High (HH) tank level
B18: High-High (HH) tank level | H18: : | I18: A level sufficiently below the Critical High (CH) level to enable termination of a receipt or transfer before the Critical High (CH) level is reached
B20: AOPS | H20: : | I20: Automated Overfill Prefention System
B21: CH | H21: : | I21: Critical High
B22: HH | H22: : | I22: High-High tank level
B23: LAHH | H23: : | I23: High-High tank level alarm
B24: FC | H24: : | I24: Foam Chamber
B25: TA | H25: : | I25: Top Angle
A27: A. Purpose
B28: To obtain level of concern storage tank at IT SURABAYA
A30: C. Summary Data
B31: Required Capacity (SAFE) | G31: : | H31: =Sheet1!B40 -> 4810 | K31: kL | R31: Calculation Data
B32: Shell plate height | G32: : | H32: 1.82 | K32: m | R32: Inlet Flow | W32: : | X32: 600 | AA32: m3/hr
C33: Diameter | G33: : | H33: =L33*6/PI() -> 9.5492966 | K33: m | L33: 5 | N33: plates (H)
B34: Diameter Taken | G34: : | H34: 25.202 | K34: m | R34: Outlet Flow | W34: : | X34: 300 | AA34: m3/hr
B35: Number of Shell | G35: : | H35: 6 | K35: plates (V) | R35: Response Time | W35: : | X35: 15 | AA35: minutes | AC35: H to HH
B36: Total Tank Height | G36: : | H36: =H32*H35 -> 10.92 | K36: m | R36: Critical High Response | W36: : | X36: 30 | AA36: minutes | AC36: HH to FC
R37: Response Time | W37: : | X37: 15 | AA37: minutes | AC37: L to LL
B39: Critcal High (CH) = Tabel Tangki Tinggi Max Vol. Bersih | L39: : | M39: =U39+U68+U74 -> 10403 | N39: mm | O39: See SAP & Tabel Tangki | U39: =Sheet1!C40 -> 9500 | X39: mm
B40: Low Level (LLLL) = Unpumpable/Dead Stock (Data SAP) | L40: : | M40: =U40/1000 -> 368 | N40: KL | O40: See Data SAP | U40: =Sheet1!M40 -> 368000 | X40: L
M41: =Sheet1!E40 -> 600 | N41: mm | O41: See SAP & Tabel Tangki
AX64: =306+(3*2.54) -> 313.62
B65: Volume per meter of height | J65: : | K65: =PI()*H34^2/4 -> 498.83842 | M65: m3/m | AX65: =PI()*H34^2*0.25*AX64/1000 -> 156.44571
B67: CH to HHLL Volume | J67: : | K67: =X36*X32/60 -> 300 | M67: m3
B68: CH to HHLL Space | J68: : | K68: =K67/K65*1000 -> 601.39714 | M68: mm | R68: taken | T68: : | U68: 602 | W68: mm | Z68: HHLL to CH
T69: : | U69: =U68/1000*K65/X32*60 -> 30.030073 | W69: minutes | Z69: HHLL to CH
B70: Top Shell to HHLL Space | J70: : | K70: =U68 -> 602 | M70: mm
B71: HHLL Height from Bottom | J71: : | K71: =M39-K70 -> 9801 | M71: mm
B73: HHLL to HLL Volume | J73: : | K73: =X32*X35/60 -> 150 | M73: m3
B74: HHLL to HLL Space | J74: : | K74: =K73/K65*1000 -> 300.69857 | M74: mm | R74: taken | T74: : | U74: 301 | W74: mm | Z74: HLL to HHLL
U75: =U74/1000*K65/X32*60 -> 15.015036 | W75: minutes | Z75: HLL to HHLL
B76: Top Shell to HLL Space | J76: : | K76: =U68+U74 -> 903 | M76: mm
B77: HLL Height from Bottom | J77: : | K77: =M39-K76 -> 9500 | M77: mm
B79: Inlet Nozzle Recommendation | J79: : | K79: 16 | M79: inches | T79: : | U79: =K79*25.4 -> 406.4 | W79: mm
B80: Internal Diameter | J80: : | K80: 16 | M80: inches | P80: Inlet velocity | T80: : | U80: =X32/3600/(PI()*(K80/39.36996)^2/4) -> 1.2848394 | W80: m/s
B82: Outlet Nozzle Recommendation | J82: : | K82: 12 | M82: inches | T82: : | U82: =K82*25.4 -> 304.8 | W82: mm
B83: Internal Diameter | J83: : | K83: 12 | M83: inches | P83: Outlet velocity | T83: : | U83: =X34/3600/(PI()*(K83/39.36996)^2/4) -> 1.1420795 | W83: m/s
B85: Bottom to Center Nozzle | I85: Reg | J85: : | K85: 306 | M85: mm | O85: see Tabel 5.6a API 650 column 8
I86: Low | J86: : | K86: 200 | M86: mm | O86: see Tabel 5.6a API 650 column 9c
B87: Additional Space Nozzle to LLLL | J87: : | K87: 0 | M87: mm
B88: Minimum LLLL height Form Bottom | J88: : | K88: =M41 -> 600 | M88: mm
B90: LLLL to LLL Volume | J90: : | K90: =X34*X37/60 -> 75 | M90: m3
B91: LLLL to LLL Space | J91: : | K91: =K90/K65*1000 -> 150.34929 | M91: mm | R91: taken | T91: : | U91: 151 | W91: mm | Z91: LLLL to LLL
B92: HLL Height from Bottom | J92: : | K92: =K88+U91 -> 751 | M92: mm | U92: =U91/1000*K65/X34*60 -> 15.06492 | W92: minutes | Z92: LLLL to LLL
A99: D. Result
B101: Max Tank Volume | H101: : | J101: =PI()*$H$34^2/4*M39/1000 -> 5189.4161 | L101: kL | N101: (total volume, bottom - top)
B102: Maximum Capacity | H102: : | J102: =PI()*$H$34^2/4*L106/1000 -> 4889.1154 | L102: kL | N102: (maximum tank capacity, bottom to HHLL)
B103: Net Working Capacity | H103: : | J103: =PI()*$H$34^2/4*(L107-L108)/1000 -> 4364.3373 | L103: kL | N103: (maximum operating capacity, LLL to HLL)
B104: Safe Capacity | H104: : | J104: =PI()*$H$34^2/4*(L107-L109)/1000 -> 4439.6619 | L104: kL | N104: (maximum operating capacity, LLL to HLL)
B105: Dead Volume | H105: : | J105: =PI()*$H$34^2/4*L109/1000 -> 299.30305 | L105: kL | N105: (dead stock capacity, bottom to LLLL)
E106: HHLL | J106: : | L106: =K71 -> 9801 | N106: mm
E107: HLL | J107: : | L107: =K77 -> 9500 | N107: mm | S107: `
E108: LLL | J108: : | L108: =K92 -> 751 | N108: mm
E109: LLLL | J109: : | L109: =K88 -> 600 | N109: mm
F116: Critical H | Z116: =M39 -> 10403 | AB116: mm
D117: =U69 -> 30.030073 | E117: min
F118: HHLL | Z118: =L106 -> 9801 | AB118: mm
D119: =U75 -> 15.015036 | E119: min
F120: HLL | Z120: =L107 -> 9500 | AB120: mm
D125: Height : | K125: Safe Capacity | R125: Net Working Capacity
C126: =H36*1000 -> 10920 | E126: mm | K126: =J104 -> 4439.6619 | L126: KL | R126: =J103 -> 4364.3373 | S126: KL
F136: LLL | Z136: =L108 -> 751 | AB136: mm
D137: =U92 -> 15.06492 | E137: min
F138: LLLL | Z138: =L109 -> 600 | AB138: mm
O144: Diameter : | P144: =H34*1000 -> 25202 | R144: mm
T150: FOAM CHAMBER
T151: A | U151: = | V151: =PI()/4*H34^2 -> 498.83842 | Y151: M2
T152: FOAM | U152: = | V152: 4.1 | Y152: LPM/M2
T153: Q | U153: = | V153: =V151*V152 -> 2045.2375 | Y153: LPM
V154: =V153*60/1000 -> 122.71425 | Y154: M3/HR
A156: ` | U156: K | X156: Q | Y156: Nf
T157: 4 | U157: 175 | W157: =U157*(3.5)^(0.5) -> 327.39502 | Y157: =ROUNDUP($V$153/W157,0) -> 7
T158: 6 | U158: 350 | W158: =U158*(3.5)^(0.5) -> 654.79004 | Y158: =ROUNDUP($V$153/W158,0) -> 4
T159: 8 | U159: 700 | W159: =U159*(3.5)^(0.5) -> 1309.5801 | Y159: =ROUNDUP($V$153/W159,0) -> 2
T160: 10 | U160: 1400 | W160: =U160*(3.5)^(0.5) -> 2619.1602 | Y160: =ROUNDUP($V$153/W160,0) -> 1

Sheet T50
A2: OVERFILL STORAGE TANK SIZING
A3: FUEL TANK
B5: LOCATION | G5: : | H5: IT SURABAYA | Z5: By | AB5: :
B6: PROJECT TITLE | G6: : | H6: Tangki Timbun BBM T50 | Z6: Check | AB6: : | AI6: =PI()*H34 -> 107.21313 | AJ6: =AI6/6 -> 17.868855
H7: PERTAMAX | Z7: Rev | AB7: :
AJ9: DIMENSION
A11: A. Reference
B12: API 2350 - Overfill Prevention for Storage Tanks in Petroleum Facilities
A14: B. Terms, Definitions, & Acronyms
B15: Critical High (CH) level | H15: : | I15: The highest level in the tank that product can reach without detrimental impacts (i.e. product overflow or tank damage)
B17: High-High tank level alarm (LAHH) | H17: : | I17: An alarm generated when the product level reaches the High-High (HH) tank level
B18: High-High (HH) tank level | H18: : | I18: A level sufficiently below the Critical High (CH) level to enable termination of a receipt or transfer before the Critical High (CH) level is reached
B20: AOPS | H20: : | I20: Automated Overfill Prefention System
B21: CH | H21: : | I21: Critical High
B22: HH | H22: : | I22: High-High tank level
B23: LAHH | H23: : | I23: High-High tank level alarm
B24: FC | H24: : | I24: Foam Chamber
B25: TA | H25: : | I25: Top Angle
A27: A. Purpose
B28: To obtain level of concern storage tank at IT SURABAYA
A30: C. Summary Data
B31: Required Capacity (SAFE) | G31: : | H31: =Sheet1!B41 -> 9386 | K31: kL | R31: Calculation Data
B32: Shell plate height | G32: : | H32: 1.82 | K32: m | R32: Inlet Flow | W32: : | X32: 600 | AA32: m3/hr
C33: Diameter | G33: : | H33: =L33*6/PI() -> 9.5492966 | K33: m | L33: 5 | N33: plates (H)
B34: Diameter Taken | G34: : | H34: 34.127 | K34: m | R34: Outlet Flow | W34: : | X34: 300 | AA34: m3/hr
B35: Number of Shell | G35: : | H35: 6 | K35: plates (V) | R35: Response Time | W35: : | X35: 15 | AA35: minutes | AC35: H to HH
B36: Total Tank Height | G36: : | H36: =H32*H35 -> 10.92 | K36: m | R36: Critical High Response | W36: : | X36: 30 | AA36: minutes | AC36: HH to FC
R37: Response Time | W37: : | X37: 15 | AA37: minutes | AC37: L to LL
B39: Critcal High (CH) = Tabel Tangki Tinggi Max Vol. Bersih | L39: : | M39: =U39+U68+U74 -> 10593 | N39: mm | O39: See SAP & Tabel Tangki | U39: =Sheet1!C41 -> 10100 | X39: mm
B40: Low Level (LLLL) = Unpumpable/Dead Stock (Data SAP) | L40: : | M40: =U40/1000 -> 1339 | N40: KL | O40: See Data SAP | U40: =Sheet1!M41 -> 1339000 | X40: L
M41: =Sheet1!E41 -> 1300 | N41: mm | O41: See SAP & Tabel Tangki
AX64: =306+(3*2.54) -> 313.62
B65: Volume per meter of height | J65: : | K65: =PI()*H34^2/4 -> 914.71564 | M65: m3/m | AX65: =PI()*H34^2*0.25*AX64/1000 -> 286.87312
B67: CH to HHLL Volume | J67: : | K67: =X36*X32/60 -> 300 | M67: m3
B68: CH to HHLL Space | J68: : | K68: =K67/K65*1000 -> 327.97078 | M68: mm | R68: taken | T68: : | U68: 329 | W68: mm | Z68: HHLL to CH
T69: : | U69: =U68/1000*K65/X32*60 -> 30.094145 | W69: minutes | Z69: HHLL to CH
B70: Top Shell to HHLL Space | J70: : | K70: =U68 -> 329 | M70: mm
B71: HHLL Height from Bottom | J71: : | K71: =M39-K70 -> 10264 | M71: mm
B73: HHLL to HLL Volume | J73: : | K73: =X32*X35/60 -> 150 | M73: m3
B74: HHLL to HLL Space | J74: : | K74: =K73/K65*1000 -> 163.98539 | M74: mm | R74: taken | T74: : | U74: 164 | W74: mm | Z74: HLL to HHLL
U75: =U74/1000*K65/X32*60 -> 15.001337 | W75: minutes | Z75: HLL to HHLL
B76: Top Shell to HLL Space | J76: : | K76: =U68+U74 -> 493 | M76: mm
B77: HLL Height from Bottom | J77: : | K77: =M39-K76 -> 10100 | M77: mm
B79: Inlet Nozzle Recommendation | J79: : | K79: 16 | M79: inches | T79: : | U79: =K79*25.4 -> 406.4 | W79: mm
B80: Internal Diameter | J80: : | K80: 16 | M80: inches | P80: Inlet velocity | T80: : | U80: =X32/3600/(PI()*(K80/39.36996)^2/4) -> 1.2848394 | W80: m/s
B82: Outlet Nozzle Recommendation | J82: : | K82: 12 | M82: inches | T82: : | U82: =K82*25.4 -> 304.8 | W82: mm
B83: Internal Diameter | J83: : | K83: 12 | M83: inches | P83: Outlet velocity | T83: : | U83: =X34/3600/(PI()*(K83/39.36996)^2/4) -> 1.1420795 | W83: m/s
B85: Bottom to Center Nozzle | I85: Reg | J85: : | K85: 306 | M85: mm | O85: see Tabel 5.6a API 650 column 8
I86: Low | J86: : | K86: 200 | M86: mm | O86: see Tabel 5.6a API 650 column 9c
B87: Additional Space Nozzle to LLLL | J87: : | K87: 0 | M87: mm
B88: Minimum LLLL height Form Bottom | J88: : | K88: =M41 -> 1300 | M88: mm
B90: LLLL to LLL Volume | J90: : | K90: =X34*X37/60 -> 75 | M90: m3
B91: LLLL to LLL Space | J91: : | K91: =K90/K65*1000 -> 81.992694 | M91: mm | R91: taken | T91: : | U91: 82 | W91: mm | Z91: LLLL to LLL
B92: HLL Height from Bottom | J92: : | K92: =K88+U91 -> 1382 | M92: mm | U92: =U91/1000*K65/X34*60 -> 15.001337 | W92: minutes | Z92: LLLL to LLL
A99: D. Result
B101: Max Tank Volume | H101: : | J101: =PI()*$H$34^2/4*M39/1000 -> 9689.5828 | L101: kL | N101: (total volume, bottom - top)
B102: Maximum Capacity | H102: : | J102: =PI()*$H$34^2/4*L106/1000 -> 9388.6414 | L102: kL | N102: (maximum tank capacity, bottom to HHLL)
B103: Net Working Capacity | H103: : | J103: =PI()*$H$34^2/4*(L107-L108)/1000 -> 7974.491 | L103: kL | N103: (maximum operating capacity, LLL to HLL)
B104: Safe Capacity | H104: : | J104: =PI()*$H$34^2/4*(L107-L109)/1000 -> 8049.4977 | L104: kL | N104: (maximum operating capacity, LLL to HLL)
B105: Dead Volume | H105: : | J105: =PI()*$H$34^2/4*L109/1000 -> 1189.1303 | L105: kL | N105: (dead stock capacity, bottom to LLLL)
E106: HHLL | J106: : | L106: =K71 -> 10264 | N106: mm
E107: HLL | J107: : | L107: =K77 -> 10100 | N107: mm | S107: `
E108: LLL | J108: : | L108: =K92 -> 1382 | N108: mm
E109: LLLL | J109: : | L109: =K88 -> 1300 | N109: mm
F116: Critical H | Z116: =M39 -> 10593 | AB116: mm
D117: =U69 -> 30.094145 | E117: min
F118: HHLL | Z118: =L106 -> 10264 | AB118: mm
D119: =U75 -> 15.001337 | E119: min
F120: HLL | Z120: =L107 -> 10100 | AB120: mm
D125: Height : | K125: Safe Capacity | R125: Net Working Capacity
C126: =H36*1000 -> 10920 | E126: mm | K126: =J104 -> 8049.4977 | L126: KL | R126: =J103 -> 7974.491 | S126: KL
F136: LLL | Z136: =L108 -> 1382 | AB136: mm
D137: =U92 -> 15.001337 | E137: min
F138: LLLL | Z138: =L109 -> 1300 | AB138: mm
O144: Diameter : | P144: =H34*1000 -> 34127 | R144: mm
T150: FOAM CHAMBER
T151: A | U151: = | V151: =PI()/4*H34^2 -> 914.71564 | Y151: M2
T152: FOAM | U152: = | V152: 4.1 | Y152: LPM/M2
T153: Q | U153: = | V153: =V151*V152 -> 3750.3341 | Y153: LPM
V154: =V153*60/1000 -> 225.02005 | Y154: M3/HR
A156: ` | U156: K | X156: Q | Y156: Nf
T157: 4 | U157: 175 | W157: =U157*(3.5)^(0.5) -> 327.39502 | Y157: =ROUNDUP($V$153/W157,0) -> 12
T158: 6 | U158: 350 | W158: =U158*(3.5)^(0.5) -> 654.79004 | Y158: =ROUNDUP($V$153/W158,0) -> 6
T159: 8 | U159: 700 | W159: =U159*(3.5)^(0.5) -> 1309.5801 | Y159: =ROUNDUP($V$153/W159,0) -> 3
T160: 10 | U160: 1400 | W160: =U160*(3.5)^(0.5) -> 2619.1602 | Y160: =ROUNDUP($V$153/W160,0) -> 2

Sheet T51
A2: OVERFILL STORAGE TANK SIZING
A3: FUEL TANK
B5: LOCATION | G5: : | H5: IT SURABAYA | Z5: By | AB5: :
B6: PROJECT TITLE | G6: : | H6: Tangki Timbun BBM T51 | Z6: Check | AB6: : | AI6: =PI()*H34 -> 114.83778 | AJ6: =AI6/6 -> 19.13963
H7: PERTALITE | Z7: Rev | AB7: :
AJ9: DIMENSION
A11: A. Reference
B12: API 2350 - Overfill Prevention for Storage Tanks in Petroleum Facilities
A14: B. Terms, Definitions, & Acronyms
B15: Critical High (CH) level | H15: : | I15: The highest level in the tank that product can reach without detrimental impacts (i.e. product overflow or tank damage)
B17: High-High tank level alarm (LAHH) | H17: : | I17: An alarm generated when the product level reaches the High-High (HH) tank level
B18: High-High (HH) tank level | H18: : | I18: A level sufficiently below the Critical High (CH) level to enable termination of a receipt or transfer before the Critical High (CH) level is reached
B20: AOPS | H20: : | I20: Automated Overfill Prefention System
B21: CH | H21: : | I21: Critical High
B22: HH | H22: : | I22: High-High tank level
B23: LAHH | H23: : | I23: High-High tank level alarm
B24: FC | H24: : | I24: Foam Chamber
B25: TA | H25: : | I25: Top Angle
A27: A. Purpose
B28: To obtain level of concern storage tank at IT SURABAYA
A30: C. Summary Data
B31: Required Capacity (SAFE) | G31: : | H31: =Sheet1!B42 -> 10752 | K31: kL | R31: Calculation Data
B32: Shell plate height | G32: : | H32: 1.82 | K32: m | R32: Inlet Flow | W32: : | X32: 600 | AA32: m3/hr
C33: Diameter | G33: : | H33: =L33*6/PI() -> 9.5492966 | K33: m | L33: 5 | N33: plates (H)
B34: Diameter Taken | G34: : | H34: 36.554 | K34: m | R34: Outlet Flow | W34: : | X34: 300 | AA34: m3/hr
B35: Number of Shell | G35: : | H35: 6 | K35: plates (V) | R35: Response Time | W35: : | X35: 15 | AA35: minutes | AC35: H to HH
B36: Total Tank Height | G36: : | H36: =H32*H35 -> 10.92 | K36: m | R36: Critical High Response | W36: : | X36: 15 | AA36: minutes | AC36: HH to FC
R37: Response Time | W37: : | X37: 15 | AA37: minutes | AC37: L to LL
B39: Critcal High (CH) = Tabel Tangki Tinggi Max Vol. Bersih | L39: : | M39: =U39+U68+U74 -> 10486 | N39: mm | O39: See SAP & Tabel Tangki | U39: =Sheet1!C42 -> 10200 | X39: mm
B40: Low Level (LLLL) = Unpumpable/Dead Stock (Data SAP) | L40: : | M40: =U40/1000 -> 1097 | N40: KL | O40: See Data SAP | U40: =Sheet1!M42 -> 1097000 | X40: L
M41: =Sheet1!E42 -> 1000 | N41: mm | O41: See SAP & Tabel Tangki
AX64: =306+(3*2.54) -> 313.62
B65: Volume per meter of height | J65: : | K65: =PI()*H34^2/4 -> 1049.445 | M65: m3/m | AX65: =PI()*H34^2*0.25*AX64/1000 -> 329.12695
B67: CH to HHLL Volume | J67: : | K67: =X36*X32/60 -> 150 | M67: m3
B68: CH to HHLL Space | J68: : | K68: =K67/K65*1000 -> 142.93269 | M68: mm | R68: taken | T68: : | U68: 143 | W68: mm | Z68: HHLL to CH
T69: : | U69: =U68/1000*K65/X32*60 -> 15.007064 | W69: minutes | Z69: HHLL to CH
B70: Top Shell to HHLL Space | J70: : | K70: =U68 -> 143 | M70: mm
B71: HHLL Height from Bottom | J71: : | K71: =M39-K70 -> 10343 | M71: mm
B73: HHLL to HLL Volume | J73: : | K73: =X32*X35/60 -> 150 | M73: m3
B74: HHLL to HLL Space | J74: : | K74: =K73/K65*1000 -> 142.93269 | M74: mm | R74: taken | T74: : | U74: 143 | W74: mm | Z74: HLL to HHLL
U75: =U74/1000*K65/X32*60 -> 15.007064 | W75: minutes | Z75: HLL to HHLL
B76: Top Shell to HLL Space | J76: : | K76: =U68+U74 -> 286 | M76: mm
B77: HLL Height from Bottom | J77: : | K77: =M39-K76 -> 10200 | M77: mm
B79: Inlet Nozzle Recommendation | J79: : | K79: 16 | M79: inches | T79: : | U79: =K79*25.4 -> 406.4 | W79: mm
B80: Internal Diameter | J80: : | K80: 16 | M80: inches | P80: Inlet velocity | T80: : | U80: =X32/3600/(PI()*(K80/39.36996)^2/4) -> 1.2848394 | W80: m/s
B82: Outlet Nozzle Recommendation | J82: : | K82: 12 | M82: inches | T82: : | U82: =K82*25.4 -> 304.8 | W82: mm
B83: Internal Diameter | J83: : | K83: 12 | M83: inches | P83: Outlet velocity | T83: : | U83: =X34/3600/(PI()*(K83/39.36996)^2/4) -> 1.1420795 | W83: m/s
B85: Bottom to Center Nozzle | I85: Reg | J85: : | K85: 306 | M85: mm | O85: see Tabel 5.6a API 650 column 8
I86: Low | J86: : | K86: 200 | M86: mm | O86: see Tabel 5.6a API 650 column 9c
B87: Additional Space Nozzle to LLLL | J87: : | K87: 0 | M87: mm
B88: Minimum LLLL height Form Bottom | J88: : | K88: =M41 -> 1000 | M88: mm
B90: LLLL to LLL Volume | J90: : | K90: =X34*X37/60 -> 75 | M90: m3
B91: LLLL to LLL Space | J91: : | K91: =K90/K65*1000 -> 71.466344 | M91: mm | R91: taken | T91: : | U91: 72 | W91: mm | Z91: LLLL to LLL
B92: HLL Height from Bottom | J92: : | K92: =K88+U91 -> 1072 | M92: mm | U92: =U91/1000*K65/X34*60 -> 15.112008 | W92: minutes | Z92: LLLL to LLL
A99: D. Result
B101: Max Tank Volume | H101: : | J101: =PI()*$H$34^2/4*M39/1000 -> 11004.481 | L101: kL | N101: (total volume, bottom - top)
B102: Maximum Capacity | H102: : | J102: =PI()*$H$34^2/4*L106/1000 -> 10854.41 | L102: kL | N102: (maximum tank capacity, bottom to HHLL)
B103: Net Working Capacity | H103: : | J103: =PI()*$H$34^2/4*(L107-L108)/1000 -> 9579.3343 | L103: kL | N103: (maximum operating capacity, LLL to HLL)
B104: Safe Capacity | H104: : | J104: =PI()*$H$34^2/4*(L107-L109)/1000 -> 9654.8943 | L104: kL | N104: (maximum operating capacity, LLL to HLL)
B105: Dead Volume | H105: : | J105: =PI()*$H$34^2/4*L109/1000 -> 1049.445 | L105: kL | N105: (dead stock capacity, bottom to LLLL)
E106: HHLL | J106: : | L106: =K71 -> 10343 | N106: mm
E107: HLL | J107: : | L107: =K77 -> 10200 | N107: mm | S107: `
E108: LLL | J108: : | L108: =K92 -> 1072 | N108: mm
E109: LLLL | J109: : | L109: =K88 -> 1000 | N109: mm
F116: Critical H | Z116: =M39 -> 10486 | AB116: mm
D117: =U69 -> 15.007064 | E117: min
F118: HHLL | Z118: =L106 -> 10343 | AB118: mm
D119: =U75 -> 15.007064 | E119: min
F120: HLL | Z120: =L107 -> 10200 | AB120: mm
D125: Height : | K125: Safe Capacity | R125: Net Working Capacity
C126: =H36*1000 -> 10920 | E126: mm | K126: =J104 -> 9654.8943 | L126: KL | R126: =J103 -> 9579.3343 | S126: KL
F136: LLL | Z136: =L108 -> 1072 | AB136: mm
D137: =U92 -> 15.112008 | E137: min
F138: LLLL | Z138: =L109 -> 1000 | AB138: mm
O144: Diameter : | P144: =H34*1000 -> 36554 | R144: mm
T150: FOAM CHAMBER
T151: A | U151: = | V151: =PI()/4*H34^2 -> 1049.445 | Y151: M2
T152: FOAM | U152: = | V152: 4.1 | Y152: LPM/M2
T153: Q | U153: = | V153: =V151*V152 -> 4302.7246 | Y153: LPM
V154: =V153*60/1000 -> 258.16348 | Y154: M3/HR
A156: ` | U156: K | X156: Q | Y156: Nf
T157: 4 | U157: 175 | W157: =U157*(3.5)^(0.5) -> 327.39502 | Y157: =ROUNDUP($V$153/W157,0) -> 14
T158: 6 | U158: 350 | W158: =U158*(3.5)^(0.5) -> 654.79004 | Y158: =ROUNDUP($V$153/W158,0) -> 7
T159: 8 | U159: 700 | W159: =U159*(3.5)^(0.5) -> 1309.5801 | Y159: =ROUNDUP($V$153/W159,0) -> 4
T160: 10 | U160: 1400 | W160: =U160*(3.5)^(0.5) -> 2619.1602 | Y160: =ROUNDUP($V$153/W160,0) -> 2

Sheet T52
A2: OVERFILL STORAGE TANK SIZING
A3: FUEL TANK
B5: LOCATION | G5: : | H5: IT SURABAYA | Z5: By | AB5: :
B6: PROJECT TITLE | G6: : | H6: Tangki Timbun BBM T52 | Z6: Check | AB6: : | AI6: =PI()*H34 -> 114.75295 | AJ6: =AI6/6 -> 19.125492
H7: AVTUR | Z7: Rev | AB7: :
AJ9: DIMENSION
A11: A. Reference
B12: API 2350 - Overfill Prevention for Storage Tanks in Petroleum Facilities
A14: B. Terms, Definitions, & Acronyms
B15: Critical High (CH) level | H15: : | I15: The highest level in the tank that product can reach without detrimental impacts (i.e. product overflow or tank damage)
B17: High-High tank level alarm (LAHH) | H17: : | I17: An alarm generated when the product level reaches the High-High (HH) tank level
B18: High-High (HH) tank level | H18: : | I18: A level sufficiently below the Critical High (CH) level to enable termination of a receipt or transfer before the Critical High (CH) level is reached
B20: AOPS | H20: : | I20: Automated Overfill Prefention System
B21: CH | H21: : | I21: Critical High
B22: HH | H22: : | I22: High-High tank level
B23: LAHH | H23: : | I23: High-High tank level alarm
B24: FC | H24: : | I24: Foam Chamber
B25: TA | H25: : | I25: Top Angle
A27: A. Purpose
B28: To obtain level of concern storage tank at IT SURABAYA
A30: C. Summary Data
B31: Required Capacity (SAFE) | G31: : | H31: =Sheet1!B43 -> 8511 | K31: kL | R31: Calculation Data
B32: Shell plate height | G32: : | H32: 1.82 | K32: m | R32: Inlet Flow | W32: : | X32: 600 | AA32: m3/hr
C33: Diameter | G33: : | H33: =L33*6/PI() -> 9.5492966 | K33: m | L33: 5 | N33: plates (H)
B34: Diameter Taken | G34: : | H34: 36.527 | K34: m | R34: Outlet Flow | W34: : | X34: 350 | AA34: m3/hr
B35: Number of Shell | G35: : | H35: 6 | K35: plates (V) | R35: Response Time | W35: : | X35: 15 | AA35: minutes | AC35: H to HH
B36: Total Tank Height | G36: : | H36: =H32*H35 -> 10.92 | K36: m | R36: Critical High Response | W36: : | X36: 30 | AA36: minutes | AC36: HH to FC
R37: Response Time | W37: : | X37: 15 | AA37: minutes | AC37: L to LL
B39: Critcal High (CH) = Tabel Tangki Tinggi Max Vol. Bersih | L39: : | M39: =U39+U68+U74 -> 8431 | N39: mm | O39: See SAP & Tabel Tangki | U39: =Sheet1!C43 -> 8000 | X39: mm
B40: Low Level (LLLL) = Unpumpable/Dead Stock (Data SAP) | L40: : | M40: =U40/1000 -> 764 | N40: KL | O40: See Data SAP | U40: =Sheet1!M43 -> 764000 | X40: L
M41: =Sheet1!E43 -> 600 | N41: mm | O41: See SAP & Tabel Tangki
AX64: =306+(3*2.54) -> 313.62
B65: Volume per meter of height | J65: : | K65: =PI()*H34^2/4 -> 1047.8953 | M65: m3/m | AX65: =PI()*H34^2*0.25*AX64/1000 -> 328.64092
B67: CH to HHLL Volume | J67: : | K67: =X36*X32/60 -> 300 | M67: m3
B68: CH to HHLL Space | J68: : | K68: =K67/K65*1000 -> 286.28814 | M68: mm | R68: taken | T68: : | U68: 287 | W68: mm | Z68: HHLL to CH
T69: : | U69: =U68/1000*K65/X32*60 -> 30.074595 | W69: minutes | Z69: HHLL to CH
B70: Top Shell to HHLL Space | J70: : | K70: =U68 -> 287 | M70: mm
B71: HHLL Height from Bottom | J71: : | K71: =M39-K70 -> 8144 | M71: mm
B73: HHLL to HLL Volume | J73: : | K73: =X32*X35/60 -> 150 | M73: m3
B74: HHLL to HLL Space | J74: : | K74: =K73/K65*1000 -> 143.14407 | M74: mm | R74: taken | T74: : | U74: 144 | W74: mm | Z74: HLL to HHLL
U75: =U74/1000*K65/X32*60 -> 15.089692 | W75: minutes | Z75: HLL to HHLL
B76: Top Shell to HLL Space | J76: : | K76: =U68+U74 -> 431 | M76: mm
B77: HLL Height from Bottom | J77: : | K77: =M39-K76 -> 8000 | M77: mm
B79: Inlet Nozzle Recommendation | J79: : | K79: 16 | M79: inches | T79: : | U79: =K79*25.4 -> 406.4 | W79: mm
B80: Internal Diameter | J80: : | K80: 16 | M80: inches | P80: Inlet velocity | T80: : | U80: =X32/3600/(PI()*(K80/39.36996)^2/4) -> 1.2848394 | W80: m/s
B82: Outlet Nozzle Recommendation | J82: : | K82: 12 | M82: inches | T82: : | U82: =K82*25.4 -> 304.8 | W82: mm
B83: Internal Diameter | J83: : | K83: 12 | M83: inches | P83: Outlet velocity | T83: : | U83: =X34/3600/(PI()*(K83/39.36996)^2/4) -> 1.3324261 | W83: m/s
B85: Bottom to Center Nozzle | I85: Reg | J85: : | K85: 306 | M85: mm | O85: see Tabel 5.6a API 650 column 8
I86: Low | J86: : | K86: 200 | M86: mm | O86: see Tabel 5.6a API 650 column 9c
B87: Additional Space Nozzle to LLLL | J87: : | K87: 0 | M87: mm
B88: Minimum LLLL height Form Bottom | J88: : | K88: =M41 -> 600 | M88: mm
B90: LLLL to LLL Volume | J90: : | K90: =X34*X37/60 -> 87.5 | M90: m3
B91: LLLL to LLL Space | J91: : | K91: =K90/K65*1000 -> 83.500709 | M91: mm | R91: taken | T91: : | U91: 84 | W91: mm | Z91: LLLL to LLL
B92: HLL Height from Bottom | J92: : | K92: =K88+U91 -> 684 | M92: mm | U92: =U91/1000*K65/X34*60 -> 15.089692 | W92: minutes | Z92: LLLL to LLL
A99: D. Result
B101: Max Tank Volume | H101: : | J101: =PI()*$H$34^2/4*M39/1000 -> 8834.8052 | L101: kL | N101: (total volume, bottom - top)
B102: Maximum Capacity | H102: : | J102: =PI()*$H$34^2/4*L106/1000 -> 8534.0593 | L102: kL | N102: (maximum tank capacity, bottom to HHLL)
B103: Net Working Capacity | H103: : | J103: =PI()*$H$34^2/4*(L107-L108)/1000 -> 7666.402 | L103: kL | N103: (maximum operating capacity, LLL to HLL)
B104: Safe Capacity | H104: : | J104: =PI()*$H$34^2/4*(L107-L109)/1000 -> 7754.4252 | L104: kL | N104: (maximum operating capacity, LLL to HLL)
B105: Dead Volume | H105: : | J105: =PI()*$H$34^2/4*L109/1000 -> 628.73718 | L105: kL | N105: (dead stock capacity, bottom to LLLL)
E106: HHLL | J106: : | L106: =K71 -> 8144 | N106: mm
E107: HLL | J107: : | L107: =K77 -> 8000 | N107: mm | S107: `
E108: LLL | J108: : | L108: =K92 -> 684 | N108: mm
E109: LLLL | J109: : | L109: =K88 -> 600 | N109: mm
F116: Critical H | Z116: =M39 -> 8431 | AB116: mm
D117: =U69 -> 30.074595 | E117: min
F118: HHLL | Z118: =L106 -> 8144 | AB118: mm
D119: =U75 -> 15.089692 | E119: min
F120: HLL | Z120: =L107 -> 8000 | AB120: mm
D125: Height : | K125: Safe Capacity | R125: Net Working Capacity
C126: =H36*1000 -> 10920 | E126: mm | K126: =J104 -> 7754.4252 | L126: KL | R126: =J103 -> 7666.402 | S126: KL
F136: LLL | Z136: =L108 -> 684 | AB136: mm
D137: =U92 -> 15.089692 | E137: min
F138: LLLL | Z138: =L109 -> 600 | AB138: mm
O144: Diameter : | P144: =H34*1000 -> 36527 | R144: mm
T150: FOAM CHAMBER
T151: A | U151: = | V151: =PI()/4*H34^2 -> 1047.8953 | Y151: M2
T152: FOAM | U152: = | V152: 4.1 | Y152: LPM/M2
T153: Q | U153: = | V153: =V151*V152 -> 4296.3707 | Y153: LPM
V154: =V153*60/1000 -> 257.78224 | Y154: M3/HR
A156: ` | U156: K | X156: Q | Y156: Nf
T157: 4 | U157: 175 | W157: =U157*(3.5)^(0.5) -> 327.39502 | Y157: =ROUNDUP($V$153/W157,0) -> 14
T158: 6 | U158: 350 | W158: =U158*(3.5)^(0.5) -> 654.79004 | Y158: =ROUNDUP($V$153/W158,0) -> 7
T159: 8 | U159: 700 | W159: =U159*(3.5)^(0.5) -> 1309.5801 | Y159: =ROUNDUP($V$153/W159,0) -> 4
T160: 10 | U160: 1400 | W160: =U160*(3.5)^(0.5) -> 2619.1602 | Y160: =ROUNDUP($V$153/W160,0) -> 2

Sheet T53
A2: OVERFILL STORAGE TANK SIZING
A3: FUEL TANK
B5: LOCATION | G5: : | H5: IT SURABAYA | Z5: By | AB5: :
B6: PROJECT TITLE | G6: : | H6: Tangki Timbun BBM T53 | Z6: Check | AB6: : | AI6: =PI()*H34 -> 114.7718 | AJ6: =AI6/6 -> 19.128634
H7: PERTALITE | Z7: Rev | AB7: :
AJ9: DIMENSION
A11: A. Reference
B12: API 2350 - Overfill Prevention for Storage Tanks in Petroleum Facilities
A14: B. Terms, Definitions, & Acronyms
B15: Critical High (CH) level | H15: : | I15: The highest level in the tank that product can reach without detrimental impacts (i.e. product overflow or tank damage)
B17: High-High tank level alarm (LAHH) | H17: : | I17: An alarm generated when the product level reaches the High-High (HH) tank level
B18: High-High (HH) tank level | H18: : | I18: A level sufficiently below the Critical High (CH) level to enable termination of a receipt or transfer before the Critical High (CH) level is reached
B20: AOPS | H20: : | I20: Automated Overfill Prefention System
B21: CH | H21: : | I21: Critical High
B22: HH | H22: : | I22: High-High tank level
B23: LAHH | H23: : | I23: High-High tank level alarm
B24: FC | H24: : | I24: Foam Chamber
B25: TA | H25: : | I25: Top Angle
A27: A. Purpose
B28: To obtain level of concern storage tank at IT SURABAYA
A30: C. Summary Data
B31: Required Capacity (SAFE) | G31: : | H31: =Sheet1!B44 -> 7600 | K31: kL | R31: Calculation Data
B32: Shell plate height | G32: : | H32: 1.82 | K32: m | R32: Inlet Flow | W32: : | X32: 600 | AA32: m3/hr
C33: Diameter | G33: : | H33: =L33*6/PI() -> 9.5492966 | K33: m | L33: 5 | N33: plates (H)
B34: Diameter Taken | G34: : | H34: 36.533 | K34: m | R34: Outlet Flow | W34: : | X34: 300 | AA34: m3/hr
B35: Number of Shell | G35: : | H35: 5 | K35: plates (V) | R35: Response Time | W35: : | X35: 15 | AA35: minutes | AC35: H to HH
B36: Total Tank Height | G36: : | H36: =H32*H35 -> 9.1 | K36: m | R36: Critical High Response | W36: : | X36: 30 | AA36: minutes | AC36: HH to FC
R37: Response Time | W37: : | X37: 15 | AA37: minutes | AC37: L to LL
B39: Critcal High (CH) = Tabel Tangki Tinggi Max Vol. Bersih | L39: : | M39: =U39+U68+U74 -> 7731 | N39: mm | O39: See SAP & Tabel Tangki | U39: =Sheet1!C44 -> 7300 | X39: mm
B40: Low Level (LLLL) = Unpumpable/Dead Stock (Data SAP) | L40: : | M40: =U40/1000 -> 1309 | N40: KL | O40: See Data SAP | U40: =Sheet1!M44 -> 1309000 | X40: L
M41: =Sheet1!E44 -> 1300 | N41: mm | O41: See SAP & Tabel Tangki
AX64: =306+(3*2.54) -> 313.62
B65: Volume per meter of height | J65: : | K65: =PI()*H34^2/4 -> 1048.2396 | M65: m3/m | AX65: =PI()*H34^2*0.25*AX64/1000 -> 328.7489
B67: CH to HHLL Volume | J67: : | K67: =X36*X32/60 -> 300 | M67: m3
B68: CH to HHLL Space | J68: : | K68: =K67/K65*1000 -> 286.19412 | M68: mm | R68: taken | T68: : | U68: 287 | W68: mm | Z68: HHLL to CH
T69: : | U69: =U68/1000*K65/X32*60 -> 30.084476 | W69: minutes | Z69: HHLL to CH
B70: Top Shell to HHLL Space | J70: : | K70: =U68 -> 287 | M70: mm
B71: HHLL Height from Bottom | J71: : | K71: =M39-K70 -> 7444 | M71: mm
B73: HHLL to HLL Volume | J73: : | K73: =X32*X35/60 -> 150 | M73: m3
B74: HHLL to HLL Space | J74: : | K74: =K73/K65*1000 -> 143.09706 | M74: mm | R74: taken | T74: : | U74: 144 | W74: mm | Z74: HLL to HHLL
U75: =U74/1000*K65/X32*60 -> 15.09465 | W75: minutes | Z75: HLL to HHLL
B76: Top Shell to HLL Space | J76: : | K76: =U68+U74 -> 431 | M76: mm
B77: HLL Height from Bottom | J77: : | K77: =M39-K76 -> 7300 | M77: mm
B79: Inlet Nozzle Recommendation | J79: : | K79: 16 | M79: inches | T79: : | U79: =K79*25.4 -> 406.4 | W79: mm
B80: Internal Diameter | J80: : | K80: 16 | M80: inches | P80: Inlet velocity | T80: : | U80: =X32/3600/(PI()*(K80/39.36996)^2/4) -> 1.2848394 | W80: m/s
B82: Outlet Nozzle Recommendation | J82: : | K82: 12 | M82: inches | T82: : | U82: =K82*25.4 -> 304.8 | W82: mm
B83: Internal Diameter | J83: : | K83: 12 | M83: inches | P83: Outlet velocity | T83: : | U83: =X34/3600/(PI()*(K83/39.36996)^2/4) -> 1.1420795 | W83: m/s
B85: Bottom to Center Nozzle | I85: Reg | J85: : | K85: 306 | M85: mm | O85: see Tabel 5.6a API 650 column 8
I86: Low | J86: : | K86: 200 | M86: mm | O86: see Tabel 5.6a API 650 column 9c
B87: Additional Space Nozzle to LLLL | J87: : | K87: 0 | M87: mm
B88: Minimum LLLL height Form Bottom | J88: : | K88: =M41 -> 1300 | M88: mm
B90: LLLL to LLL Volume | J90: : | K90: =X34*X37/60 -> 75 | M90: m3
B91: LLLL to LLL Space | J91: : | K91: =K90/K65*1000 -> 71.548529 | M91: mm | R91: taken | T91: : | U91: 72 | W91: mm | Z91: LLLL to LLL
B92: HLL Height from Bottom | J92: : | K92: =K88+U91 -> 1372 | M92: mm | U92: =U91/1000*K65/X34*60 -> 15.09465 | W92: minutes | Z92: LLLL to LLL
A99: D. Result
B101: Max Tank Volume | H101: : | J101: =PI()*$H$34^2/4*M39/1000 -> 8103.9402 | L101: kL | N101: (total volume, bottom - top)
B102: Maximum Capacity | H102: : | J102: =PI()*$H$34^2/4*L106/1000 -> 7803.0955 | L102: kL | N102: (maximum tank capacity, bottom to HHLL)
B103: Net Working Capacity | H103: : | J103: =PI()*$H$34^2/4*(L107-L108)/1000 -> 6213.9642 | L103: kL | N103: (maximum operating capacity, LLL to HLL)
B104: Safe Capacity | H104: : | J104: =PI()*$H$34^2/4*(L107-L109)/1000 -> 6289.4375 | L104: kL | N104: (maximum operating capacity, LLL to HLL)
B105: Dead Volume | H105: : | J105: =PI()*$H$34^2/4*L109/1000 -> 1362.7115 | L105: kL | N105: (dead stock capacity, bottom to LLLL)
E106: HHLL | J106: : | L106: =K71 -> 7444 | N106: mm
E107: HLL | J107: : | L107: =K77 -> 7300 | N107: mm | S107: `
E108: LLL | J108: : | L108: =K92 -> 1372 | N108: mm
E109: LLLL | J109: : | L109: =K88 -> 1300 | N109: mm
F116: Critical H | Z116: =M39 -> 7731 | AB116: mm
D117: =U69 -> 30.084476 | E117: min
F118: HHLL | Z118: =L106 -> 7444 | AB118: mm
D119: =U75 -> 15.09465 | E119: min
F120: HLL | Z120: =L107 -> 7300 | AB120: mm
D125: Height : | K125: Safe Capacity | R125: Net Working Capacity
C126: =H36*1000 -> 9100 | E126: mm | K126: =J104 -> 6289.4375 | L126: KL | R126: =J103 -> 6213.9642 | S126: KL
F136: LLL | Z136: =L108 -> 1372 | AB136: mm
D137: =U92 -> 15.09465 | E137: min
F138: LLLL | Z138: =L109 -> 1300 | AB138: mm
O144: Diameter : | P144: =H34*1000 -> 36533 | R144: mm
T150: FOAM CHAMBER
T151: A | U151: = | V151: =PI()/4*H34^2 -> 1048.2396 | Y151: M2
T152: FOAM | U152: = | V152: 4.1 | Y152: LPM/M2
T153: Q | U153: = | V153: =V151*V152 -> 4297.7823 | Y153: LPM
V154: =V153*60/1000 -> 257.86694 | Y154: M3/HR
A156: ` | U156: K | X156: Q | Y156: Nf
T157: 4 | U157: 175 | W157: =U157*(3.5)^(0.5) -> 327.39502 | Y157: =ROUNDUP($V$153/W157,0) -> 14
T158: 6 | U158: 350 | W158: =U158*(3.5)^(0.5) -> 654.79004 | Y158: =ROUNDUP($V$153/W158,0) -> 7
T159: 8 | U159: 700 | W159: =U159*(3.5)^(0.5) -> 1309.5801 | Y159: =ROUNDUP($V$153/W159,0) -> 4
T160: 10 | U160: 1400 | W160: =U160*(3.5)^(0.5) -> 2619.1602 | Y160: =ROUNDUP($V$153/W160,0) -> 2

Sheet T54
A2: OVERFILL STORAGE TANK SIZING
A3: FUEL TANK
B5: LOCATION | G5: : | H5: IT SURABAYA | Z5: By | AB5: :
B6: PROJECT TITLE | G6: : | H6: Tangki Timbun BBM T54 | Z6: Check | AB6: : | AI6: =PI()*H34 -> 60.887207 | AJ6: =AI6/6 -> 10.147868
H7: BIOSOLAR | Z7: Rev | AB7: :
AJ9: DIMENSION
A11: A. Reference
B12: API 2350 - Overfill Prevention for Storage Tanks in Petroleum Facilities
A14: B. Terms, Definitions, & Acronyms
B15: Critical High (CH) level | H15: : | I15: The highest level in the tank that product can reach without detrimental impacts (i.e. product overflow or tank damage)
B17: High-High tank level alarm (LAHH) | H17: : | I17: An alarm generated when the product level reaches the High-High (HH) tank level
B18: High-High (HH) tank level | H18: : | I18: A level sufficiently below the Critical High (CH) level to enable termination of a receipt or transfer before the Critical High (CH) level is reached
B20: AOPS | H20: : | I20: Automated Overfill Prefention System
B21: CH | H21: : | I21: Critical High
B22: HH | H22: : | I22: High-High tank level
B23: LAHH | H23: : | I23: High-High tank level alarm
B24: FC | H24: : | I24: Foam Chamber
B25: TA | H25: : | I25: Top Angle
A27: A. Purpose
B28: To obtain level of concern storage tank at IT SURABAYA
A30: C. Summary Data
B31: Required Capacity (SAFE) | G31: : | H31: =Sheet1!B45 -> 2564 | K31: kL | R31: Calculation Data
B32: Shell plate height | G32: : | H32: 1.82 | K32: m | R32: Inlet Flow | W32: : | X32: 600 | AA32: m3/hr
C33: Diameter | G33: : | H33: =L33*6/PI() -> 9.5492966 | K33: m | L33: 5 | N33: plates (H)
B34: Diameter Taken | G34: : | H34: 19.381 | K34: m | R34: Outlet Flow | W34: : | X34: 300 | AA34: m3/hr
B35: Number of Shell | G35: : | H35: 6 | K35: plates (V) | R35: Response Time | W35: : | X35: 15 | AA35: minutes | AC35: H to HH
B36: Total Tank Height | G36: : | H36: =H32*H35 -> 10.92 | K36: m | R36: Critical High Response | W36: : | X36: 30 | AA36: minutes | AC36: HH to FC
R37: Response Time | W37: : | X37: 15 | AA37: minutes | AC37: L to LL
B39: Critcal High (CH) = Tabel Tangki Tinggi Max Vol. Bersih | L39: : | M39: =U39+U68+U74 -> 10030 | N39: mm | O39: See SAP & Tabel Tangki | U39: =Sheet1!C45 -> 8500 | X39: mm
B40: Low Level (LLLL) = Unpumpable/Dead Stock (Data SAP) | L40: : | M40: =U40/1000 -> 233 | N40: KL | O40: See Data SAP | U40: =Sheet1!M45 -> 233000 | X40: L
M41: =Sheet1!E45 -> 600 | N41: mm | O41: See SAP & Tabel Tangki
AX64: =306+(3*2.54) -> 313.62
B65: Volume per meter of height | J65: : | K65: =PI()*H34^2/4 -> 295.01374 | M65: m3/m | AX65: =PI()*H34^2*0.25*AX64/1000 -> 92.522209
B67: CH to HHLL Volume | J67: : | K67: =X36*X32/60 -> 300 | M67: m3
B68: CH to HHLL Space | J68: : | K68: =K67/K65*1000 -> 1016.9018 | M68: mm | R68: taken | T68: : | U68: 1020 | W68: mm | Z68: HHLL to CH
T69: : | U69: =U68/1000*K65/X32*60 -> 30.091402 | W69: minutes | Z69: HHLL to CH
B70: Top Shell to HHLL Space | J70: : | K70: =U68 -> 1020 | M70: mm
B71: HHLL Height from Bottom | J71: : | K71: =M39-K70 -> 9010 | M71: mm
B73: HHLL to HLL Volume | J73: : | K73: =X32*X35/60 -> 150 | M73: m3
B74: HHLL to HLL Space | J74: : | K74: =K73/K65*1000 -> 508.45089 | M74: mm | R74: taken | T74: : | U74: 510 | W74: mm | Z74: HLL to HHLL
U75: =U74/1000*K65/X32*60 -> 15.045701 | W75: minutes | Z75: HLL to HHLL
B76: Top Shell to HLL Space | J76: : | K76: =U68+U74 -> 1530 | M76: mm
B77: HLL Height from Bottom | J77: : | K77: =M39-K76 -> 8500 | M77: mm
B79: Inlet Nozzle Recommendation | J79: : | K79: 16 | M79: inches | T79: : | U79: =K79*25.4 -> 406.4 | W79: mm
B80: Internal Diameter | J80: : | K80: 16 | M80: inches | P80: Inlet velocity | T80: : | U80: =X32/3600/(PI()*(K80/39.36996)^2/4) -> 1.2848394 | W80: m/s
B82: Outlet Nozzle Recommendation | J82: : | K82: 12 | M82: inches | T82: : | U82: =K82*25.4 -> 304.8 | W82: mm
B83: Internal Diameter | J83: : | K83: 12 | M83: inches | P83: Outlet velocity | T83: : | U83: =X34/3600/(PI()*(K83/39.36996)^2/4) -> 1.1420795 | W83: m/s
B85: Bottom to Center Nozzle | I85: Reg | J85: : | K85: 306 | M85: mm | O85: see Tabel 5.6a API 650 column 8
I86: Low | J86: : | K86: 200 | M86: mm | O86: see Tabel 5.6a API 650 column 9c
B87: Additional Space Nozzle to LLLL | J87: : | K87: 0 | M87: mm
B88: Minimum LLLL height Form Bottom | J88: : | K88: =M41 -> 600 | M88: mm
B90: LLLL to LLL Volume | J90: : | K90: =X34*X37/60 -> 75 | M90: m3
B91: LLLL to LLL Space | J91: : | K91: =K90/K65*1000 -> 254.22545 | M91: mm | R91: taken | T91: : | U91: 256 | W91: mm | Z91: LLLL to LLL
B92: HLL Height from Bottom | J92: : | K92: =K88+U91 -> 856 | M92: mm | U92: =U91/1000*K65/X34*60 -> 15.104704 | W92: minutes | Z92: LLLL to LLL
A99: D. Result
B101: Max Tank Volume | H101: : | J101: =PI()*$H$34^2/4*M39/1000 -> 2958.9878 | L101: kL | N101: (total volume, bottom - top)
B102: Maximum Capacity | H102: : | J102: =PI()*$H$34^2/4*L106/1000 -> 2658.0738 | L102: kL | N102: (maximum tank capacity, bottom to HHLL)
B103: Net Working Capacity | H103: : | J103: =PI()*$H$34^2/4*(L107-L108)/1000 -> 2255.085 | L103: kL | N103: (maximum operating capacity, LLL to HLL)
B104: Safe Capacity | H104: : | J104: =PI()*$H$34^2/4*(L107-L109)/1000 -> 2330.6086 | L104: kL | N104: (maximum operating capacity, LLL to HLL)
B105: Dead Volume | H105: : | J105: =PI()*$H$34^2/4*L109/1000 -> 177.00824 | L105: kL | N105: (dead stock capacity, bottom to LLLL)
E106: HHLL | J106: : | L106: =K71 -> 9010 | N106: mm
E107: HLL | J107: : | L107: =K77 -> 8500 | N107: mm | S107: `
E108: LLL | J108: : | L108: =K92 -> 856 | N108: mm
E109: LLLL | J109: : | L109: =K88 -> 600 | N109: mm
F116: Critical H | Z116: =M39 -> 10030 | AB116: mm
D117: =U69 -> 30.091402 | E117: min
F118: HHLL | Z118: =L106 -> 9010 | AB118: mm
D119: =U75 -> 15.045701 | E119: min
F120: HLL | Z120: =L107 -> 8500 | AB120: mm
D125: Height : | K125: Safe Capacity | R125: Net Working Capacity
C126: =H36*1000 -> 10920 | E126: mm | K126: =J104 -> 2330.6086 | L126: KL | R126: =J103 -> 2255.085 | S126: KL
F136: LLL | Z136: =L108 -> 856 | AB136: mm
D137: =U92 -> 15.104704 | E137: min
F138: LLLL | Z138: =L109 -> 600 | AB138: mm
O144: Diameter : | P144: =H34*1000 -> 19381 | R144: mm
T150: FOAM CHAMBER
T151: A | U151: = | V151: =PI()/4*H34^2 -> 295.01374 | Y151: M2
T152: FOAM | U152: = | V152: 4.1 | Y152: LPM/M2
T153: Q | U153: = | V153: =V151*V152 -> 1209.5563 | Y153: LPM
V154: =V153*60/1000 -> 72.57338 | Y154: M3/HR
A156: ` | U156: K | X156: Q | Y156: Nf
T157: 4 | U157: 175 | W157: =U157*(3.5)^(0.5) -> 327.39502 | Y157: =ROUNDUP($V$153/W157,0) -> 4
T158: 6 | U158: 350 | W158: =U158*(3.5)^(0.5) -> 654.79004 | Y158: =ROUNDUP($V$153/W158,0) -> 2
T159: 8 | U159: 700 | W159: =U159*(3.5)^(0.5) -> 1309.5801 | Y159: =ROUNDUP($V$153/W159,0) -> 1
T160: 10 | U160: 1400 | W160: =U160*(3.5)^(0.5) -> 2619.1602 | Y160: =ROUNDUP($V$153/W160,0) -> 1

Sheet T55
A2: OVERFILL STORAGE TANK SIZING
A3: FUEL TANK
B5: LOCATION | G5: : | H5: IT SURABAYA | Z5: By | AB5: :
B6: PROJECT TITLE | G6: : | H6: Tangki Timbun BBM T55 | Z6: Check | AB6: : | AI6: =PI()*H34 -> 60.943756 | AJ6: =AI6/6 -> 10.157293
H7: FAME | Z7: Rev | AB7: :
AJ9: DIMENSION
A11: A. Reference
B12: API 2350 - Overfill Prevention for Storage Tanks in Petroleum Facilities
A14: B. Terms, Definitions, & Acronyms
B15: Critical High (CH) level | H15: : | I15: The highest level in the tank that product can reach without detrimental impacts (i.e. product overflow or tank damage)
B17: High-High tank level alarm (LAHH) | H17: : | I17: An alarm generated when the product level reaches the High-High (HH) tank level
B18: High-High (HH) tank level | H18: : | I18: A level sufficiently below the Critical High (CH) level to enable termination of a receipt or transfer before the Critical High (CH) level is reached
B20: AOPS | H20: : | I20: Automated Overfill Prefention System
B21: CH | H21: : | I21: Critical High
B22: HH | H22: : | I22: High-High tank level
B23: LAHH | H23: : | I23: High-High tank level alarm
B24: FC | H24: : | I24: Foam Chamber
B25: TA | H25: : | I25: Top Angle
A27: A. Purpose
B28: To obtain level of concern storage tank at IT SURABAYA
A30: C. Summary Data
B31: Required Capacity (SAFE) | G31: : | H31: =Sheet1!B46 -> 2343 | K31: kL | R31: Calculation Data
B32: Shell plate height | G32: : | H32: 1.82 | K32: m | R32: Inlet Flow | W32: : | X32: 600 | AA32: m3/hr
C33: Diameter | G33: : | H33: =L33*6/PI() -> 9.5492966 | K33: m | L33: 5 | N33: plates (H)
B34: Diameter Taken | G34: : | H34: 19.399 | K34: m | R34: Outlet Flow | W34: : | X34: 300 | AA34: m3/hr
B35: Number of Shell | G35: : | H35: 6 | K35: plates (V) | R35: Response Time | W35: : | X35: 15 | AA35: minutes | AC35: H to HH
B36: Total Tank Height | G36: : | H36: =H32*H35 -> 10.92 | K36: m | R36: Critical High Response | W36: : | X36: 30 | AA36: minutes | AC36: HH to FC
R37: Response Time | W37: : | X37: 15 | AA37: minutes | AC37: L to LL
B39: Critcal High (CH) = Tabel Tangki Tinggi Max Vol. Bersih | L39: : | M39: =U39+U68+U74 -> 9430 | N39: mm | O39: See SAP & Tabel Tangki | U39: =Sheet1!C46 -> 7900 | X39: mm
B40: Low Level (LLLL) = Unpumpable/Dead Stock (Data SAP) | L40: : | M40: =U40/1000 -> 184 | N40: KL | O40: See Data SAP | U40: =Sheet1!M46 -> 184000 | X40: L
M41: =Sheet1!E46 -> 600 | N41: mm | O41: See SAP & Tabel Tangki
AX64: =306+(3*2.54) -> 313.62
B65: Volume per meter of height | J65: : | K65: =PI()*H34^2/4 -> 295.56198 | M65: m3/m | AX65: =PI()*H34^2*0.25*AX64/1000 -> 92.694148
B67: CH to HHLL Volume | J67: : | K67: =X36*X32/60 -> 300 | M67: m3
B68: CH to HHLL Space | J68: : | K68: =K67/K65*1000 -> 1015.0155 | M68: mm | R68: taken | T68: : | U68: 1020 | W68: mm | Z68: HHLL to CH
T69: : | U69: =U68/1000*K65/X32*60 -> 30.147322 | W69: minutes | Z69: HHLL to CH
B70: Top Shell to HHLL Space | J70: : | K70: =U68 -> 1020 | M70: mm
B71: HHLL Height from Bottom | J71: : | K71: =M39-K70 -> 8410 | M71: mm
B73: HHLL to HLL Volume | J73: : | K73: =X32*X35/60 -> 150 | M73: m3
B74: HHLL to HLL Space | J74: : | K74: =K73/K65*1000 -> 507.50777 | M74: mm | R74: taken | T74: : | U74: 510 | W74: mm | Z74: HLL to HHLL
U75: =U74/1000*K65/X32*60 -> 15.073661 | W75: minutes | Z75: HLL to HHLL
B76: Top Shell to HLL Space | J76: : | K76: =U68+U74 -> 1530 | M76: mm
B77: HLL Height from Bottom | J77: : | K77: =M39-K76 -> 7900 | M77: mm
B79: Inlet Nozzle Recommendation | J79: : | K79: 16 | M79: inches | T79: : | U79: =K79*25.4 -> 406.4 | W79: mm
B80: Internal Diameter | J80: : | K80: 16 | M80: inches | P80: Inlet velocity | T80: : | U80: =X32/3600/(PI()*(K80/39.36996)^2/4) -> 1.2848394 | W80: m/s
B82: Outlet Nozzle Recommendation | J82: : | K82: 12 | M82: inches | T82: : | U82: =K82*25.4 -> 304.8 | W82: mm
B83: Internal Diameter | J83: : | K83: 12 | M83: inches | P83: Outlet velocity | T83: : | U83: =X34/3600/(PI()*(K83/39.36996)^2/4) -> 1.1420795 | W83: m/s
B85: Bottom to Center Nozzle | I85: Reg | J85: : | K85: 306 | M85: mm | O85: see Tabel 5.6a API 650 column 8
I86: Low | J86: : | K86: 200 | M86: mm | O86: see Tabel 5.6a API 650 column 9c
B87: Additional Space Nozzle to LLLL | J87: : | K87: 0 | M87: mm
B88: Minimum LLLL height Form Bottom | J88: : | K88: =M41 -> 600 | M88: mm
B90: LLLL to LLL Volume | J90: : | K90: =X34*X37/60 -> 75 | M90: m3
B91: LLLL to LLL Space | J91: : | K91: =K90/K65*1000 -> 253.75388 | M91: mm | R91: taken | T91: : | U91: 255 | W91: mm | Z91: LLLL to LLL
B92: HLL Height from Bottom | J92: : | K92: =K88+U91 -> 855 | M92: mm | U92: =U91/1000*K65/X34*60 -> 15.073661 | W92: minutes | Z92: LLLL to LLL
A99: D. Result
B101: Max Tank Volume | H101: : | J101: =PI()*$H$34^2/4*M39/1000 -> 2787.1495 | L101: kL | N101: (total volume, bottom - top)
B102: Maximum Capacity | H102: : | J102: =PI()*$H$34^2/4*L106/1000 -> 2485.6763 | L102: kL | N102: (maximum tank capacity, bottom to HHLL)
B103: Net Working Capacity | H103: : | J103: =PI()*$H$34^2/4*(L107-L108)/1000 -> 2082.2341 | L103: kL | N103: (maximum operating capacity, LLL to HLL)
B104: Safe Capacity | H104: : | J104: =PI()*$H$34^2/4*(L107-L109)/1000 -> 2157.6025 | L104: kL | N104: (maximum operating capacity, LLL to HLL)
B105: Dead Volume | H105: : | J105: =PI()*$H$34^2/4*L109/1000 -> 177.33719 | L105: kL | N105: (dead stock capacity, bottom to LLLL)
E106: HHLL | J106: : | L106: =K71 -> 8410 | N106: mm
E107: HLL | J107: : | L107: =K77 -> 7900 | N107: mm | S107: `
E108: LLL | J108: : | L108: =K92 -> 855 | N108: mm
E109: LLLL | J109: : | L109: =K88 -> 600 | N109: mm
F116: Critical H | Z116: =M39 -> 9430 | AB116: mm
D117: =U69 -> 30.147322 | E117: min
F118: HHLL | Z118: =L106 -> 8410 | AB118: mm
D119: =U75 -> 15.073661 | E119: min
F120: HLL | Z120: =L107 -> 7900 | AB120: mm
D125: Height : | K125: Safe Capacity | R125: Net Working Capacity
C126: =H36*1000 -> 10920 | E126: mm | K126: =J104 -> 2157.6025 | L126: KL | R126: =J103 -> 2082.2341 | S126: KL
F136: LLL | Z136: =L108 -> 855 | AB136: mm
D137: =U92 -> 15.073661 | E137: min
F138: LLLL | Z138: =L109 -> 600 | AB138: mm
O144: Diameter : | P144: =H34*1000 -> 19399 | R144: mm
T150: FOAM CHAMBER
T151: A | U151: = | V151: =PI()/4*H34^2 -> 295.56198 | Y151: M2
T152: FOAM | U152: = | V152: 4.1 | Y152: LPM/M2
T153: Q | U153: = | V153: =V151*V152 -> 1211.8041 | Y153: LPM
V154: =V153*60/1000 -> 72.708247 | Y154: M3/HR
A156: ` | U156: K | X156: Q | Y156: Nf
T157: 4 | U157: 175 | W157: =U157*(3.5)^(0.5) -> 327.39502 | Y157: =ROUNDUP($V$153/W157,0) -> 4
T158: 6 | U158: 350 | W158: =U158*(3.5)^(0.5) -> 654.79004 | Y158: =ROUNDUP($V$153/W158,0) -> 2
T159: 8 | U159: 700 | W159: =U159*(3.5)^(0.5) -> 1309.5801 | Y159: =ROUNDUP($V$153/W159,0) -> 1
T160: 10 | U160: 1400 | W160: =U160*(3.5)^(0.5) -> 2619.1602 | Y160: =ROUNDUP($V$153/W160,0) -> 1

Sheet T56
A2: OVERFILL STORAGE TANK SIZING
A3: FUEL TANK
B5: LOCATION | G5: : | H5: IT SURABAYA | Z5: By | AB5: :
B6: PROJECT TITLE | G6: : | H6: Tangki Timbun BBM T56 | Z6: Check | AB6: : | AI6: =PI()*H34 -> 60.915482 | AJ6: =AI6/6 -> 10.15258
H7: FAME | Z7: Rev | AB7: :
AJ9: DIMENSION
A11: A. Reference
B12: API 2350 - Overfill Prevention for Storage Tanks in Petroleum Facilities
A14: B. Terms, Definitions, & Acronyms
B15: Critical High (CH) level | H15: : | I15: The highest level in the tank that product can reach without detrimental impacts (i.e. product overflow or tank damage)
B17: High-High tank level alarm (LAHH) | H17: : | I17: An alarm generated when the product level reaches the High-High (HH) tank level
B18: High-High (HH) tank level | H18: : | I18: A level sufficiently below the Critical High (CH) level to enable termination of a receipt or transfer before the Critical High (CH) level is reached
B20: AOPS | H20: : | I20: Automated Overfill Prefention System
B21: CH | H21: : | I21: Critical High
B22: HH | H22: : | I22: High-High tank level
B23: LAHH | H23: : | I23: High-High tank level alarm
B24: FC | H24: : | I24: Foam Chamber
B25: TA | H25: : | I25: Top Angle
A27: A. Purpose
B28: To obtain level of concern storage tank at IT SURABAYA
A30: C. Summary Data
B31: Required Capacity (SAFE) | G31: : | H31: =Sheet1!B47 -> 2485 | K31: kL | R31: Calculation Data
B32: Shell plate height | G32: : | H32: 1.82 | K32: m | R32: Inlet Flow | W32: : | X32: 600 | AA32: m3/hr
C33: Diameter | G33: : | H33: =L33*6/PI() -> 9.5492966 | K33: m | L33: 5 | N33: plates (H)
B34: Diameter Taken | G34: : | H34: 19.39 | K34: m | R34: Outlet Flow | W34: : | X34: 300 | AA34: m3/hr
B35: Number of Shell | G35: : | H35: 6 | K35: plates (V) | R35: Response Time | W35: : | X35: 15 | AA35: minutes | AC35: H to HH
B36: Total Tank Height | G36: : | H36: =H32*H35 -> 10.92 | K36: m | R36: Critical High Response | W36: : | X36: 30 | AA36: minutes | AC36: HH to FC
R37: Response Time | W37: : | X37: 15 | AA37: minutes | AC37: L to LL
B39: Critcal High (CH) = Tabel Tangki Tinggi Max Vol. Bersih | L39: : | M39: =U39+U68+U74 -> 9930 | N39: mm | O39: See SAP & Tabel Tangki | U39: =Sheet1!C47 -> 8400 | X39: mm
B40: Low Level (LLLL) = Unpumpable/Dead Stock (Data SAP) | L40: : | M40: =U40/1000 -> 95 | N40: KL | O40: See Data SAP | U40: =Sheet1!M47 -> 95000 | X40: L
M41: =Sheet1!E47 -> 306 | N41: mm | O41: See SAP & Tabel Tangki
AX64: =306+(3*2.54) -> 313.62
B65: Volume per meter of height | J65: : | K65: =PI()*H34^2/4 -> 295.2878 | M65: m3/m | AX65: =PI()*H34^2*0.25*AX64/1000 -> 92.608159
B67: CH to HHLL Volume | J67: : | K67: =X36*X32/60 -> 300 | M67: m3
B68: CH to HHLL Space | J68: : | K68: =K67/K65*1000 -> 1015.958 | M68: mm | R68: taken | T68: : | U68: 1020 | W68: mm | Z68: HHLL to CH
T69: : | U69: =U68/1000*K65/X32*60 -> 30.119355 | W69: minutes | Z69: HHLL to CH
B70: Top Shell to HHLL Space | J70: : | K70: =U68 -> 1020 | M70: mm
B71: HHLL Height from Bottom | J71: : | K71: =M39-K70 -> 8910 | M71: mm
B73: HHLL to HLL Volume | J73: : | K73: =X32*X35/60 -> 150 | M73: m3
B74: HHLL to HLL Space | J74: : | K74: =K73/K65*1000 -> 507.979 | M74: mm | R74: taken | T74: : | U74: 510 | W74: mm | Z74: HLL to HHLL
U75: =U74/1000*K65/X32*60 -> 15.059678 | W75: minutes | Z75: HLL to HHLL
B76: Top Shell to HLL Space | J76: : | K76: =U68+U74 -> 1530 | M76: mm
B77: HLL Height from Bottom | J77: : | K77: =M39-K76 -> 8400 | M77: mm
B79: Inlet Nozzle Recommendation | J79: : | K79: 16 | M79: inches | T79: : | U79: =K79*25.4 -> 406.4 | W79: mm
B80: Internal Diameter | J80: : | K80: 16 | M80: inches | P80: Inlet velocity | T80: : | U80: =X32/3600/(PI()*(K80/39.36996)^2/4) -> 1.2848394 | W80: m/s
B82: Outlet Nozzle Recommendation | J82: : | K82: 12 | M82: inches | T82: : | U82: =K82*25.4 -> 304.8 | W82: mm
B83: Internal Diameter | J83: : | K83: 12 | M83: inches | P83: Outlet velocity | T83: : | U83: =X34/3600/(PI()*(K83/39.36996)^2/4) -> 1.1420795 | W83: m/s
B85: Bottom to Center Nozzle | I85: Reg | J85: : | K85: 306 | M85: mm | O85: see Tabel 5.6a API 650 column 8
I86: Low | J86: : | K86: 200 | M86: mm | O86: see Tabel 5.6a API 650 column 9c
B87: Additional Space Nozzle to LLLL | J87: : | K87: 0 | M87: mm
B88: Minimum LLLL height Form Bottom | J88: : | K88: =M41 -> 306 | M88: mm
B90: LLLL to LLL Volume | J90: : | K90: =X34*X37/60 -> 75 | M90: m3
B91: LLLL to LLL Space | J91: : | K91: =K90/K65*1000 -> 253.9895 | M91: mm | R91: taken | T91: : | U91: 255 | W91: mm | Z91: LLLL to LLL
B92: HLL Height from Bottom | J92: : | K92: =K88+U91 -> 561 | M92: mm | U92: =U91/1000*K65/X34*60 -> 15.059678 | W92: minutes | Z92: LLLL to LLL
A99: D. Result
B101: Max Tank Volume | H101: : | J101: =PI()*$H$34^2/4*M39/1000 -> 2932.2078 | L101: kL | N101: (total volume, bottom - top)
B102: Maximum Capacity | H102: : | J102: =PI()*$H$34^2/4*L106/1000 -> 2631.0143 | L102: kL | N102: (maximum tank capacity, bottom to HHLL)
B103: Net Working Capacity | H103: : | J103: =PI()*$H$34^2/4*(L107-L108)/1000 -> 2314.761 | L103: kL | N103: (maximum operating capacity, LLL to HLL)
B104: Safe Capacity | H104: : | J104: =PI()*$H$34^2/4*(L107-L109)/1000 -> 2390.0594 | L104: kL | N104: (maximum operating capacity, LLL to HLL)
B105: Dead Volume | H105: : | J105: =PI()*$H$34^2/4*L109/1000 -> 90.358066 | L105: kL | N105: (dead stock capacity, bottom to LLLL)
E106: HHLL | J106: : | L106: =K71 -> 8910 | N106: mm
E107: HLL | J107: : | L107: =K77 -> 8400 | N107: mm | S107: `
E108: LLL | J108: : | L108: =K92 -> 561 | N108: mm
E109: LLLL | J109: : | L109: =K88 -> 306 | N109: mm
F116: Critical H | Z116: =M39 -> 9930 | AB116: mm
D117: =U69 -> 30.119355 | E117: min
F118: HHLL | Z118: =L106 -> 8910 | AB118: mm
D119: =U75 -> 15.059678 | E119: min
F120: HLL | Z120: =L107 -> 8400 | AB120: mm
D125: Height : | K125: Safe Capacity | R125: Net Working Capacity
C126: =H36*1000 -> 10920 | E126: mm | K126: =J104 -> 2390.0594 | L126: KL | R126: =J103 -> 2314.761 | S126: KL
F136: LLL | Z136: =L108 -> 561 | AB136: mm
D137: =U92 -> 15.059678 | E137: min
F138: LLLL | Z138: =L109 -> 306 | AB138: mm
O144: Diameter : | P144: =H34*1000 -> 19390 | R144: mm
T150: FOAM CHAMBER
T151: A | U151: = | V151: =PI()/4*H34^2 -> 295.2878 | Y151: M2
T152: FOAM | U152: = | V152: 4.1 | Y152: LPM/M2
T153: Q | U153: = | V153: =V151*V152 -> 1210.68 | Y153: LPM
V154: =V153*60/1000 -> 72.640798 | Y154: M3/HR
A156: ` | U156: K | X156: Q | Y156: Nf
T157: 4 | U157: 175 | W157: =U157*(3.5)^(0.5) -> 327.39502 | Y157: =ROUNDUP($V$153/W157,0) -> 4
T158: 6 | U158: 350 | W158: =U158*(3.5)^(0.5) -> 654.79004 | Y158: =ROUNDUP($V$153/W158,0) -> 2
T159: 8 | U159: 700 | W159: =U159*(3.5)^(0.5) -> 1309.5801 | Y159: =ROUNDUP($V$153/W159,0) -> 1
T160: 10 | U160: 1400 | W160: =U160*(3.5)^(0.5) -> 2619.1602 | Y160: =ROUNDUP($V$153/W160,0) -> 1

Sheet T57
A2: OVERFILL STORAGE TANK SIZING
A3: FUEL TANK
B5: LOCATION | G5: : | H5: IT SURABAYA | Z5: By | AB5: :
B6: PROJECT TITLE | G6: : | H6: Tangki Timbun BBM T57 | Z6: Check | AB6: : | AI6: =PI()*H34 -> 60.884066 | AJ6: =AI6/6 -> 10.147344
H7: FAME | Z7: Rev | AB7: :
AJ9: DIMENSION
A11: A. Reference
B12: API 2350 - Overfill Prevention for Storage Tanks in Petroleum Facilities
A14: B. Terms, Definitions, & Acronyms
B15: Critical High (CH) level | H15: : | I15: The highest level in the tank that product can reach without detrimental impacts (i.e. product overflow or tank damage)
B17: High-High tank level alarm (LAHH) | H17: : | I17: An alarm generated when the product level reaches the High-High (HH) tank level
B18: High-High (HH) tank level | H18: : | I18: A level sufficiently below the Critical High (CH) level to enable termination of a receipt or transfer before the Critical High (CH) level is reached
B20: AOPS | H20: : | I20: Automated Overfill Prefention System
B21: CH | H21: : | I21: Critical High
B22: HH | H22: : | I22: High-High tank level
B23: LAHH | H23: : | I23: High-High tank level alarm
B24: FC | H24: : | I24: Foam Chamber
B25: TA | H25: : | I25: Top Angle
A27: A. Purpose
B28: To obtain level of concern storage tank at IT SURABAYA
A30: C. Summary Data
B31: Required Capacity (SAFE) | G31: : | H31: =Sheet1!B48 -> 2466 | K31: kL | R31: Calculation Data
B32: Shell plate height | G32: : | H32: 1.82 | K32: m | R32: Inlet Flow | W32: : | X32: 600 | AA32: m3/hr
C33: Diameter | G33: : | H33: =L33*6/PI() -> 9.5492966 | K33: m | L33: 5 | N33: plates (H)
B34: Diameter Taken | G34: : | H34: 19.38 | K34: m | R34: Outlet Flow | W34: : | X34: 300 | AA34: m3/hr
B35: Number of Shell | G35: : | H35: 6 | K35: plates (V) | R35: Response Time | W35: : | X35: 15 | AA35: minutes | AC35: H to HH
B36: Total Tank Height | G36: : | H36: =H32*H35 -> 10.92 | K36: m | R36: Critical High Response | W36: : | X36: 30 | AA36: minutes | AC36: HH to FC
R37: Response Time | W37: : | X37: 15 | AA37: minutes | AC37: L to LL
B39: Critcal High (CH) = Tabel Tangki Tinggi Max Vol. Bersih | L39: : | M39: =U39+U68+U74 -> 9730 | N39: mm | O39: See SAP & Tabel Tangki | U39: =Sheet1!C48 -> 8200 | X39: mm
B40: Low Level (LLLL) = Unpumpable/Dead Stock (Data SAP) | L40: : | M40: =U40/1000 -> 225 | N40: KL | O40: See Data SAP | U40: =Sheet1!M48 -> 225000 | X40: L
M41: =Sheet1!E48 -> 600 | N41: mm | O41: See SAP & Tabel Tangki
AX64: =306+(3*2.54) -> 313.62
B65: Volume per meter of height | J65: : | K65: =PI()*H34^2/4 -> 294.9833 | M65: m3/m | AX65: =PI()*H34^2*0.25*AX64/1000 -> 92.512662
B67: CH to HHLL Volume | J67: : | K67: =X36*X32/60 -> 300 | M67: m3
B68: CH to HHLL Space | J68: : | K68: =K67/K65*1000 -> 1017.0067 | M68: mm | R68: taken | T68: : | U68: 1020 | W68: mm | Z68: HHLL to CH
T69: : | U69: =U68/1000*K65/X32*60 -> 30.088296 | W69: minutes | Z69: HHLL to CH
B70: Top Shell to HHLL Space | J70: : | K70: =U68 -> 1020 | M70: mm
B71: HHLL Height from Bottom | J71: : | K71: =M39-K70 -> 8710 | M71: mm
B73: HHLL to HLL Volume | J73: : | K73: =X32*X35/60 -> 150 | M73: m3
B74: HHLL to HLL Space | J74: : | K74: =K73/K65*1000 -> 508.50337 | M74: mm | R74: taken | T74: : | U74: 510 | W74: mm | Z74: HLL to HHLL
U75: =U74/1000*K65/X32*60 -> 15.044148 | W75: minutes | Z75: HLL to HHLL
B76: Top Shell to HLL Space | J76: : | K76: =U68+U74 -> 1530 | M76: mm
B77: HLL Height from Bottom | J77: : | K77: =M39-K76 -> 8200 | M77: mm
B79: Inlet Nozzle Recommendation | J79: : | K79: 16 | M79: inches | T79: : | U79: =K79*25.4 -> 406.4 | W79: mm
B80: Internal Diameter | J80: : | K80: 16 | M80: inches | P80: Inlet velocity | T80: : | U80: =X32/3600/(PI()*(K80/39.36996)^2/4) -> 1.2848394 | W80: m/s
B82: Outlet Nozzle Recommendation | J82: : | K82: 12 | M82: inches | T82: : | U82: =K82*25.4 -> 304.8 | W82: mm
B83: Internal Diameter | J83: : | K83: 12 | M83: inches | P83: Outlet velocity | T83: : | U83: =X34/3600/(PI()*(K83/39.36996)^2/4) -> 1.1420795 | W83: m/s
B85: Bottom to Center Nozzle | I85: Reg | J85: : | K85: 306 | M85: mm | O85: see Tabel 5.6a API 650 column 8
I86: Low | J86: : | K86: 200 | M86: mm | O86: see Tabel 5.6a API 650 column 9c
B87: Additional Space Nozzle to LLLL | J87: : | K87: 0 | M87: mm
B88: Minimum LLLL height Form Bottom | J88: : | K88: =M41 -> 600 | M88: mm
B90: LLLL to LLL Volume | J90: : | K90: =X34*X37/60 -> 75 | M90: m3
B91: LLLL to LLL Space | J91: : | K91: =K90/K65*1000 -> 254.25168 | M91: mm | R91: taken | T91: : | U91: 255 | W91: mm | Z91: LLLL to LLL
B92: HLL Height from Bottom | J92: : | K92: =K88+U91 -> 855 | M92: mm | U92: =U91/1000*K65/X34*60 -> 15.044148 | W92: minutes | Z92: LLLL to LLL
A99: D. Result
B101: Max Tank Volume | H101: : | J101: =PI()*$H$34^2/4*M39/1000 -> 2870.1875 | L101: kL | N101: (total volume, bottom - top)
B102: Maximum Capacity | H102: : | J102: =PI()*$H$34^2/4*L106/1000 -> 2569.3045 | L102: kL | N102: (maximum tank capacity, bottom to HHLL)
B103: Net Working Capacity | H103: : | J103: =PI()*$H$34^2/4*(L107-L108)/1000 -> 2166.6523 | L103: kL | N103: (maximum operating capacity, LLL to HLL)
B104: Safe Capacity | H104: : | J104: =PI()*$H$34^2/4*(L107-L109)/1000 -> 2241.8731 | L104: kL | N104: (maximum operating capacity, LLL to HLL)
B105: Dead Volume | H105: : | J105: =PI()*$H$34^2/4*L109/1000 -> 176.98998 | L105: kL | N105: (dead stock capacity, bottom to LLLL)
E106: HHLL | J106: : | L106: =K71 -> 8710 | N106: mm
E107: HLL | J107: : | L107: =K77 -> 8200 | N107: mm | S107: `
E108: LLL | J108: : | L108: =K92 -> 855 | N108: mm
E109: LLLL | J109: : | L109: =K88 -> 600 | N109: mm
F116: Critical H | Z116: =M39 -> 9730 | AB116: mm
D117: =U69 -> 30.088296 | E117: min
F118: HHLL | Z118: =L106 -> 8710 | AB118: mm
D119: =U75 -> 15.044148 | E119: min
F120: HLL | Z120: =L107 -> 8200 | AB120: mm
D125: Height : | K125: Safe Capacity | R125: Net Working Capacity
C126: =H36*1000 -> 10920 | E126: mm | K126: =J104 -> 2241.8731 | L126: KL | R126: =J103 -> 2166.6523 | S126: KL
F136: LLL | Z136: =L108 -> 855 | AB136: mm
D137: =U92 -> 15.044148 | E137: min
F138: LLLL | Z138: =L109 -> 600 | AB138: mm
O144: Diameter : | P144: =H34*1000 -> 19380 | R144: mm
T150: FOAM CHAMBER
T151: A | U151: = | V151: =PI()/4*H34^2 -> 294.9833 | Y151: M2
T152: FOAM | U152: = | V152: 4.1 | Y152: LPM/M2
T153: Q | U153: = | V153: =V151*V152 -> 1209.4315 | Y153: LPM
V154: =V153*60/1000 -> 72.565891 | Y154: M3/HR
A156: ` | U156: K | X156: Q | Y156: Nf
T157: 4 | U157: 175 | W157: =U157*(3.5)^(0.5) -> 327.39502 | Y157: =ROUNDUP($V$153/W157,0) -> 4
T158: 6 | U158: 350 | W158: =U158*(3.5)^(0.5) -> 654.79004 | Y158: =ROUNDUP($V$153/W158,0) -> 2
T159: 8 | U159: 700 | W159: =U159*(3.5)^(0.5) -> 1309.5801 | Y159: =ROUNDUP($V$153/W159,0) -> 1
T160: 10 | U160: 1400 | W160: =U160*(3.5)^(0.5) -> 2619.1602 | Y160: =ROUNDUP($V$153/W160,0) -> 1

Sheet T58
A2: OVERFILL STORAGE TANK SIZING
A3: FUEL TANK
B5: LOCATION | G5: : | H5: IT SURABAYA | Z5: By | AB5: :
B6: PROJECT TITLE | G6: : | H6: Tangki Timbun BBM T58 | Z6: Check | AB6: : | AI6: =PI()*H34 -> 53.598712 | AJ6: =AI6/6 -> 8.9331187
H7: MFO | Z7: Rev | AB7: :
AJ9: DIMENSION
A11: A. Reference
B12: API 2350 - Overfill Prevention for Storage Tanks in Petroleum Facilities
A14: B. Terms, Definitions, & Acronyms
B15: Critical High (CH) level | H15: : | I15: The highest level in the tank that product can reach without detrimental impacts (i.e. product overflow or tank damage)
B17: High-High tank level alarm (LAHH) | H17: : | I17: An alarm generated when the product level reaches the High-High (HH) tank level
B18: High-High (HH) tank level | H18: : | I18: A level sufficiently below the Critical High (CH) level to enable termination of a receipt or transfer before the Critical High (CH) level is reached
B20: AOPS | H20: : | I20: Automated Overfill Prefention System
B21: CH | H21: : | I21: Critical High
B22: HH | H22: : | I22: High-High tank level
B23: LAHH | H23: : | I23: High-High tank level alarm
B24: FC | H24: : | I24: Foam Chamber
B25: TA | H25: : | I25: Top Angle
A27: A. Purpose
B28: To obtain level of concern storage tank at IT SURABAYA
A30: C. Summary Data
B31: Required Capacity (SAFE) | G31: : | H31: =Sheet1!B49 -> 1635 | K31: kL | R31: Calculation Data
B32: Shell plate height | G32: : | H32: 1.82 | K32: m | R32: Inlet Flow | W32: : | X32: 450 | AA32: m3/hr
C33: Diameter | G33: : | H33: =L33*6/PI() -> 9.5492966 | K33: m | L33: 5 | N33: plates (H)
B34: Diameter Taken | G34: : | H34: 17.061 | K34: m | R34: Outlet Flow | W34: : | X34: 300 | AA34: m3/hr
B35: Number of Shell | G35: : | H35: 6 | K35: plates (V) | R35: Response Time | W35: : | X35: 15 | AA35: minutes | AC35: H to HH
B36: Total Tank Height | G36: : | H36: =H32*H35 -> 10.92 | K36: m | R36: Critical High Response | W36: : | X36: 30 | AA36: minutes | AC36: HH to FC
R37: Response Time | W37: : | X37: 15 | AA37: minutes | AC37: L to LL
B39: Critcal High (CH) = Tabel Tangki Tinggi Max Vol. Bersih | L39: : | M39: =U39+U68+U74 -> 8531 | N39: mm | O39: See SAP & Tabel Tangki | U39: =Sheet1!C49 -> 7050 | X39: mm
B40: Low Level (LLLL) = Unpumpable/Dead Stock (Data SAP) | L40: : | M40: =U40/1000 -> 137 | N40: KL | O40: See Data SAP | U40: =Sheet1!M49 -> 137000 | X40: L
M41: =Sheet1!E49 -> 500 | N41: mm | O41: See SAP & Tabel Tangki
AX64: =306+(3*2.54) -> 313.62
B65: Volume per meter of height | J65: : | K65: =PI()*H34^2/4 -> 228.61191 | M65: m3/m | AX65: =PI()*H34^2*0.25*AX64/1000 -> 71.697266
B67: CH to HHLL Volume | J67: : | K67: =X36*X32/60 -> 225 | M67: m3
B68: CH to HHLL Space | J68: : | K68: =K67/K65*1000 -> 984.2007 | M68: mm | R68: taken | T68: : | U68: 988 | W68: mm | Z68: HHLL to CH
T69: : | U69: =U68/1000*K65/X32*60 -> 30.115809 | W69: minutes | Z69: HHLL to CH
B70: Top Shell to HHLL Space | J70: : | K70: =U68 -> 988 | M70: mm
B71: HHLL Height from Bottom | J71: : | K71: =M39-K70 -> 7543 | M71: mm
B73: HHLL to HLL Volume | J73: : | K73: =X32*X35/60 -> 112.5 | M73: m3
B74: HHLL to HLL Space | J74: : | K74: =K73/K65*1000 -> 492.10035 | M74: mm | R74: taken | T74: : | U74: 493 | W74: mm | Z74: HLL to HHLL
U75: =U74/1000*K65/X32*60 -> 15.027423 | W75: minutes | Z75: HLL to HHLL
B76: Top Shell to HLL Space | J76: : | K76: =U68+U74 -> 1481 | M76: mm
B77: HLL Height from Bottom | J77: : | K77: =M39-K76 -> 7050 | M77: mm
B79: Inlet Nozzle Recommendation | J79: : | K79: 16 | M79: inches | T79: : | U79: =K79*25.4 -> 406.4 | W79: mm
B80: Internal Diameter | J80: : | K80: 16 | M80: inches | P80: Inlet velocity | T80: : | U80: =X32/3600/(PI()*(K80/39.36996)^2/4) -> 0.96362956 | W80: m/s
B82: Outlet Nozzle Recommendation | J82: : | K82: 12 | M82: inches | T82: : | U82: =K82*25.4 -> 304.8 | W82: mm
B83: Internal Diameter | J83: : | K83: 12 | M83: inches | P83: Outlet velocity | T83: : | U83: =X34/3600/(PI()*(K83/39.36996)^2/4) -> 1.1420795 | W83: m/s
B85: Bottom to Center Nozzle | I85: Reg | J85: : | K85: 306 | M85: mm | O85: see Tabel 5.6a API 650 column 8
I86: Low | J86: : | K86: 200 | M86: mm | O86: see Tabel 5.6a API 650 column 9c
B87: Additional Space Nozzle to LLLL | J87: : | K87: 0 | M87: mm
B88: Minimum LLLL height Form Bottom | J88: : | K88: =M41 -> 500 | M88: mm
B90: LLLL to LLL Volume | J90: : | K90: =X34*X37/60 -> 75 | M90: m3
B91: LLLL to LLL Space | J91: : | K91: =K90/K65*1000 -> 328.0669 | M91: mm | R91: taken | T91: : | U91: 330 | W91: mm | Z91: LLLL to LLL
B92: HLL Height from Bottom | J92: : | K92: =K88+U91 -> 830 | M92: mm | U92: =U91/1000*K65/X34*60 -> 15.088386 | W92: minutes | Z92: LLLL to LLL
A99: D. Result
B101: Max Tank Volume | H101: : | J101: =PI()*$H$34^2/4*M39/1000 -> 1950.2882 | L101: kL | N101: (total volume, bottom - top)
B102: Maximum Capacity | H102: : | J102: =PI()*$H$34^2/4*L106/1000 -> 1724.4196 | L102: kL | N102: (maximum tank capacity, bottom to HHLL)
B103: Net Working Capacity | H103: : | J103: =PI()*$H$34^2/4*(L107-L108)/1000 -> 1421.9661 | L103: kL | N103: (maximum operating capacity, LLL to HLL)
B104: Safe Capacity | H104: : | J104: =PI()*$H$34^2/4*(L107-L109)/1000 -> 1497.408 | L104: kL | N104: (maximum operating capacity, LLL to HLL)
B105: Dead Volume | H105: : | J105: =PI()*$H$34^2/4*L109/1000 -> 114.30595 | L105: kL | N105: (dead stock capacity, bottom to LLLL)
E106: HHLL | J106: : | L106: =K71 -> 7543 | N106: mm
E107: HLL | J107: : | L107: =K77 -> 7050 | N107: mm | S107: `
E108: LLL | J108: : | L108: =K92 -> 830 | N108: mm
E109: LLLL | J109: : | L109: =K88 -> 500 | N109: mm
F116: Critical H | Z116: =M39 -> 8531 | AB116: mm
D117: =U69 -> 30.115809 | E117: min
F118: HHLL | Z118: =L106 -> 7543 | AB118: mm
D119: =U75 -> 15.027423 | E119: min
F120: HLL | Z120: =L107 -> 7050 | AB120: mm
D125: Height : | K125: Safe Capacity | R125: Net Working Capacity
C126: =H36*1000 -> 10920 | E126: mm | K126: =J104 -> 1497.408 | L126: KL | R126: =J103 -> 1421.9661 | S126: KL
F136: LLL | Z136: =L108 -> 830 | AB136: mm
D137: =U92 -> 15.088386 | E137: min
F138: LLLL | Z138: =L109 -> 500 | AB138: mm
O144: Diameter : | P144: =H34*1000 -> 17061 | R144: mm
T150: FOAM CHAMBER
T151: A | U151: = | V151: =PI()/4*H34^2 -> 228.61191 | Y151: M2
T152: FOAM | U152: = | V152: 4.1 | Y152: LPM/M2
T153: Q | U153: = | V153: =V151*V152 -> 937.30882 | Y153: LPM
V154: =V153*60/1000 -> 56.238529 | Y154: M3/HR
A156: ` | U156: K | X156: Q | Y156: Nf
T157: 4 | U157: 175 | W157: =U157*(3.5)^(0.5) -> 327.39502 | Y157: =ROUNDUP($V$153/W157,0) -> 3
T158: 6 | U158: 350 | W158: =U158*(3.5)^(0.5) -> 654.79004 | Y158: =ROUNDUP($V$153/W158,0) -> 2
