Workbook
Name down: INDIRECT('Analisa Barrier'!#REF!)
Name down: INDIRECT('[1]Summary Data'!#REF!)
Name down: INDIRECT('[1]Summary Data'!#REF!)
Name down: INDIRECT('[1]Summary Data'!#REF!)
Name down: INDIRECT('[1]Summary Data'!#REF!)
Name down: INDIRECT('[1]Summary Data'!#REF!)
Name down: INDIRECT('[1]Summary Data'!#REF!)
Name down: INDIRECT('[1]Summary Data'!#REF!)
Name down: INDIRECT('[1]Summary Data'!#REF!)
Name down: INDIRECT('[1]Summary Data'!#REF!)
Name down: INDIRECT('[1]Summary Data'!#REF!)
Name down: INDIRECT('[1]Summary Data'!#REF!)
Name down: INDIRECT('[1]Summary Data'!#REF!)
Name down: INDIRECT('[1]Summary Data'!#REF!)
Name down: INDIRECT('[1]Summary Data'!#REF!)
Name down: INDIRECT('[1]Summary Data'!#REF!)
Name down: INDIRECT('[1]Summary Data'!#REF!)
Name down: INDIRECT('[1]Summary Data'!#REF!)
Name down: INDIRECT('[1]Summary Data'!#REF!)
Name down: INDIRECT('[1]Summary Data'!#REF!)
Name down: INDIRECT('[1]Summary Data'!#REF!)
Name down: INDIRECT('[1]Summary Data'!#REF!)
Name down: INDIRECT('[1]Summary Data'!#REF!)
Name down: INDIRECT('[1]Summary Data'!#REF!)
Name down: INDIRECT('[1]Summary Data'!#REF!)
Name down: INDIRECT('[1]Summary Data'!#REF!)
Name down: INDIRECT('[1]Summary Data'!#REF!)
Name down: INDIRECT('[1]Summary Data'!#REF!)
Name ER01_Escape_Route___Emergency_Escape_Lighting: INDIRECT('Analisa Barrier'!#REF!)
Name ER01_Escape_Route___Emergency_Escape_Lighting: INDIRECT('[1]Summary Data'!#REF!)
Name ER01_Escape_Route___Emergency_Escape_Lighting: INDIRECT('[1]Summary Data'!#REF!)
Name ER01_Escape_Route___Emergency_Escape_Lighting: INDIRECT('[1]Summary Data'!#REF!)
Name ER01_Escape_Route___Emergency_Escape_Lighting: INDIRECT('[1]Summary Data'!#REF!)
Name ER01_Escape_Route___Emergency_Escape_Lighting: INDIRECT('[1]Summary Data'!#REF!)
Name ER01_Escape_Route___Emergency_Escape_Lighting: INDIRECT('[1]Summary Data'!#REF!)
Name ER01_Escape_Route___Emergency_Escape_Lighting: INDIRECT('[1]Summary Data'!#REF!)
Name ER01_Escape_Route___Emergency_Escape_Lighting: INDIRECT('[1]Summary Data'!#REF!)
Name ER01_Escape_Route___Emergency_Escape_Lighting: INDIRECT('[1]Summary Data'!#REF!)
Name ER01_Escape_Route___Emergency_Escape_Lighting: INDIRECT('[1]Summary Data'!#REF!)
Name ER01_Escape_Route___Emergency_Escape_Lighting: INDIRECT('[1]Summary Data'!#REF!)
Name ER01_Escape_Route___Emergency_Escape_Lighting: INDIRECT('[1]Summary Data'!#REF!)
Name ER01_Escape_Route___Emergency_Escape_Lighting: INDIRECT('[1]Summary Data'!#REF!)
Name ER01_Escape_Route___Emergency_Escape_Lighting: INDIRECT('[1]Summary Data'!#REF!)
Name ER01_Escape_Route___Emergency_Escape_Lighting: INDIRECT('[1]Summary Data'!#REF!)
Name ER01_Escape_Route___Emergency_Escape_Lighting: INDIRECT('[1]Summary Data'!#REF!)
Name ER01_Escape_Route___Emergency_Escape_Lighting: INDIRECT('[1]Summary Data'!#REF!)
Name ER01_Escape_Route___Emergency_Escape_Lighting: INDIRECT('[1]Summary Data'!#REF!)
Name ER01_Escape_Route___Emergency_Escape_Lighting: INDIRECT('[1]Summary Data'!#REF!)
Name ER01_Escape_Route___Emergency_Escape_Lighting: INDIRECT('[1]Summary Data'!#REF!)
Name ER01_Escape_Route___Emergency_Escape_Lighting: INDIRECT('[1]Summary Data'!#REF!)
Name ER01_Escape_Route___Emergency_Escape_Lighting: INDIRECT('[1]Summary Data'!#REF!)
Name ER01_Escape_Route___Emergency_Escape_Lighting: INDIRECT('[1]Summary Data'!#REF!)
Name ER01_Escape_Route___Emergency_Escape_Lighting: INDIRECT('[1]Summary Data'!#REF!)
Name ER01_Escape_Route___Emergency_Escape_Lighting: INDIRECT('[1]Summary Data'!#REF!)
Name ER01_Escape_Route___Emergency_Escape_Lighting: INDIRECT('[1]Summary Data'!#REF!)
Name ER01_Escape_Route___Emergency_Escape_Lighting: INDIRECT('[1]Summary Data'!#REF!)
Name ER03_Muster_Point: INDIRECT('Analisa Barrier'!#REF!)
Name ER03_Muster_Point: INDIRECT('[1]Summary Data'!#REF!)
Name ER03_Muster_Point: INDIRECT('[1]Summary Data'!#REF!)
Name ER03_Muster_Point: INDIRECT('[1]Summary Data'!#REF!)

Sheet Cover
C3: DOKUMEN IDENTIFIKASI SKENARIO MAJOR ACCIDENT HAZARD (MAH) & INTEGRITY SECE
C6: LOKASI | F6: : | G6: DPPU Eltari | L6: TAHUN PENYUSUNAN | Q6: : | R6: 2023
C7: REGION | F7: : | G7: V JATIMBALINUS | L7: REVISI KE- | Q7: : | R7: 0
C8: SUB HOLDING | F8: : | G8: C&T
C10: REFFERENSI
C11: 1. Pedoman No. No.A-002/CT03000/2021-S9 tentang Sistem Pengelolaan Keselamatan Proses dan Keterpaduan Aset (Process Safety & Asset Integrity Management System) Tahun 2021. 2. TKO No. No.B-001/CT03100/2021-S9 tentang Indikator Kinerja Keselamatan Proses dan Keterpaduan Aset Tahun 2021. 3. SUPREME (Sustainability Pertamina Expectations for HSSE Management Excellence) Tahun 2019, Revisi-1.
C15: SITE OVERVIEW
C16: DPPU Eltari merupakan Depot Pengisian Pesawat Udara yang menyuplai avtur atau Jet A-1 ke pesawat udara di Bandar Udara Internasional Eltari. DPPU Eltari memiliki 6 Unit Tangki Storage dengan total kapasitas sebesar 800 KL. Untuk sarana pengisian pesawat udara DPPU Eltari memiliki 6 Unit Kendaraan Refueller.
C21: SCENARIO & CAUSES FACTOR
C22: No | D22: Causes Factor | L22: RF | N22: SF | P22: DF
C23: 1 | D23: Internal/ External Corrosion
L24: √ | N24: √ | P24: √
C26: 2 | D26: Kegagalan pada Flanges, Small Bore atau Equpiment Seal
L27: √ | N27: √ | P27: √
C29: 3 | D29: Operasi diluar design operasional
L30: √ | N30: √ | P30: √
C32: 4 | D32: Aktivitas Maintenance
L33: √ | N33: √ | P33: √
C35: 5 | D35: Terdampak aktivitas kapal dan/atau Third party activities
L36: √ | N36: - | P36: √
C38: 6 | D38: Akibat Normal Operasi (termasuk Aktivitas Sampling)
L39: √ | N39: √ | P39: √
C41: 7 | D41: Kegagalan Pada supporting Structure
L42: √ | N42: √ | P42: √
C44: 8 | D44: Akibat Cuca Buruk dan/atau bencana alam
L45: √ | N45: √ | P45: √
C48: GLOSSARY
C49: - MAH : Major Accident Hazard | K49: -RF : Receiving Facility
C50: - MAE: major Accident Event | K50: - SF : Storage Facility
C51: - SECE : Safety & Environment Critical Elements | K51: - DF : Distributing Facility
C52: - PSAIMS : Process Safety & Asset Integrity Management System
C55: APPROVAL DOCUMENT
C56: Disiapkan dan Diperiksa Oleh,
C57: Sr Spv Receiving, Storage & Distribution | H57: Spv Maintenance | N57: Jr Spv HSSE & GA
C62: Audiyatra Aji Riswantarbi | H62: Musdiyanto | N62: M Iqbal Firdaus
G64: Disetujui Oleh,
G65: OH DPPU Eltari Group
G70: Agung Doddy Ferlanda

Sheet Data Vald.
A2: Data Validation for Status Barrier
A3: -
A4: N/A
A5: 0
A6: 0.25
A7: 0.5
A8: 0.75
A9: 1

Sheet RAM
B1: LAMPIRAN 2 – Matriks Penilaian Risiko
B2: TKO No B-002/CT03100/2021-S9 Revisi ke-0
D4: RISK = LIKELIHOOD X SEVERITY | M4: SKALA | N4: Manusia | P4: Environment | R4: Finansial | T4: Asset & Peralatan | V4: Reputation & Legal Impact | X4: Notifikasi Publik
B5: DAMPAK (SEVERITY) | C5: 5 Catastrophic | D5: 5 | E5: 10 | F5: 15 | G5: 20 | H5: 25 | L5: SEVERITY | M5: 5 Catastrophic | N5: · Fatalitas ganda · Menyebabkan wabah ke lingkungan · Bahan dengan potensi menyebabkan banyak kematian, mis. Bahan kimia dengan efek toksik akut | P5: • Menyebabkan kerusakan lingkungan yang sangat serius, berdampak jangka panjang terhadap fungsi ekosistem atau Tumpahan Minyak> 100 Barrel. | R5: • ≥ 80% BTR (BTR adalah nilai keuntungan perusahaan yang ditetapkan oleh fungsi keuangan di lokasi terkait) | T5: • Kehilangan total pada Pabrik/ Plant atau perkiraan biaya perbaikan >US $ 5.000.000. | V5: Dampak Luas Internasional dan Nasional : · Potensi peliputan media nasional & internasional yang mempengaruhi Anak Perusahaan & Pertamina Persero. ·Potensi tuntutan hukum oleh regulator & masyarakat yang terkena dampak. ·Kemarahan publik untuk menghentikan operasi. ·Potensi perbaikan lingkungan yang diminta oleh regulator. | X5: • Evakuasi area lengkap.
C6: 4 Significant | D6: 4 | E6: 8 | F6: 12 | G6: 16 | H6: 20 | M6: 4 Significant | N6: • Fatalitas Tunggal / Cacat Permanen / menyebabkan hilangnya hari kerja (Day Away From Works) • Bahan yang mampu menghasilkan efek serius dan tidak dapat dipulihkan sehingga menyebabkan terjadinya kematian. | P6: • Menyebabkan efek lingkungan yang serius dan berdampak jangka menengah atau Tumpahan Minyak 15 - 100 Barrel. | R6: • 60% ≤ BTR ≤ 80% | T6: • Kehilangan sebagian Pabrik. • Pabrik ditutup atau diperkirakan biaya perbaikan US $ 1.000.000 - US $ 5.000.000.. | V6: Dampak regional : ·Potensi peliputan media regional ke Anak Perusahaan & Pertamina Persero. ·Potensi tuntutan hukum oleh regulator & masyarakat yang terkena dampak. ·Potensi perbaikan lingkungan yang diminta oleh regulator. | X6: • Pemberitahuan Evakuasi terhadap area yang dipilih.
C7: 3 Moderate | D7: 3 | E7: 6 | F7: 9 | G7: 12 | H7: 15 | M7: 3 Moderate | N7: • Cacat Non Permanen / menyebabkan pembatasan aktivitas kerja (Restricted Work Cases). • Bahan yang mampu menghasilkan efek yang tidak dapat dipulihkan tanpa menyebabkan kematian tetapi terjadi kecacatan yang serius dan rawat inap yang lama. | P7: • Menyebakan efek lingkungan yang sedang dan berdampak jangka pendek tetapi tidak mempengaruhi fungsi ekosistem atau Tumpahan minyak 5-15 Barrel. | R7: • 40% ≤ BTR ≤ 60% | T7: • Sebagian instalasi mengalami kerusakan atau biaya perbaikan diperkirakan $ 100.000 - $ 1.000.000. | V7: Lokal (dampak kota) : ·Potensi paparan media lokal. ·Potensi klaim hukum oleh korban yang terkena dampak. ·Diperlukan perbaikan lingkungan yang potensial. | X7: • Pemberitahuan terhadap Shelter di lokasi.
C8: 2 Minor | D8: 2 | E8: 4 | F8: 6 | G8: 8 | H8: 10 | M8: 2 Minor | N8: •Kasus perawatan medis. • Bahan yang mampu memberikan efek kesehatan minor yang dapat dipulihkan (tidak ada rawat inap). | P8: • Menyebabkan efek minor pada lingkungan biologis atau fisik atau Tumpahan minyak 1-5 Barrel. | R8: • 20% ≤ BTR ≤ 40% | T8: • Gangguan singkat yang mungkin terjadi pada proses atau perkiraan biaya perbaikan adalah $ 10.000 - $ 100.000. | V8: Dampak internal : ·Potensi eksposur media. ·Permintaan oleh regulator. | X8: • Lokal (Pemberitahuan Telepon / selebaran).
C9: 1 Insignificant | D9: 1 | E9: 2 | F9: 3 | G9: 4 | H9: 5 | M9: 1 Insignificant | N9: •Kasus P3K. • Tidak mempengaruhi aktivitas kerja. | P9: • Menyebabkan kerusakan terbatas pada area yang minimal dengan signifikansi yang rendah atau Tumpahan Minyak <1 Barrel. | R9: • ≤ 20% BTR | T9: •Tidak ada gangguan terhadap proses atau perkiraan biaya perbaikan <$ 10.000. | V9: Tidak Ada Dampak Reputasi : ·Tidak ada perhatian media | X9: • Tidak ada komunikasi ke Publik.
B10: LEVEL | D10: 1 (Rare) | E10: 2 (Unlikely) | F10: 3 (Moderate) | G10: 4 (Likely) | H10: 5 (Almost)
D11: 0% < X < 20% | E11: 20% < X < 40% | F11: 40% < X < 60% | G11: 60% < X < 80% | H11: 80% < X < 100% | L11: LIKELIHOOD | M11: SKALA | N11: DEFINISI
D12: <10-6 per year | E12: 10-6 to 10-4 per year | F12: 10-4 to 10-2 per year | G12: 10-2 to 1 per year | H12: > 1 per year | M12: 5 | N12: Hampir Pasti Terjadi (Almost) | O12: > 1 per year | P12: Terjadi beberapa kali di wilayah operasi Pertamina ATAU terjadi beberapa kali di lokasi terkait dalam 1 tahun terakhir ATAU adanya kondisi yang memungkinkan kejadian dapat terjadi di wilayah operasi Pertamina lebih dari sekali tiap tahunnya
D13: KEMUNGKINAN (PROBABILITAS/LIKELIHOOD) | M13: 4 | N13: Sangat Mungkin Terjadi (Likely) | O13: 10-2 to 1 per year | P13: Pernah terjadi lebih dari sekali selama masa hidup operasi (operational lifetime) Pertamina ATAU pernah terjadi sekali di lokasi terkait ATAU adanya kondisi yang memungkinkan kejadian dapat terjadi lebih dari sekali di wilayah operasi Pertamina selama masa hidup operasi nya.
M14: 3 | N14: Bisa Terjadi (Moderate) | O14: 10-4 to 10-2 per year | P14: Pernah terjadi lebih dari sekali di Industri Migas / Panas Bumi / Gedung Perkantoran ATAU pernah terjadi sekali di wilayah operasi Pertamina.
M15: 2 | N15: Jarang Terjadi (Unlikely) | O15: 10-6 to 10-4 per year | P15: Pernah terjadi sekali di Industri Migas / Panas Bumi / Gedung Perkantoran.
M16: 1 | N16: Hampir Tidak Mungkin Terjadi (Rare) | O16: <10-6 per year | P16: Tidak pernah terdengar di Industry Migas / Panas Bumi / Gedung Perkantoran
B18: KRITERIA RISIKO
B19: Skor Risiko | C19: Tingkat Risiko | D19: Penerimaan Risiko dan ALARP | E19: Prioritas | F19: Tindakan Pengendalian
B20: 15-25 | C20: High (H) | D20: Unacceptable Risk | E20: 1 | F20: Serangkaian rencana mitigasi risiko harus segera dilakukan untuk mengurangi risiko dengan kondisi dan persyaratan sebagai berikut: 1) Menunda pekerjaan/proyek/operasi hingga rencana mitigasi risiko jangka panjang dilakukan dan mengurangi risiko sampai ke tingkat Medium. 2) Untuk melanjutkan pekerjaan/proyek/operasi maka penerapan dispensasi dan rencana mitigasi risiko jangka pendek harus mendapat persetujuan dari pejabat dua tingkat di atas Risk Owner, sementara rencana mitigasi jangka panjang harus tetap dipersiapkan. 3) Rencana mitigasi risiko jangka panjang dijalankan serta dilakukan monitoring secara berkala untuk memastikan keefektifan tindakan pengendalian dan penurunan tingkat risiko. 4) Untuk skenario risiko yang potensial menyebabkan multiple fatalities, maka minimal harus dilakukan analisa risiko semi quantitative.
B21: 10-12 | C21: Moderate to High (MH) | D21: Untolerable Risk | E21: 1 | F21: Serangkaian rencana mitigasi risiko harus segera dilakukan untuk mengurangi risiko dengan kondisi dan persyaratan sebagai berikut: 1) Menunda pekerjaan/proyek/operasi hingga rencana mitigasi risiko jangka panjang dilakukan dan mengurangi risiko sampai ke tingkat Medium. 2) Untuk melanjutkan pekerjaan/proyek/operasi maka penerapan dispensasi dan rencana mitigasi risiko jangka pendek harus mendapat persetujuan dari pejabat satu tingkat di atas Risk Owner, sementara rencana mitigasi jangka panjang harus tetap dipersiapkan. 3) Rencana mitigasi risiko jangka panjang dijalankan serta dilakukan monitoring secara berkala untuk memastikan keefektifan tindakan pengendalian dan penurunan tingkat risiko. 4) Untuk skenario risiko yang potensial menyebabkan multiple fatalities, maka minimal harus dilakukan analisa risiko semi quantitative.
B22: 5-9 | C22: Medium (M) | D22: Acceptable Risk | E22: 2 | F22: Mitigasi risiko jangka pendek harus dilakukan dengan persetujuan Risk Owner untuk mengelola risiko sebagai bagian dari keseluruhan program pengurangan risiko yang berkesinambungan.
B23: 4 | C23: Low to Moderate (LM) | D23: Acceptable Risk | E23: 3 | F23: Tingkat risiko yang secara umum dapat ditoleransi di mana mitigasi risiko jangka pendek harus dilakukan dengan persetujuan pejabat satu tingkat di atas PIC untuk mengelola risiko sebagai bagian dari keseluruhan program pengurangan risiko yang berkesinambungan.
B24: 1-3 | C24: Low (L) | D24: Acceptable Risk | E24: 3 | F24: Tingkat risiko yang secara umum dapat diterima di mana pengelolaan risiko secara berkesinambungan harus tertanam dan menyatu dalam seluruh kegiatan operasi untuk mencapai tujuan Perusahaan yaitu Zero Incident. Mitigasi risiko yang dibuat harus mendapat persetujuan dari pejabat satu tingkat di atas PIC.

Sheet Initial Risk
A2: Group of Equipment | B2: MAH Id. | C2: MAH Description | D2: Consequences | E2: MAH Source / Refference | F2: Risk Assessment
F3: Severity | G3: Probability | H3: Risk Number
A4: Receiving Facility DPPU Eltari | B4: MAH-RF-001 | C4: LOPC akibat peralatan mengalami internal / eksternal korosi | D4: Kebocoran produk bisa menyebabkan major spill, kebakaran dan/atau ledakan yang menyebabkan kematian personel dan/atau pencemaran lingkungan. | E4: - Dokumen MAH Tahun 2021 dan 2022 - OGB Risk Register | F4: 4 | G4: 2 | H4: =F4*G4 -> 8
B5: MAH-RF-002 | C5: LOPC akibat kegagalan/kebocoran pada valve, flange, small bore, seal | D5: Kebocoran produk bisa menyebabkan major spill, kebakaran dan/atau ledakan yang menyebabkan kematian personel dan/atau pencemaran lingkungan. | E5: - Dokumen MAH Tahun 2021 dan 2022 - OGB Risk Register | F5: 4 | G5: 2 | H5: =F5*G5 -> 8
B6: MAH-RF-003 | C6: LOPC akibat beroperasi diluar design operasional | D6: Kebocoran produk bisa menyebabkan major spill, kebakaran dan/atau ledakan yang menyebabkan kematian personel dan/atau pencemaran lingkungan. | E6: - Dokumen MAH Tahun 2021 dan 2022 - OGB Risk Register | F6: 4 | G6: 3 | H6: =F6*G6 -> 12
B7: MAH-RF-004 | C7: LOPC akibat kegiatan maintenance | D7: Kebocoran produk bisa menyebabkan major spill, kebakaran dan/atau ledakan yang menyebabkan kematian personel dan/atau pencemaran lingkungan. | E7: - Dokumen MAH Tahun 2021 dan 2022 - OGB Risk Register | F7: 4 | G7: 3 | H7: =F7*G7 -> 12
B8: MAH-RF-005 | C8: LOPC akibat terdamak aktivitas kapal dan third party activity. | D8: Kebocoran produk bisa menyebabkan major spill, kebakaran dan/atau ledakan yang menyebabkan kematian personel dan/atau pencemaran lingkungan. | E8: - Dokumen MAH Tahun 2021 dan 2022 - OGB Risk Register | F8: 4 | G8: 3 | H8: =F8*G8 -> 12
B9: MAH-RF-006 | C9: LOPC akibat Normal Operasi (termasuk aktivitas Sampling) | D9: Kebocoran produk bisa menyebabkan major spill, kebakaran dan/atau ledakan yang menyebabkan kematian personel dan/atau pencemaran lingkungan. | E9: - Dokumen MAH Tahun 2021 dan 2022 - OGB Risk Register | F9: 4 | G9: 2 | H9: =F9*G9 -> 8
B10: MAH-RF-007 | C10: LOPC akibat kegagalan supporting Structure | D10: Kebocoran produk bisa menyebabkan major spill, kebakaran dan/atau ledakan yang menyebabkan kematian personel dan/atau pencemaran lingkungan. | E10: - Dokumen MAH Tahun 2021 dan 2022 - OGB Risk Register | F10: 2 | G10: 2 | H10: =F10*G10 -> 4
B11: MAH-RF-008 | C11: LOPC akibat dampakdari cuaca buruk (angin kencang, badai, gempa bumi) | D11: Kebocoran produk bisa menyebabkan major spill, kebakaran dan/atau ledakan yang menyebabkan kematian personel dan/atau pencemaran lingkungan. | E11: - Dokumen MAH Tahun 2021 dan 2022 - OGB Risk Register | F11: 3 | G11: 3 | H11: =F11*G11 -> 9
A12: Storage Facility at DPPU Eltari | B12: MAH-SF-001 | C12: LOPC akibat peralatan mengalami internal / eksternal korosi | D12: Kebocoran produk bisa menyebabkan major spill, kebakaran dan/atau ledakan yang menyebabkan kematian personel dan/atau pencemaran lingkungan. | E12: - Dokumen MAH Tahun 2021 dan 2022 - OGB Risk Register | F12: 3 | G12: 2 | H12: =F12*G12 -> 6
B13: MAH-SF-002 | C13: LOPC akibat kegagalan/kebocoran pada valve, flange, small bore, seal | D13: Kebocoran produk bisa menyebabkan major spill, kebakaran dan/atau ledakan yang menyebabkan kematian personel dan/atau pencemaran lingkungan. | E13: - Dokumen MAH Tahun 2021 dan 2022 - OGB Risk Register | F13: 4 | G13: 3 | H13: =F13*G13 -> 12
B14: MAH-SF-003 | C14: LOPC akibat beroperasi diluar design operasional | D14: Kebocoran produk bisa menyebabkan major spill, kebakaran dan/atau ledakan yang menyebabkan kematian personel dan/atau pencemaran lingkungan. | E14: - Dokumen MAH Tahun 2021 dan 2022 - OGB Risk Register | F14: 4 | G14: 3 | H14: =F14*G14 -> 12
B15: MAH-SF-004 | C15: LOPC akibat kegiatan maintenance | D15: Kebocoran produk bisa menyebabkan major spill, kebakaran dan/atau ledakan yang menyebabkan kematian personel dan/atau pencemaran lingkungan. | E15: - Dokumen MAH Tahun 2021 dan 2022 - OGB Risk Register | F15: 4 | G15: 3 | H15: =F15*G15 -> 12
B16: MAH-SF-005 | C16: LOPC akibat aktivitas operasi normal (loading-unloading,termasuk aktivitas sampling) | D16: Kebocoran produk bisa menyebabkan major spill, kebakaran dan/atau ledakan yang menyebabkan kematian personel dan/atau pencemaran lingkungan. | E16: - Dokumen MAH Tahun 2021 dan 2022 - OGB Risk Register | F16: 4 | G16: 3 | H16: =F16*G16 -> 12
B17: MAH-SF-006 | C17: LOPC akibat kegagalan pada pondasi / base plate metal tangki | D17: Kebocoran produk bisa menyebabkan major spill, kebakaran dan/atau ledakan yang menyebabkan kematian personel dan/atau pencemaran lingkungan. | E17: - Dokumen MAH Tahun 2021 dan 2022 - OGB Risk Register | F17: 4 | G17: 3 | H17: =F17*G17 -> 12
B18: MAH-SF-007 | C18: LOPC akibat Extreem Wheather (Lightning Strike, Earthquake, Windstrom) | D18: Kebocoran produk bisa menyebabkan major spill, kebakaran dan/atau ledakan yang menyebabkan kematian personel dan/atau pencemaran lingkungan. | E18: - Dokumen MAH Tahun 2021 dan 2022 - OGB Risk Register | F18: 4 | G18: 3 | H18: =F18*G18 -> 12
A19: Distributing Facility DPPU Eltari | B19: MAH-DF-001 | C19: LOPC akibat peralatan mengalami internal / eksternal korosi | D19: Kebocoran produk bisa menyebabkan major spill, kebakaran dan/atau ledakan yang menyebabkan kematian personel dan/atau pencemaran lingkungan. | E19: - Dokumen MAH Tahun 2021 dan 2022 - OGB Risk Register | F19: 4 | G19: 3 | H19: =F19*G19 -> 12
B20: MAH-DF-002 | C20: LOPC akibat kegagalan/kebocoran pada valve, flange, small bore, seal | D20: Kebocoran produk bisa menyebabkan major spill, kebakaran dan/atau ledakan yang menyebabkan kematian personel dan/atau pencemaran lingkungan. | E20: - Dokumen MAH Tahun 2021 dan 2022 - OGB Risk Register | F20: 4 | G20: 3 | H20: =F20*G20 -> 12
B21: MAH-DF-003 | C21: LOPC akibat beroperasi diluar design operasional | D21: Kebocoran produk bisa menyebabkan major spill, kebakaran dan/atau ledakan yang menyebabkan kematian personel dan/atau pencemaran lingkungan. | E21: - Dokumen MAH Tahun 2021 dan 2022 - OGB Risk Register | F21: 4 | G21: 2 | H21: =F21*G21 -> 8
B22: MAH-DF-004 | C22: LOPC akibat kegiatan maintenance | D22: Kebocoran produk bisa menyebabkan major spill, kebakaran dan/atau ledakan yang menyebabkan kematian personel dan/atau pencemaran lingkungan. | E22: - Dokumen MAH Tahun 2021 dan 2022 - OGB Risk Register | F22: 4 | G22: 3 | H22: =F22*G22 -> 12
B23: MAH-DF-005 | C23: LOPC akibat eksternal/vehicle impact, third party activity. | D23: Kebocoran produk bisa menyebabkan major spill, kebakaran dan/atau ledakan yang menyebabkan kematian personel dan/atau pencemaran lingkungan. | E23: - Dokumen MAH Tahun 2021 dan 2022 - OGB Risk Register | F23: 4 | G23: 2 | H23: =F23*G23 -> 8
B24: MAH-DF-006 | C24: LOPC akibat aktivitas operasi normal (loading-unloading, aktivitas sampling) | D24: Kebocoran produk bisa menyebabkan major spill, kebakaran dan/atau ledakan yang menyebabkan kematian personel dan/atau pencemaran lingkungan. | E24: - Dokumen MAH Tahun 2021 dan 2022 - OGB Risk Register | F24: 4 | G24: 2 | H24: =F24*G24 -> 8
B25: MAH-DF-007 | C25: LOPC akibat kegagalan pada supporting structure | D25: Kebocoran produk bisa menyebabkan major spill, kebakaran dan/atau ledakan yang menyebabkan kematian personel dan/atau pencemaran lingkungan. | E25: - Dokumen MAH Tahun 2021 dan 2022 - OGB Risk Register | F25: 4 | G25: 2 | H25: =F25*G25 -> 8
B26: MAH-DF-008 | C26: LOPC akibat Cuaca Buruk (Gempa, Gelombang Tinggi, Badai) | D26: Kebocoran produk bisa menyebabkan major spill, kebakaran dan/atau ledakan yang menyebabkan kematian personel dan/atau pencemaran lingkungan. | E26: - Dokumen MAH Tahun 2021 dan 2022 - OGB Risk Register | F26: 4 | G26: 3 | H26: =F26*G26 -> 12

Sheet RF-01
C2: HYDROCARBON RECEIVING FACILITY
C4: MAJOR ACCIDENT HAZARD
C5: Internal / Eksternal Corrosion
C6: RECEIVING FACILITY & PROCESS OVERVIEW | G6: MAH REGISTER NO. | H6: DATE:
C7: Produk avtur DPPU Eltari diterima dari FT Tenau dengan jarak tempuh 19,8 Km atau + 29 Menit dengan Total Armada Bridger 3 Unit. DPPU ELtari memiliki 1 fasilitas filling shed penerimaan dan didukung oleh 1 pompa discharge kapasitas 300 Gpm. Produk avtur diterima di filling shed lalu dipompakan menuju ke tangki penerimaan dengan melewati FWS Terlebih dahulu. Rata-rata penerimaan 128 KL/Hari | G7: MAH-RF-001-DPPU Eltari | H7: 1 Maret 2023
G8: REFFERENCE DOC. : | H8: MAH Description :
G9: MAH Tahun 2022 | H9: Hydrocarbon release due to receiving facility corrosion (internal and/or eksternal). The release of HC resulting major spill, fire and/or explosion, it leading to serious injury and/or multiple fatalities and environment damage.
C13: PREVENTIVE MEASURES | G13: DETECTION/CONTROL MEASURES
C14: HARDWARE (PLANT)
C15: Barrier | D15: Related to MAE | E15: Status | F15: Detail / Remarks | G15: Barrier | H15: Related to MAE | I15: Status | J15: Detail / Remarks
C16: Pipeline Specification (Design Material Selection) | D16: A,B | E16: 1 | F16: API 5L Grade B Schedule 80 Dia. 4" | G16: CCTV | H16: A,B | I16: 1 | J16: Terpasang CCTV Mengarah ke Area Penerimaan
C17: Product Pump Specification (Design Material Selection) | D17: A,B | E17: 0.75 | F17: Centrifugal Diesel Pump | G17: - | H17: - | I17: - | J17: -
C18: Pipeline Specification (Internal/ External Coating) | D18: A,B | E18: 1 | F18: Internal Coating EI 1541. >=350 mikron | G18: - | H18: - | I18: - | J18: -
C19: Pipeline Specification (Cathodic Protection) | D19: A,B | E19: N/A | F19: tidak cathodic protection. | G19: - | H19: - | I19: - | J19: -
C20: Pipeline (Corrosion Inhibitor) | D20: A,B | E20: N/A | F20: tidak terpasang corrosion inhibitor ( Semua Pipa above ground) | G20: - | H20: - | I20: - | J20: -
C21: PEOPLE + PROCESS
C22: Barrier | D22: Related to MAE | E22: Status | F22: Detail / Remarks | G22: Barrier | H22: Related to MAE | I22: Status | J22: Detail / Remarks
C23: Program Periodically Inspection | D23: A,B | E23: 1 | F23: Disikan apakah ada program rutin dan periodik inspeksi. Jika diwajibkan ada dokumen COI, pastikan tersedia dokumen COI yang masih berlaku. | G23: Pipeline Leak Detection | H23: A,B | I23: 1 | J23: Visual Check Jalur Pipa
C24: Program Integrity Management / Risk Based Inspection Program (RBI) | D24: A,B | E24: 1 | F24: Dilakukan inspeksi pipeline oleh RPD | G24: Plant / Pipeline Patrol | H24: A,B | I24: 1 | J24: Pemeriksaan Rutin oleh operator Maintenance dan Security secara periodik
C25: Pipeline Pigging Programme | D25: A,B | E25: N/A | F25: Belum pernah dilakukan | G25: - | H25: - | I25: - | J25: -
C26: Programme Condition Monitoring (for rotating Equipment) / LTSA | D26: A,B | E26: N/A | F26: Tidak ada program LTSA Pompa | G26: - | H26: - | I26: - | J26: -
C27: Housekeeping Programme | D27: A,B | E27: 1 | F27: Housekeeping Program | G27: - | H27: - | I27: - | J27: -
C28: Additional Notes / Concern matter :
C29: (Diisikan jika ada catatan tambahan / informasi penting lainnya terkait assessment preventive & Detect-control barrier yang perlu dijadikan tambahan informasi).
C33: INITIATING EVENT
C35: Hydrocarbon Release / LOPC
C37: MITIGATION MEASURES | G37: EMERGENCY RESPONSE RESOURCES
C38: =C14 -> HARDWARE (PLANT)
C39: Barrier | D39: Related to MAE | E39: Status | F39: Detail / Remarks | G39: Barrier | H39: Related to MAE | I39: Status | J39: Detail / Remarks
C40: Emergency Leak Plug / Emergency Leak control equipment | D40: A | E40: 1 | F40: Tersedia peralatan penanggulangan kebocoran pipa (temporary repair), seperti Clamp, Belzona, resin, peralatan pendukung lainnya. | G40: Emergency Communication (Radio HT) | H40: A,B | I40: 1 | J40: Tersedia Radio Komunikasi / HT sesuai dengan kebutuhan (Jumlah dan spec.) dan berfungsi dengan baik.
C41: Stardarized Electrical System | D41: A | E41: 1 | F41: Listrik di area Penerimaan yang masuk hazardous area sudah sesuai spesifikasi | G41: Emergency Alarm (Beacon) | H41: A,B | I41: 1 | J41: Tersedia Alarm / lonceng di berbagai titik sebagai emergency Alarm.
C42: Shutdown Valve (SDV) | D42: A | E42: N/A | F42: Tidak terdapat SDV | G42: Muster Point | H42: A,B | I42: 1 | J42: Tersedia area Muster Point ( rambu dan penunjuk jalur tersedia, visible), jarak cukup jauh dengan sumber api > 100 m,.
C43: Portable Gas Detector | D43: A | E43: 1 | F43: Tersedia Portable Gas Detector. | G43: APD/PPE untuk tumpahan bahan bakar (safety boot, wearpack, masker catridge) | H43: A | I43: 0.75 | J43: Tersedia safety boot, wearpack dan masker catridge sesuai dengan kebutuhan untuk penanggulangan tumpahan / kebocoran produk.(Belum memliki Baju Fire Fighting)
C44: Fixed Fire & Gas Detector System (FGDS) | D44: A,B | E44: N/A | F44: Tidak Terpasang Fixed FGDS di area penerimaan. | G44: Oil Spill Emergency Repsonse (Oil Boom,oil absorbent, skimmer, dll) | H44: A | I44: 1 | J44: Tersedia pealatan penaggulang tumpahan minyak.
C45: Lightning Protection System | D45: B | E45: 1 | F45: Apakah terpasang LPS di area pendistribution dengan jumlah, coverage dan program monitoring yang cukup. | G45: Fixed Fire Fighting Equipment/System (Fire Pump, Fire Hydran, Fire Water Line). | H45: B | I45: 1 | J45: Tersedia peralatan penanggulangan kebakaran, termasuk Fire Risk Card sesuai skenario.
C46: Grounding System | D46: B | E46: 1 | F46: Grounding System | G46: Mobile emergency Response Eqipment (Fire Truck, Fire Jeep,QRU, LPG Evacuation Unit, Vacuum Truck) | H46: A,B | I46: N/A | J46: Tidak tersedia Mobile Equipment Response dan kondisi nya
C47: Oil Catcher System | D47: A | E47: 1 | F47: Tersedia oil cathcer yang sesuai persyaratan dan spesifikasi. | G47: Generator Set (Genset) untuk Power Supply saat Emergency | H47: B | I47: 1 | J47: Ttersedia unit Genset yang siap pakai dan COI nya valid
C48: =C21 -> PEOPLE + PROCESS
C49: Barrier | D49: Related to MAE | E49: Status | F49: Detail / Remarks | G49: Barrier | H49: Related to MAE | I49: Status | J49: Detail / Remarks
C50: Electrical Hazardous Area Classification (EHAC) | D50: A,B | E50: 1 | F50: Pengklasifikasiaan peralatan dan electrical system sesuai hazardous area sudah diterapkan. | G50: Organisasi & Personel Pengendalian Tanggap Darurat yang Kompeten | H50: A,B | I50: 1 | J50: Sudah ditetapkan Organisasi dan Personel Pengendalian Keadaan Darurat setempat.
C51: Security Guard | D51: A,B | E51: 1 | F51: Tersedia personel dan aktivitas pengamanan saat di area penerimaan. | G51: Pedoman Pengendalian Keadaan Darurat | H51: A | I51: 1 | J51: Tersedia Pedoman Pengendalian Keadaan Darurat (PKD) terbaru.
C52: Pipeline ROW (signage, clearence, maintenace). | D52: A,B | E52: 1 | F52: Apakah Pipeline ROW (Righ-of-ways) sudah ditetapkan, diberitanda, dibersihkan dan dilakukan pemeliharaan. | G52: Bussiness Continuity Plan/Management | H52: A,B | I52: 1 | J52: Tersedia dokumen BCP / Skenario RAE.
C53: Prosedur Pengukuran Grounding Secara Periodik | D53: B | E53: 1 | F53: Pompav Buku 4 | G53: - | H53: - | I53: - | J53: -
C54: Additional Notes / Concern matter :
C55: (Diisikan jika ada catatan tambahan / informasi penting lainnya terkait assessment Mitigation & Emergency Plan barrier yang perlu dijadikan tambahan informasi).
C59: MAJOR ACCIDENT EVENT
C60: A | G60: B
C61: Berpotensi terjadinya Flammable Gas Dispersi dari Tumpahan Produk | G61: Berpotensi Terjadinya Kebakaran (Flash / Pool / Jet Fire)
C65: ULTIMATE RISK ASSESSMENT
C66: CONSEQUENCES | F66: SEVERITY LEVEL | G66: LIKELIHOOD | H66: INHERENT RISK
C67: Manusia | D67: ü | F67: ='Initial Risk'!F4 -> 4 | G67: ='Initial Risk'!G4 -> 2 | H67: =F67*G67 -> 8
C68: Environment | D68: ü | F68: (Catastropic) | G68: (Almost / Hampir Pasti Terjadi) | H68: (High)
C69: Financial Impact | D69: ü | F69: SEVERITY LEVEL*2 | G69: LIKELIHOOD*2 | H69: FINAL RISK
C70: Asset & Equipment | D70: ü | F70: 4 | G70: 2 | H70: =F70*G70 -> 8
C71: Notifikasi Publik | D71: ü | F71: (Significant) | G71: (Moderate / Bisa Terjadi) | H71: (Low to Moderate Risk)
C72: RECOMMENDATION
C73: 1. Disikan Rekomendasi yang sifatnya pemenuhan / perbaikan / penyempurnaan terhadap barrier Preventive , Detect/Control, Mitigasi dan Emergency Response.
C74: 2.
C75: 3.
C76: dst
C78: EVIDENCE SECTION

Sheet RF-02
C2: HYDROCARBON RECEIVING FACILITY
C4: MAJOR ACCIDENT HAZARD
C5: Failure at Valve, Flange, Seal & Small Bore
C6: RECEIVING FACILITY & PROCESS OVERVIEW | G6: MAH REGISTER NO. | H6: DATE:
C7: Produk avtur DPPU Eltari diterima dari FT Tenau dengan jarak tempuh 19,8 Km atau + 29 Menit dengan Total Armada Bridger 3 Unit. DPPU ELtari memiliki 1 fasilitas filling shed penerimaan dan didukung oleh 1 pompa discharge kapasitas 300 Gpm. Produk avtur diterima di filling shed lalu dipompakan menuju ke tangki penerimaan dengan melewati FWS Terlebih dahulu. Rata-rata penerimaan 128 KL/Hari | G7: MAH-RF-002-DPPU Eltari | H7: 1 Maret 2023
G8: REFFERENCE DOC. : | H8: MAH Description :
G9: MAH Tahun 2022 | H9: Hydrocarbon release due to failure or broke valve, flange, seal & small-bore . The release of HC resulting major spill, fire and/or explosion, it leading to serious injury and/or multiple fatalities and environment damage.
C13: PREVENTIVE MEASURES | G13: DETECTION/CONTROL MEASURES
C14: HARDWARE (PLANT)
C15: Barrier | D15: Related to MAE | E15: Status | F15: Detail / Remarks | G15: Barrier | H15: Related to MAE | I15: Status | J15: Detail / Remarks
C16: Pipeline Specification (Design Material Selection) | D16: A,B | E16: 1 | F16: API 5L Grade B Schedule 80 Dia. 4" | G16: CCTV | H16: A,B | I16: 1 | J16: Diisikan apakah terpasang CCTV di area penerimaan.
C17: Product Pump Specification (Design Material Selection) | D17: A,B | E17: 1 | F17: Centrifugal Diesel Pump | G17: - | H17: - | I17: - | J17: -
C18: Standarized Bolting Practices | D18: A,B | E18: 1 | F18: Diisikan jika sudah ada standar atau ketentuan terkait dengan pengencangan Mur Baut (Bolting) menggunakan Kunci Torsi | G18: - | H18: - | I18: - | J18: -
C19: PEOPLE + PROCESS
C20: Barrier | D20: Related to MAE | E20: Status | F20: Detail / Remarks | G20: Barrier | H20: Related to MAE | I20: Status | J20: Detail / Remarks
C21: Program Periodically Inspection | D21: A,B | E21: 1 | F21: Disikan apakah ada program rutin dan periodik inspeksi. Jika diwajibkan ada dokumen COI, pastikan tersedia dokumen COI yang masih berlaku. | G21: Pipeline Leak Detection | H21: A,B | I21: 1 | J21: Visual Check Jalur Pipa
C22: Program Integrity Management / Risk Based Inspection Program (RBI) | D22: A,B | E22: N/A | F22: Diisikan apakah program RBI asudah berjalan di lokasi | G22: Plant / Pipeline Patrol | H22: A,B | I22: 1 | J22: Pemeriksaan Rutin oleh operator Maintenance dan Security secara periodik
C23: Pemeliharaan & Pergantian Valve/Flange/Gasket secara periodikal | D23: A,B | E23: 1 | F23: ada program permeriksaan / pergantian connection / flange / gasket secara periodik. | G23: Program analysis fugitive realease menggunakan fugitive imaging camera | H23: A | I23: N/A | J23: Apakah program analysis fugitive release sudah dilaksanakan secara rutin.
C24: Programme Condition Monitoring (for rotating Equipment) / LTSA | D24: A,B | E24: N/A | F24: Belum ada LTSA Pompa | G24: - | H24: - | I24: - | J24: -
C25: Housekeeping Programme | D25: A,B | E25: 1 | F25: Housekeeping Programme | G25: - | H25: - | I25: - | J25: -
C26: Additional Notes / Concern matter :
C27: (Diisikan jika ada catatan tambahan / informasi penting lainnya terkait assessment preventive & Detect-control barrier yang perlu dijadikan tambahan informasi).
C31: INITIATING EVENT
C33: Hydrocarbon Release / LOPC
C35: MITIGATION MEASURES | G35: EMERGENCY RESPONSE RESOURCES
C36: =C14 -> HARDWARE (PLANT)
C37: Barrier | D37: Related to MAE | E37: Status | F37: Detail / Remarks | G37: Barrier | H37: Related to MAE | I37: Status | J37: Detail / Remarks
C38: Emergency Leak Plug / Emergency Leak control equipment | D38: A | E38: 1 | F38: Tersedia peralatan penanggulangan kebocoran pipa (temporary repair), seperti Clamp, Belzona, resin, peralatan pendukung lainnya. | G38: Emergency Communication (Radio HT) | H38: A,B | I38: 1 | J38: Tersedia Radio Komunikasi / HT sesuai dengan kebutuhan (Jumlah dan spec.) dan berfungsi dengan baik.
C39: Stardarized Electrical System | D39: A | E39: 1 | F39: Listrik di area Penerimaan yang masuk hazardous area sudah sesuai spesifikasi | G39: Emergency Alarm (Beacon) | H39: A,B | I39: 1 | J39: Tersedia Alarm / lonceng di berbagai titik sebagai emergency Alarm.
C40: Shutdown Valve (SDV) | D40: A | E40: N/A | F40: Tidak terdapat SDV | G40: Muster Point | H40: A,B | I40: 1 | J40: Tersedia area Muster Point ( rambu dan penunjuk jalur tersedia, visible), jarak cukup jauh dengan sumber api > 100 m,.
C41: Portable Gas Detector | D41: A | E41: 1 | F41: Tersedia Portable Gas Detector. | G41: APD/PPE untuk tumpahan bahan bakar (safety boot, wearpack, masker catridge) | H41: A | I41: 0.75 | J41: Tersedia safety boot, wearpack dan masker catridge sesuai dengan kebutuhan untuk penanggulangan tumpahan / kebocoran produk.(Belum memliki Baju Fire Fighting)
C42: Fixed Fire & Gas Detector System (FGDS) | D42: A,B | E42: N/A | F42: Tidak Terpasang Fixed FGDS di area penerimaan. | G42: Oil Spill Emergency Repsonse (Oil Boom,oil absorbent, skimmer, dll) | H42: A | I42: 1 | J42: Tersedia pealatan penaggulang tumpahan minyak.
C43: Lightning Protection System | D43: B | E43: 1 | F43: Apakah terpasang LPS di area pendistribution dengan jumlah, coverage dan program monitoring yang cukup. | G43: Fixed Fire Fighting Equipment/System (Fire Pump, Fire Hydran, Fire Water Line). | H43: B | I43: 1 | J43: Tersedia peralatan penanggulangan kebakaran, termasuk Fire Risk Card sesuai skenario.
C44: Grounding System | D44: B | E44: 1 | F44: Hasil Grounding System tercata pada form SF 211 | G44: Mobile emergency Response Eqipment (Fire Truck, Fire Jeep,QRU, LPG Evacuation Unit, Vacuum Truck) | H44: A,B | I44: N/A | J44: Tidak tersedia Mobile Equipment Response dan kondisi nya
C45: Oil Catcher System | D45: A | E45: 1 | F45: Tersedia oil cathcer yang sesuai persyaratan dan spesifikasi. | G45: Generator Set (Genset) untuk Power Supply saat Emergency | H45: B | I45: 1 | J45: Ttersedia unit Genset yang siap pakai dan COI nya valid
C46: =C19 -> PEOPLE + PROCESS
C47: Barrier | D47: Related to MAE | E47: Status | F47: Detail / Remarks | G47: Barrier | H47: Related to MAE | I47: Status | J47: Detail / Remarks
C48: Electrical Hazardous Area Classification (EHAC) | D48: A,B | E48: 1 | F48: Pengklasifikasiaan peralatan dan electrical system sesuai hazardous area sudah diterapkan. | G48: Organisasi & Personel Pengendalian Tanggap Darurat yang Kompeten | H48: A,B | I48: 1 | J48: Sudah ditetapkan Organisasi dan Personel Pengendalian Keadaan Darurat setempat.
C49: Security Guard | D49: A,B | E49: 1 | F49: Tersedia personel dan aktivitas pengamanan saat di area penerimaan. | G49: Pedoman Pengendalian Keadaan Darurat | H49: A | I49: 1 | J49: Tersedia Pedoman Pengendalian Keadaan Darurat (PKD) terbaru.
C50: Pipeline ROW (signage, clearence, maintenace). | D50: A,B | E50: 1 | F50: Apakah Pipeline ROW (Righ-of-ways) sudah ditetapkan, diberitanda, dibersihkan dan dilakukan pemeliharaan. | G50: Bussiness Continuity Plan/Management | H50: A,B | I50: 1 | J50: Tersedia dokumen BCP / Skenario RAE.
C51: Prosedur Pengukuran Grounding Secara Periodik | D51: B | E51: 1 | F51: Pompav Buku 4 | G51: - | H51: - | I51: - | J51: -
C52: Additional Notes / Concern matter :
C53: (Diisikan jika ada catatan tambahan / informasi penting lainnya terkait assessment Mitigation & Emergency Plan barrier yang perlu dijadikan tambahan informasi).
C57: MAJOR ACCIDENT EVENT
C58: A | G58: B
C59: Berpotensi terjadinya Flammable Gas Dispersi dari Tumpahan Produk | G59: Berpotensi Terjadinya Kebakaran (Flash / Pool / Jet Fire)
C63: ULTIMATE RISK ASSESSMENT
C64: CONSEQUENCES | F64: SEVERITY LEVEL | G64: LIKELIHOOD | H64: INHERENT RISK
C65: Manusia | D65: ü | F65: ='Initial Risk'!F5 -> 4 | G65: ='Initial Risk'!G5 -> 2 | H65: =F65*G65 -> 8
C66: Environment | D66: ü | F66: (Catastropic) | G66: (Moderate) | H66: (High)
C67: Financial Impact | D67: ü | F67: SEVERITY LEVEL*2 | G67: LIKELIHOOD*2 | H67: FINAL RISK
C68: Asset & Equipment | D68: ü | F68: 4 | G68: 2 | H68: =F68*G68 -> 8
C69: Notifikasi Publik | D69: ü | F69: (Significant) | G69: (Unlikely / Jarang terjadi) | H69: (Low to Moderate Risk)
C70: RECOMMENDATION
C71: 1. Disikan Rekomendasi yang sifatnya pemenuhan / perbaikan / penyempurnaan terhadap barrier Preventive , Detect/Control, Mitigasi dan Emergency Response.
C72: 2.
C73: 3.
C74: dst
C76: EVIDENCE SECTION

Sheet RF-03
C2: HYDROCARBON RECEIVING FACILITY
C4: MAJOR ACCIDENT HAZARD
C5: Operating Outside of Designated Operational Envelope
C6: RECEIVING FACILITY & PROCESS OVERVIEW | G6: MAH REGISTER NO. | H6: DATE:
C7: Produk avtur DPPU Eltari diterima dari FT Tenau dengan jarak tempuh 19,8 Km atau + 29 Menit dengan Total Armada Bridger 3 Unit. DPPU ELtari memiliki 1 fasilitas filling shed penerimaan dan didukung oleh 1 pompa discharge kapasitas 300 Gpm. Produk avtur diterima di filling shed lalu dipompakan menuju ke tangki penerimaan dengan melewati FWS Terlebih dahulu. Rata-rata penerimaan 128 KL/Hari | G7: MAH-RF-003-Eltari | H7: 1 Maret 2023
G8: REFFERENCE DOC. : | H8: MAH Description :
G9: MAH Tahun 2022 | H9: Hydrocarbon release due to Operating Outside of Design Operational Envelope / SOL envelope. The release of HC resulting major spill, fire and/or explosion, it leading to serious injury and/or multiple fatalities and environment damage.
C13: PREVENTIVE MEASURES | G13: DETECTION/CONTROL MEASURES
C14: HARDWARE (PLANT)
C15: Barrier | D15: Related to MAE | E15: Status | F15: Detail / Remarks | G15: Barrier | H15: Related to MAE | I15: Status | J15: Detail / Remarks
C16: Pipeline Specification (Design Material Selection) | D16: A,B | E16: 1 | F16: API 5L Grade B Schedule 80 Dia. 4" | G16: CCTV | H16: A,B | I16: 1 | J16: terpasang CCTV di area penerimaan.
C17: Product Pump Specification (Design Material Selection) | D17: A,B | E17: 1 | F17: Centrifugal Diesel Pump | G17: Mechanical overpresure protection (PSV di jalur penerimaan). | H17: A,B | I17: N/A | J17: tidak ada PCV di Area Penerimaan
C18: - | D18: - | E18: - | F18: - | G18: Safety Instrumented function (PAHH dan PALL pada Pompa) | H18: A,B | I18: 1 | J18: Diesel Pump dilengkapi ESD
C19: - | D19: - | E19: - | F19: - | G19: Actuated Isolation valve (MOV) | H19: A | I19: N/A | J19: Tidak Terpasang MOV di jalur penerimaan, termasuk supply listrik untuk menggerakan MOV.
C20: PEOPLE + PROCESS
C21: Barrier | D21: Related to MAE | E21: Status | F21: Detail / Remarks | G21: Barrier | H21: Related to MAE | I21: Status | J21: Detail / Remarks
C22: Program Periodically Inspection | D22: A,B | E22: 1 | F22: Disikan apakah ada program rutin dan periodik inspeksi. Jika diwajibkan ada dokumen COI, pastikan tersedia dokumen COI yang masih berlaku. | G22: Pipeline Leak Detection | H22: A,B | I22: N/A | J22: apakah ada sistem / prosedur / metoda / peralatan untuk mendetaksi kebocoran sepanjang jalur pipa?
C23: Program Integrity Management / Risk Based Inspection Program (RBI) | D23: A,B | E23: N/A | F23: Diisikan apakah program RBI asudah berjalan di lokasi | G23: Plant / Pipeline Patrol | H23: A,B | I23: 1 | J23: Security memiliki program patrol
C24: Prosedur Penerimaan Produk | D24: A,B | E24: 1 | F24: Pompav Buku 2 Pengendalian Mutu BBMP | G24: - | H24: - | I24: - | J24: -
C25: Programme Condition Monitoring (for rotating Equipment) / LTSA | D25: A,B | E25: N/A | F25: Belum ada LTSA Pompa | G25: - | H25: - | I25: - | J25: -
C26: Housekeeping Programme | D26: A,B | E26: 1 | F26: Housekeeping Programme | G26: - | H26: - | I26: - | J26: -
C27: Additional Notes / Concern matter :
C28: (Diisikan jika ada catatan tambahan / informasi penting lainnya terkait assessment preventive & Detect-control barrier yang perlu dijadikan tambahan informasi).
C32: INITIATING EVENT
C34: Hydrocarbon Release / LOPC
C36: MITIGATION MEASURES | G36: EMERGENCY RESPONSE RESOURCES
C37: =C14 -> HARDWARE (PLANT)
C38: Barrier | D38: Related to MAE | E38: Status | F38: Detail / Remarks | G38: Barrier | H38: Related to MAE | I38: Status | J38: Detail / Remarks
C39: Emergency Leak Plug / Emergency Leak control equipment | D39: A | E39: 1 | F39: Tersedia peralatan penanggulangan kebocoran pipa (temporary repair), seperti Clamp, Belzona, resin, peralatan pendukung lainnya. | G39: Emergency Communication (Radio HT) | H39: A,B | I39: 1 | J39: Tersedia Radio Komunikasi / HT sejumlah …
C40: Stardarized Electrical System | D40: A | E40: 1 | F40: Listrik di area Penerimaan yang masuk hazardous area sudah sesuai spesifikasi | G40: Emergency Alarm (Beacon) | H40: A,B | I40: 1 | J40: Tersedia Alarm / lonceng di berbagai titik sebagai emergency Alarm.
C41: Shutdown Valve (SDV) | D41: A | E41: N/A | F41: Tidak terdapat SDV | G41: Muster Point | H41: A,B | I41: 1 | J41: Tersedia area Muster Point ( rambu dan penunjuk jalur tersedia, visible), jarak cukup jauh dengan sumber api > 100 m,.
C42: Portable Gas Detector | D42: A | E42: 1 | F42: Tersedia Portable Gas Detector. | G42: APD/PPE untuk tumpahan bahan bakar (safety boot, wearpack, masker catridge) | H42: A | I42: 0.75 | J42: Tersedia safety boot, wearpack dan masker catridge sesuai dengan kebutuhan untuk penanggulangan tumpahan / kebocoran produk.(Belum memliki Baju Fire Fighting)
C43: Fixed Fire & Gas Detector System (FGDS) | D43: A,B | E43: N/A | F43: Tidak Terpasang Fixed FGDS di area penerimaan. | G43: Oil Spill Emergency Repsonse (Oil Boom,oil absorbent, skimmer, dll) | H43: A | I43: 1 | J43: Tersedia pealatan penaggulang tumpahan minyak.
C44: Lightning Protection System | D44: B | E44: 1 | F44: Apakah terpasang LPS di area pendistribution dengan jumlah, coverage dan program monitoring yang cukup. | G44: Fixed Fire Fighting Equipment/System (Fire Pump, Fire Hydran, Fire Water Line). | H44: B | I44: 1 | J44: Tersedia peralatan penanggulangan kebakaran, termasuk Fire Risk Card sesuai skenario.
C45: Grounding System | D45: B | E45: 1 | F45: Hasil Grounding System tercata pada form SF 211 | G45: Mobile emergency Response Eqipment (Fire Truck, Fire Jeep,QRU, LPG Evacuation Unit, Vacuum Truck) | H45: A,B | I45: N/A | J45: Tidak tersedia Mobile Equipment Response dan kondisi nya
C46: Oil Catcher System | D46: A | E46: 1 | F46: Tersedia oil cathcer yang sesuai persyaratan dan spesifikasi. | G46: Generator Set (Genset) untuk Power Supply saat Emergency | H46: B | I46: 1 | J46: Ttersedia unit Genset yang siap pakai dan COI nya valid
C47: =C20 -> PEOPLE + PROCESS
C48: Barrier | D48: Related to MAE | E48: Status | F48: Detail / Remarks | G48: Barrier | H48: Related to MAE | I48: Status | J48: Detail / Remarks
C49: Electrical Hazardous Area Classification (EHAC) | D49: A,B | E49: 1 | F49: Pengklasifikasiaan peralatan dan electrical system sesuai hazardous area sudah diterapkan. | G49: Organisasi & Personel Pengendalian Tanggap Darurat yang Kompeten | H49: A,B | I49: 1 | J49: Sudah ditetapkan Organisasi dan Personel Pengendalian Keadaan Darurat setempat.
C50: Security Guard | D50: A,B | E50: 1 | F50: Tersedia personel dan aktivitas pengamanan saat di area penerimaan. | G50: Pedoman Pengendalian Keadaan Darurat | H50: A | I50: 1 | J50: Tersedia Pedoman Pengendalian Keadaan Darurat (PKD) terbaru.
C51: Pipeline ROW (signage, clearence, maintenace). | D51: A,B | E51: 1 | F51: Apakah Pipeline ROW (Righ-of-ways) sudah ditetapkan, diberitanda, dibersihkan dan dilakukan pemeliharaan. | G51: Bussiness Continuity Plan/Management | H51: A,B | I51: 1 | J51: Tersedia dokumen BCP / Skenario RAE.
C52: Prosedur Pengukuran Grounding Secara Periodik | D52: B | E52: 1 | F52: Pompav Buku 4 | G52: - | H52: - | I52: - | J52: -
C53: Additional Notes / Concern matter :
C54: (Diisikan jika ada catatan tambahan / informasi penting lainnya terkait assessment Mitigation & Emergency Plan barrier yang perlu dijadikan tambahan informasi).
C58: MAJOR ACCIDENT EVENT
C59: A | G59: B
C60: Berpotensi terjadinya Flammable Gas Dispersi dari Tumpahan Produk | G60: Berpotensi Terjadinya Kebakaran (Flash / Pool / Jet Fire)
C64: ULTIMATE RISK ASSESSMENT
C65: CONSEQUENCES | F65: SEVERITY LEVEL | G65: LIKELIHOOD | H65: INHERENT RISK
C66: Manusia | D66: ü | F66: ='Initial Risk'!F6 -> 4 | G66: ='Initial Risk'!G6 -> 3 | H66: =F66*G66 -> 12
C67: Environment | D67: ü | F67: (Catastropic) | G67: (Moderate) | H67: (High)
C68: Financial Impact | D68: ü | F68: SEVERITY LEVEL*2 | G68: LIKELIHOOD*2 | H68: FINAL RISK
C69: Asset & Equipment | D69: ü | F69: 3 | G69: 1 | H69: =F69*G69 -> 3
C70: Notifikasi Publik | D70: ü | F70: (Minor) | G70: (Rare/Hampir tdk mkn terjadi) | H70: (Low to Moderate Risk)
C71: RECOMMENDATION
C72: 1. Disikan Rekomendasi yang sifatnya pemenuhan / perbaikan / penyempurnaan terhadap barrier Preventive , Detect/Control, Mitigasi dan Emergency Response.
C73: 2.
C74: 3.
C75: dst
C77: EVIDENCE SECTION

Sheet RF-04
C2: HYDROCARBON RECEIVING FACILITY
C4: MAJOR ACCIDENT HAZARD
C5: Maintenance Activity
C6: RECEIVING FACILITY & PROCESS OVERVIEW | G6: MAH REGISTER NO. | H6: DATE:
C7: Produk avtur DPPU Eltari diterima dari FT Tenau dengan jarak tempuh 19,8 Km atau + 29 Menit dengan Total Armada Bridger 3 Unit. DPPU ELtari memiliki 1 fasilitas filling shed penerimaan dan didukung oleh 1 pompa discharge kapasitas 300 Gpm. Produk avtur diterima di filling shed lalu dipompakan menuju ke tangki penerimaan dengan melewati FWS Terlebih dahulu. Rata-rata penerimaan 128 KL/Hari | G7: MAH-RF-004-Eltari | H7: 1 Maret 2023
G8: REFFERENCE DOC. : | H8: MAH Description :
G9: MAH Tahun 2022 | H9: Hydrocarbon release due to Maintenance Activites. The release of HC resulting major spill, fire and/or explosion, it leading to serious injury and/or multiple fatalities and environment damage.
C13: PREVENTIVE MEASURES | G13: DETECTION/CONTROL MEASURES
C14: HARDWARE (PLANT)
C15: Barrier | D15: Related to MAE | E15: Status | F15: Detail / Remarks | G15: Barrier | H15: Related to MAE | I15: Status | J15: Detail / Remarks
C16: - | D16: - | E16: - | F16: - | G16: CCTV | H16: A,B | I16: 0.5 | J16: CCTV terpasang di 8 Titik dan 4 titik tidak berfungsi
C17: - | D17: - | E17: - | F17: - | G17: - | H17: - | I17: - | J17: -
C18: PEOPLE + PROCESS
C19: Barrier | D19: Related to MAE | E19: Status | F19: Detail / Remarks | G19: Barrier | H19: Related to MAE | I19: Status | J19: Detail / Remarks
C20: Prosedur Perbaikan / Pemeliharaan Peralatan | D20: A,B | E20: 1 | F20: Pompav Buku 4 Pemeliharaan Sarana dan Fasilitas | G20: Plant / Pipeline Patrol | H20: A,B | I20: 1 | J20: Security secara berkala melakukan patroli jalur pipa
C21: Prosedur Sistem Ijin Kerja Aman (SIKA) | D21: A,B | E21: 1 | F21: tersedia dan dilaksanakan Prosedur SIKA. | G21: - | H21: - | I21: - | J21: -
C22: Prosedur Management of Change (MOC) | D22: A,B | E22: 1 | F22: tersedia dan dilaksanakan Prosedur MOC. | G22: - | H22: - | I22: - | J22: -
C23: Prosedur Isolation Energi (LOTO) | D23: A,B | E23: 1 | F23: tersedia dan dilaksanakan Prosedur Isolasi Energi dan tersedia LOTO Risk Card. | G23: - | H23: - | I23: - | J23: -
C24: Authorized Personel (GSI/SI/AT) | D24: A,B | E24: 1 | F24: Personel pemegang sertifikasi GSI/SI/AT tersedia lengkap di lokasi. | G24: - | H24: - | I24: - | J24: -
C25: Additional Notes / Concern matter :
C26: (Diisikan jika ada catatan tambahan / informasi penting lainnya terkait assessment preventive & Detect-control barrier yang perlu dijadikan tambahan informasi).
C30: INITIATING EVENT
C32: Hydrocarbon Release / LOPC
C34: MITIGATION MEASURES | G34: EMERGENCY RESPONSE RESOURCES
C35: =C14 -> HARDWARE (PLANT)
C36: Barrier | D36: Related to MAE | E36: Status | F36: Detail / Remarks | G36: Barrier | H36: Related to MAE | I36: Status | J36: Detail / Remarks
C37: Emergency Leak Plug / Emergency Leak control equipment | D37: A | E37: 1 | F37: Tersedia peralatan penanggulangan kebocoran pipa (temporary repair), seperti Clamp, Belzona, resin, peralatan pendukung lainnya. | G37: Emergency Communication (Radio HT) | H37: A,B | I37: 1 | J37: Tersedia Radio Komunikasi / HT sejumlah …
C38: Stardarized Electrical System | D38: A | E38: 1 | F38: Listrik di area Penerimaan yang masuk hazardous area sudah sesuai spesifikasi | G38: Emergency Alarm (Beacon) | H38: A,B | I38: 1 | J38: Tersedia Alarm / lonceng di berbagai titik sebagai emergency Alarm.
C39: Shutdown Valve (SDV) | D39: A | E39: N/A | F39: Tidak terdapat SDV | G39: Muster Point | H39: A,B | I39: 1 | J39: Tersedia area Muster Point ( rambu dan penunjuk jalur tersedia, visible), jarak cukup jauh dengan sumber api > 100 m,.
C40: Portable Gas Detector | D40: A | E40: 1 | F40: Tersedia Portable Gas Detector. | G40: APD/PPE untuk tumpahan bahan bakar (safety boot, wearpack, masker catridge) | H40: A | I40: 0.75 | J40: Tersedia safety boot, wearpack dan masker catridge sesuai dengan kebutuhan untuk penanggulangan tumpahan / kebocoran produk.(Belum memliki Baju Fire Fighting)
C41: Fixed Fire & Gas Detector System (FGDS) | D41: A,B | E41: N/A | F41: Tidak Terpasang Fixed FGDS di area penerimaan. | G41: Oil Spill Emergency Repsonse (Oil Boom,oil absorbent, skimmer, dll) | H41: A | I41: 1 | J41: Tersedia pealatan penaggulang tumpahan minyak.
C42: Lightning Protection System | D42: B | E42: 1 | F42: Apakah terpasang LPS di area pendistribution dengan jumlah, coverage dan program monitoring yang cukup. | G42: Fixed Fire Fighting Equipment/System (Fire Pump, Fire Hydran, Fire Water Line). | H42: B | I42: 1 | J42: Tersedia peralatan penanggulangan kebakaran, termasuk Fire Risk Card sesuai skenario.
C43: Grounding System | D43: B | E43: 1 | F43: Hasil Grounding System tercata pada form SF 211 | G43: Mobile emergency Response Eqipment (Fire Truck, Fire Jeep,QRU, LPG Evacuation Unit, Vacuum Truck) | H43: A,B | I43: N/A | J43: Tidak tersedia Mobile Equipment Response dan kondisi nya
C44: Oil Catcher System | D44: A | E44: 1 | F44: Tersedia oil cathcer yang sesuai persyaratan dan spesifikasi. | G44: Generator Set (Genset) untuk Power Supply saat Emergency | H44: B | I44: 1 | J44: Ttersedia 2 unit Genset yang siap pakai dan COI nya valid
C45: =C18 -> PEOPLE + PROCESS
C46: Barrier | D46: Related to MAE | E46: Status | F46: Detail / Remarks | G46: Barrier | H46: Related to MAE | I46: Status | J46: Detail / Remarks
C47: Electrical Hazardous Area Classification (EHAC) | D47: A,B | E47: - | F47: Pengklasifikasiaan peralatan dan electrical system sesuai hazardous area sudah diterapkan. | G47: Organisasi & Personel Pengendalian Tanggap Darurat yang Kompeten | H47: A,B | I47: - | J47: Sudah ditetapkan Organisasi dan Personel Pengendalian Keadaan Darurat setempat.
C48: Security Guard | D48: A,B | E48: 1 | F48: Tersedia personel dan aktivitas pengamanan saat di area penerimaan. | G48: Pedoman Pengendalian Keadaan Darurat | H48: A | I48: - | J48: Tersedia Pedoman Pengendalian Keadaan Darurat (PKD) terbaru.
C49: Pipeline ROW (signage, clearence, maintenace). | D49: A,B | E49: - | F49: Apakah Pipeline ROW (Righ-of-ways) sudah ditetapkan, diberitanda, dibersihkan dan dilakukan pemeliharaan. | G49: Bussiness Continuity Plan/Management | H49: A,B | I49: - | J49: Tersedia dokumen BCP / Skenario RAE.
C50: Prosedur Pengukuran Grounding Secara Periodik | D50: B | E50: - | F50: Apakah prosedur pengukuran tahanan grounding tersedia, dan dilaksanakan. | G50: - | H50: - | I50: - | J50: -
C51: Additional Notes / Concern matter :
C52: (Diisikan jika ada catatan tambahan / informasi penting lainnya terkait assessment Mitigation & Emergency Plan barrier yang perlu dijadikan tambahan informasi).
C56: MAJOR ACCIDENT EVENT
C57: A | G57: B
C58: Berpotensi terjadinya Flammable Gas Dispersi dari Tumpahan Produk | G58: Berpotensi Terjadinya Kebakaran (Flash / Pool / Jet Fire)
C62: ULTIMATE RISK ASSESSMENT
C63: CONSEQUENCES | F63: SEVERITY LEVEL | G63: LIKELIHOOD | H63: INHERENT RISK
C64: Manusia | D64: ü | F64: ='Initial Risk'!F7 -> 4 | G64: ='Initial Risk'!G7 -> 3 | H64: =F64*G64 -> 12
C65: Environment | D65: ü | F65: (Catastropic) | G65: (Moderate) | H65: (High)
C66: Financial Impact | D66: ü | F66: SEVERITY LEVEL*2 | G66: LIKELIHOOD*2 | H66: FINAL RISK
C67: Asset & Equipment | D67: ü | F67: 4 | G67: 2 | H67: =F67*G67 -> 8
C68: Notifikasi Publik | D68: ü | F68: (Significant) | G68: (Unlikely / Jarang terjadi) | H68: (Low to Moderate Risk)
C69: RECOMMENDATION
C70: 1. Disikan Rekomendasi yang sifatnya pemenuhan / perbaikan / penyempurnaan terhadap barrier Preventive , Detect/Control, Mitigasi dan Emergency Response.
C71: 2.
C72: 3.
C73: dst
C75: EVIDENCE SECTION

Sheet RF-05
C2: HYDROCARBON RECEIVING FACILITY
C4: MAJOR ACCIDENT HAZARD
C5: Third Party (Personel and/or Vehicle) Activities
C6: RECEIVING FACILITY & PROCESS OVERVIEW | G6: MAH REGISTER NO. | H6: DATE:
C7: Produk avtur DPPU Eltari diterima dari FT Tenau dengan jarak tempuh 19,8 Km atau + 29 Menit dengan Total Armada Bridger 3 Unit. DPPU ELtari memiliki 1 fasilitas filling shed penerimaan dan didukung oleh 1 pompa discharge kapasitas 300 Gpm. Produk avtur diterima di filling shed lalu dipompakan menuju ke tangki penerimaan dengan melewati FWS Terlebih dahulu. Rata-rata penerimaan 128 KL/Hari | G7: MAH-RF-005-Eltari | H7: 1 Maret 2023
G8: REFFERENCE DOC. : | H8: MAH Description :
G9: MAH Tahun 2022 | H9: Hydrocarbon release due to ship & third party activities at receiving facilities . The release of HC resulting major spill, fire and/or explosion, it leading to serious injury and/or multiple fatalities and environment damage.
C13: PREVENTIVE MEASURES | G13: DETECTION/CONTROL MEASURES
C14: HARDWARE (PLANT)
C15: Barrier | D15: Related to MAE | E15: Status | F15: Detail / Remarks | G15: Barrier | H15: Related to MAE | I15: Status | J15: Detail / Remarks
C16: Pipeline (Signage & marker) | D16: A,B | E16: 1 | F16: Color Code sesuai dengan Pompav Buku 4 | G16: CCTV | H16: A,B | I16: 0.5 | J16: Tersedia Radio Komunikasi / HT sejumlah …
C17: Pipeline/PLEM/SPM (Design Structural Support) | D17: A,B | E17: 1 | F17: Design untuk stucture support sudah sesuai spesifikasi. | G17: - | H17: - | I17: - | J17: -
C18: Navigation Kit & Device | D18: A,B | E18: N/A | F18: Apakah tersedia navigation kit (Fog signal, lobstruction light, Reflektor, SBNP). | G18: - | H18: - | I18: - | J18: -
C19: Breakaway Coupling | D19: A,B | E19: N/A | F19: Apakah terpasang breakaway coupling terhadap sarana penerimaan. | G19: - | H19: - | I19: - | J19: -
C20: Additional Physical Protection | D20: A,B | E20: N/A | F20: Diisikan apakah tersedia dan terpasang pengaman fisik tambahan untuk mencegah kerusakan peralatan di area penerimaan dari impact kendaraan/kapal. | G20: - | H20: - | I20: - | J20: -
C21: PEOPLE + PROCESS
C22: Barrier | D22: Related to MAE | E22: Status | F22: Detail / Remarks | G22: Barrier | H22: Related to MAE | I22: Status | J22: Detail / Remarks
C23: Program Periodically Inspection | D23: A,B | E23: - | F23: Disikan apakah ada program rutin dan periodik inspeksi. Jika diwajibkan ada dokumen COI, pastikan tersedia dokumen COI yang masih berlaku. | G23: Plant / Pipeline Patrol | H23: A,B | I23: 1 | J23: HSSE Patrol
C24: Prosedur Penerimaan Produk | D24: A,B | E24: 1 | F24: Diisikan apakah tersedia prosedur penerimaan produk yang ter-update. | G24: - | H24: - | I24: - | J24: -
C25: Prosedur Ship Approching | D25: A,B | E25: N/A | F25: Diisikan apakah tersedia prosedur Ship approching yang ter-update dan dijalankan (yang memuat batasan kondisi operasi i.e kecepatan kapal, arah dan kecepatan arus laut & angin). | G25: - | H25: - | I25: - | J25: -
C26: Prosedur Ship Transfer | D26: A,B | E26: N/A | F26: Diisikan apakah tersedia prosedur Ship transfer yang ter-update dan dijalankan. | G26: - | H26: - | I26: - | J26: -
C27: Pipeline ROW (Marking & Signage) | D27: A,B | E27: N/A | F27: Apakah Pipeline ROW (Righ-of-ways) sudah ditetapkan, diberitanda, dibersihkan dan dilakukan pemeliharaan. | G27: - | H27: - | I27: - | J27: -
C28: Community Engagement di area facility & ROW pipeline. | D28: A,B | E28: N/A | F28: Apakah ada program pelibatan komunitas di sekitar fasilitas penerimaan. | G28: - | H28: - | I28: - | J28: -
C29: Penentuan Daerah Terbatas & Terlarang (restricted area declaration) | D29: A,B | E29: 1 | F29: Apakah ada SK / penetapan Daerah terbatas & terlarang dari otoritas. | G29: - | H29: - | I29: - | J29: -
C30: Housekeeping Programme | D30: A,B | E30: 1 | F30: Housekeeping Programme | G30: - | H30: - | I30: - | J30: -
C31: Additional Notes / Concern matter :
C32: (Diisikan jika ada catatan tambahan / informasi penting lainnya terkait assessment preventive & Detect-control barrier yang perlu dijadikan tambahan informasi).
C36: INITIATING EVENT
C38: Hydrocarbon Release / LOPC
C40: MITIGATION MEASURES | G40: EMERGENCY RESPONSE RESOURCES
C41: =C14 -> HARDWARE (PLANT)
C42: Barrier | D42: Related to MAE | E42: Status | F42: Detail / Remarks | G42: Barrier | H42: Related to MAE | I42: Status | J42: Detail / Remarks
C43: Emergency Leak Plug / Emergency Leak control equipment | D43: A | E43: 1 | F43: Tersedia peralatan penanggulangan kebocoran pipa (temporary repair), seperti Clamp, Belzona, resin, peralatan pendukung lainnya. | G43: Emergency Communication (Radio HT) | H43: A,B | I43: 1 | J43: Tersedia Radio Komunikasi / HT sesuai dengan kebutuhan (Jumlah dan spec.) dan berfungsi dengan baik.
C44: Stardarized Electrical System | D44: A | E44: 1 | F44: Apakah Peralatan Listrik di area Penerimaan yang masuk hazardous area sudah sesuai spesifikasi? | G44: Emergency Alarm (Beacon) | H44: A,B | I44: 1 | J44: Tersedia Alarm / lonceng di berbagai titik sebagai emergency Alarm.
C45: Shutdown Valve (SDV) | D45: A | E45: N/A | F45: Terpasang SDV di jalur pipa penerimaan. | G45: Muster Point | H45: A,B | I45: 1 | J45: Tersedia area Muster Point ( rambu dan penunjuk jalur tersedia, visible), jarak cukup jauh dengan sumber api > 100 m,.
C46: Portable Gas Detector | D46: A | E46: 1 | F46: Ada Portable Gas Detector MSA Altair 5X | G46: APD/PPE untuk tumpahan bahan bakar (safety boot, wearpack, masker catridge) | H46: A | I46: 1 | J46: Tersedia safety boot, wearpack dan masker catridge sesuai dengan kebutuhan untuk penanggulangan tumpahan / kebocoran produk.
C47: Fixed Fire & Gas Detector System (FGDS) | D47: A,B | E47: N/A | F47: Terpasang Fixed FGDS di area penerimaan. | G47: Oil Spill Emergency Repsonse (Oil Boom,oil absorbent, skimmer, dll) | H47: A | I47: 1 | J47: Tersedia peralatan penaggulang tumpahan minyak oil Absorbent disetiap kendaraan
C48: Lightning Protection System | D48: B | E48: 1 | F48: Apakah terpasang LPS di area pendistribution dengan jumlah, coverage dan program monitoring yang cukup. | G48: Fixed Fire Fighting Equipment/System (Fire Pump, Fire Hydran, Fire Water Line). | H48: B | I48: 1 | J48: Tersedia peralatan penanggulangan kebakaran 1 Unit Fore Pump, termasuk Fire Risk Card sesuai skenario.
C49: Grounding System | D49: B | E49: 1 | F49: Apakah terpasang Grounding system yang cukup danter-instalasi dengan baik. | G49: Mobile emergency Response Eqipment (Fire Truck, Fire Jeep,QRU, LPG Evacuation Unit, Vacuum Truck) | H49: A,B | I49: 1 | J49: tersedia Mobile Equipment Response dan kondisi nya ( 1 Unit Mobile Fire Pump)
C50: Oil Catcher System | D50: A | E50: 1 | F50: Tersedia oil cathcer yang sesuai persyaratan dan spesifikasi. | G50: Generator Set (Genset) untuk Power Supply saat Emergency | H50: B | I50: 1 | J50: Tersedia 2 unit Genset yang siap pakai dan COI nya valid
C51: =C21 -> PEOPLE + PROCESS
C52: Barrier | D52: Related to MAE | E52: Status | F52: Detail / Remarks | G52: Barrier | H52: Related to MAE | I52: Status | J52: Detail / Remarks
C53: Electrical Hazardous Area Classification (EHAC) | D53: A,B | E53: 1 | F53: Pengklasifikasiaan peralatan dan electrical system sesuai hazardous area sudah diterapkan. | G53: Organisasi & Personel Pengendalian Tanggap Darurat yang Kompeten | H53: A,B | I53: 1 | J53: Sudah ditetapkan Organisasi dan Personel Pengendalian Keadaan Darurat setempat.
C54: Security Guard | D54: A,B | E54: 1 | F54: Tersedia personel dan aktivitas pengamanan saat di area penerimaan. | G54: Pedoman Pengendalian Keadaan Darurat | H54: A | I54: 1 | J54: Tersedia Pedoman Pengendalian Keadaan Darurat (PKD) terbaru.
C55: Pipeline ROW (signage, clearence, maintenace). | D55: A,B | E55: 1 | F55: Apakah Pipeline ROW (Righ-of-ways) sudah ditetapkan, diberitanda, dibersihkan dan dilakukan pemeliharaan. | G55: Bussiness Continuity Plan/Management | H55: A,B | I55: 1 | J55: Tersedia dokumen BCP / Skenario RAE.
C56: Prosedur Pengukuran Grounding Secara Periodik | D56: B | E56: 1 | F56: Pompav Buku 4 | G56: - | H56: - | I56: - | J56: -
C57: Additional Notes / Concern matter :
C58: (Diisikan jika ada catatan tambahan / informasi penting lainnya terkait assessment Mitigation & Emergency Plan barrier yang perlu dijadikan tambahan informasi).
C62: MAJOR ACCIDENT EVENT
C63: A | G63: B
C64: Berpotensi terjadinya Flammable Gas Dispersi dari Tumpahan Produk | G64: Berpotensi Terjadinya Kebakaran (Flash / Pool / Jet Fire)
C68: ULTIMATE RISK ASSESSMENT
C69: CONSEQUENCES | F69: SEVERITY LEVEL | G69: LIKELIHOOD | H69: INHERENT RISK
C70: Manusia | D70: ü | F70: ='Initial Risk'!F8 -> 4 | G70: ='Initial Risk'!G8 -> 3 | H70: =F70*G70 -> 12
C71: Environment | D71: ü | F71: (Catastropic) | G71: (Moderate) | H71: (High)
C72: Financial Impact | D72: ü | F72: SEVERITY LEVEL*2 | G72: LIKELIHOOD*2 | H72: FINAL RISK
C73: Asset & Equipment | D73: ü | F73: 2 | G73: 3 | H73: =F73*G73 -> 6
C74: Notifikasi Publik | D74: ü | F74: (Minor) | G74: (Moderate / Bisa Terjadi) | H74: (Low to Moderate Risk)
C75: RECOMMENDATION
C76: 1. Disikan Rekomendasi yang sifatnya pemenuhan / perbaikan / penyempurnaan terhadap barrier Preventive , Detect/Control, Mitigasi dan Emergency Response.
C77: 2.
C78: 3.
C79: dst
C81: EVIDENCE SECTION

Sheet RF-06
C2: HYDROCARBON RECEIVING FACILITY
C4: MAJOR ACCIDENT HAZARD
C5: Normal Operation Activity (Inc. Sampling Activity)
C6: RECEIVING FACILITY & PROCESS OVERVIEW | G6: MAH REGISTER NO. | H6: DATE:
C7: Produk avtur DPPU Eltari diterima dari FT Tenau dengan jarak tempuh 19,8 Km atau + 29 Menit dengan Total Armada Bridger 3 Unit. DPPU ELtari memiliki 1 fasilitas filling shed penerimaan dan didukung oleh 1 pompa discharge kapasitas 300 Gpm. Produk avtur diterima di filling shed lalu dipompakan menuju ke tangki penerimaan dengan melewati FWS Terlebih dahulu. Rata-rata penerimaan 128 KL/Hari | G7: MAH-RF-006-Eltari | H7: 1 Maret 2023
G8: REFFERENCE DOC. : | H8: MAH Description :
G9: MAH Tahun 2022 | H9: Hydrocarbon release due to Normal Operation Activity (Truck/Ship Unloading,including Sampling Activity). The release of HC resulting major spill, fire and/or explosion, it leading to serious injury and/or multiple fatalities and environment damage.
C13: PREVENTIVE MEASURES | G13: DETECTION/CONTROL MEASURES
C14: HARDWARE (PLANT)
C15: Barrier | D15: Related to MAE | E15: Status | F15: Detail / Remarks | G15: Barrier | H15: Related to MAE | I15: Status | J15: Detail / Remarks
C16: Pipeline Specification (Design Material Selection) | D16: A,B | E16: 1 | F16: API 5L Grade B Schedule 80 Dia. 4" | G16: CCTV | H16: A,B | I16: 0.5 | J16: ada 8 CCTV hanya 4 yang berfungsi
C17: Product Pump Specification (Design Material Selection) | D17: A,B | E17: 1 | F17: Centrifugal Diesel Pump | G17: Mekanikal Valve untuk proteksi overpressure / vacuum (PRV/PSV/ PVV / Vent / Free Vent) | H17: A,B | I17: 1 | J17: Diisikan apakah peralatan tersebut terpasang sesuai design specification, dan dilakukan inspeksi secara rutin (jika wajib COI, pastikan COI nya valid).
C18: Standarized Sampling Apparatus | D18: A,B | E18: 1 | F18: ISO 3170 (IP Petroleum Measurement Manual, Part VI, Sampling Item 1 Manual Methods). | G18: Actuated Isolation valve (MOV) | H18: A | I18: N/A | J18: Tidak memiliki MOV
C19: Designated Sampling Point | D19: A,B | E19: 1 | F19: American Society for Testing and Materials (ASTM), Standard Practice for Manual Sampling of Petroleum and Petroleum Produk (ASTM D4057). | G19: - | H19: - | I19: - | J19: -
C20: PEOPLE + PROCESS
C21: Barrier | D21: Related to MAE | E21: Status | F21: Detail / Remarks | G21: Barrier | H21: Related to MAE | I21: Status | J21: Detail / Remarks
C22: Program Periodically Inspection | D22: A,B | E22: 1 | F22: Disikan apakah ada program rutin dan periodik inspeksi. Jika diwajibkan ada dokumen COI, pastikan tersedia dokumen COI yang masih berlaku. | G22: Plant / Pipeline Patrol | H22: A,B | I22: - | J22: Ada program supervisi / pengamatan dari operator / supervisor / inspektor / HSE, dilakukan rutin setiap periode nya, ada bukti nya
C23: Prosedur Penerimaan Produk | D23: A,B | E23: 1 | F23: Pompav Buku 2 Pengendalian Mutu BBMP | G23: - | H23: - | I23: - | J23: -
C24: Prosedur Sampling | D24: A,B | E24: 1 | F24: Apakah tersedia dan dilaksanakan Prosedur Sampling dan Personel pelaksana yang kompeten. | G24: - | H24: - | I24: - | J24: -
C25: Additional Notes / Concern matter :
C26: (Diisikan jika ada catatan tambahan / informasi penting lainnya terkait assessment preventive & Detect-control barrier yang perlu dijadikan tambahan informasi).
C30: INITIATING EVENT
C32: Hydrocarbon Release / LOPC
C34: MITIGATION MEASURES | G34: EMERGENCY RESPONSE RESOURCES
C35: =C14 -> HARDWARE (PLANT)
C36: Barrier | D36: Related to MAE | E36: Status | F36: Detail / Remarks | G36: Barrier | H36: Related to MAE | I36: Status | J36: Detail / Remarks
C37: Emergency Leak Plug / Emergency Leak control equipment | D37: A | E37: 1 | F37: Tersedia peralatan penanggulangan kebocoran pipa (temporary repair), seperti Clamp, Belzona, resin, peralatan pendukung lainnya. | G37: Emergency Communication (Radio HT) | H37: A,B | I37: 1 | J37: Tersedia Radio Komunikasi / HT sesuai dengan kebutuhan (Jumlah dan spec.) dan berfungsi dengan baik.
C38: Stardarized Electrical System | D38: A | E38: 1 | F38: Apakah Peralatan Listrik di area Penerimaan yang masuk hazardous area sudah sesuai spesifikasi? | G38: Emergency Alarm (Beacon) | H38: A,B | I38: 1 | J38: Tersedia Alarm / lonceng di berbagai titik sebagai emergency Alarm.
C39: Shutdown Valve (SDV) | D39: A | E39: N/A | F39: Terpasang SDV di jalur pipa penerimaan. | G39: Muster Point | H39: A,B | I39: 1 | J39: Tersedia area Muster Point ( rambu dan penunjuk jalur tersedia, visible), jarak cukup jauh dengan sumber api > 100 m,.
C40: Portable Gas Detector | D40: A | E40: 1 | F40: Ada Portable Gas Detector MSA Altair 5X | G40: APD/PPE untuk tumpahan bahan bakar (safety boot, wearpack, masker catridge) | H40: A | I40: 1 | J40: Tersedia safety boot, wearpack dan masker catridge sesuai dengan kebutuhan untuk penanggulangan tumpahan / kebocoran produk.
C41: Fixed Fire & Gas Detector System (FGDS) | D41: A,B | E41: N/A | F41: Terpasang Fixed FGDS di area penerimaan. | G41: Oil Spill Emergency Repsonse (Oil Boom,oil absorbent, skimmer, dll) | H41: A | I41: 1 | J41: Tersedia peralatan penaggulang tumpahan minyak oil Absorbent disetiap kendaraan
C42: Lightning Protection System | D42: B | E42: 1 | F42: Apakah terpasang LPS di area pendistribution dengan jumlah, coverage dan program monitoring yang cukup. | G42: Fixed Fire Fighting Equipment/System (Fire Pump, Fire Hydran, Fire Water Line). | H42: B | I42: 1 | J42: Tersedia peralatan penanggulangan kebakaran 1 Unit Fore Pump, termasuk Fire Risk Card sesuai skenario.
C43: Grounding System | D43: B | E43: 1 | F43: Apakah terpasang Grounding system yang cukup danter-instalasi dengan baik. | G43: Mobile emergency Response Eqipment (Fire Truck, Fire Jeep,QRU, LPG Evacuation Unit, Vacuum Truck) | H43: A,B | I43: 1 | J43: tersedia Mobile Equipment Response dan kondisi nya ( 1 Unit Mobile Fire Pump)
C44: Oil Catcher System | D44: A | E44: 1 | F44: Tersedia oil cathcer yang sesuai persyaratan dan spesifikasi. | G44: Generator Set (Genset) untuk Power Supply saat Emergency | H44: B | I44: 1 | J44: Tersedia 2 unit Genset yang siap pakai dan COI nya valid
C45: =C20 -> PEOPLE + PROCESS
C46: Barrier | D46: Related to MAE | E46: Status | F46: Detail / Remarks | G46: Barrier | H46: Related to MAE | I46: Status | J46: Detail / Remarks
C47: Electrical Hazardous Area Classification (EHAC) | D47: A,B | E47: 1 | F47: Pengklasifikasiaan peralatan dan electrical system sesuai hazardous area sudah diterapkan. | G47: Organisasi & Personel Pengendalian Tanggap Darurat yang Kompeten | H47: A,B | I47: 1 | J47: Sudah ditetapkan Organisasi dan Personel Pengendalian Keadaan Darurat setempat.
C48: Security Guard | D48: A,B | E48: 1 | F48: Tersedia personel dan aktivitas pengamanan saat di area penerimaan. | G48: Pedoman Pengendalian Keadaan Darurat | H48: A | I48: 1 | J48: Tersedia Pedoman Pengendalian Keadaan Darurat (PKD) terbaru.
C49: Pipeline ROW (signage, clearence, maintenace). | D49: A,B | E49: 1 | F49: Apakah Pipeline ROW (Righ-of-ways) sudah ditetapkan, diberitanda, dibersihkan dan dilakukan pemeliharaan. | G49: Bussiness Continuity Plan/Management | H49: A,B | I49: 1 | J49: Tersedia dokumen BCP / Skenario RAE.
C50: Prosedur Pengukuran Grounding Secara Periodik | D50: B | E50: 1 | F50: Pompav Buku 4 | G50: - | H50: - | I50: - | J50: -
C51: Additional Notes / Concern matter :
C52: (Diisikan jika ada catatan tambahan / informasi penting lainnya terkait assessment Mitigation & Emergency Plan barrier yang perlu dijadikan tambahan informasi).
C56: MAJOR ACCIDENT EVENT
C57: A | G57: B
C58: Berpotensi terjadinya Flammable Gas Dispersi dari Tumpahan Produk | G58: Berpotensi Terjadinya Kebakaran (Flash / Pool / Jet Fire)
C62: ULTIMATE RISK ASSESSMENT
C63: CONSEQUENCES | F63: SEVERITY LEVEL | G63: LIKELIHOOD | H63: INHERENT RISK
C64: Manusia | D64: ü | F64: ='Initial Risk'!F9 -> 4 | G64: ='Initial Risk'!G9 -> 2 | H64: =F64*G64 -> 8
C65: Environment | D65: ü | F65: (Catastropic) | G65: (Unlikely / Jarang Terjadi) | H65: (moderate to high)
C66: Financial Impact | D66: ü | F66: SEVERITY LEVEL*2 | G66: LIKELIHOOD*2 | H66: FINAL RISK
C67: Asset & Equipment | D67: ü | F67: 4 | G67: 1 | H67: =F67*G67 -> 4
C68: Notifikasi Publik | D68: ü | F68: (Significant) | G68: (Rare / Hampir tdk mkn terjadi) | H68: (Low to Moderate Risk)
C69: RECOMMENDATION
C70: 1. Disikan Rekomendasi yang sifatnya pemenuhan / perbaikan / penyempurnaan terhadap barrier Preventive , Detect/Control, Mitigasi dan Emergency Response.
C71: 2.
C72: 3.
C73: dst
C75: EVIDENCE SECTION

Sheet RF-07
C2: HYDROCARBON RECEIVING FACILITY
C4: MAJOR ACCIDENT HAZARD
C5: Supporting Structure Failure
C6: RECEIVING FACILITY & PROCESS OVERVIEW | G6: MAH REGISTER NO. | H6: DATE:
C7: Produk avtur DPPU Eltari diterima dari FT Tenau dengan jarak tempuh 19,8 Km atau + 29 Menit dengan Total Armada Bridger 3 Unit. DPPU ELtari memiliki 1 fasilitas filling shed penerimaan dan didukung oleh 1 pompa discharge kapasitas 300 Gpm. Produk avtur diterima di filling shed lalu dipompakan menuju ke tangki penerimaan dengan melewati FWS Terlebih dahulu. Rata-rata penerimaan 128 KL/Hari | G7: MAH-RF-007-Eltari | H7: 1 Maret 2023
G8: REFFERENCE DOC. : | H8: MAH Description :
G9: MAH Tahun 2022 | H9: Hydrocarbon release due to Supporting Structure Failure. The release of HC resulting major spill, fire and/or explosion, it leading to serious injury and/or multiple fatalities and environment damage.
C13: PREVENTIVE MEASURES | G13: DETECTION/CONTROL MEASURES
C14: HARDWARE (PLANT)
C15: Barrier | D15: Related to MAE | E15: Status | F15: Detail / Remarks | G15: Barrier | H15: Related to MAE | I15: Status | J15: Detail / Remarks
C16: Pipeline/PLEM/SPM (Design Structural Support) | D16: A,B | E16: 1 | F16: Design untuk stucture support sudah sesuai spesifikasi. | G16: CCTV | H16: A,B | I16: 0.5 | J16: ada 8 CCTV hanya 4 yang berfungsi
C17: Pipeline Specification (Design Material Selection) | D17: A,B | E17: 1 | F17: API 5L Grade B Schedule 80 Dia. 4" | G17: - | H17: - | I17: - | J17: -
C18: SPM/SBM Design & Spesification. | D18: A,B | E18: N/A | F18: Diisikan apakah Sarana Tambat berupa SPM&SBM sudah dibangun sesuai design yang ditetapkan. | G18: - | H18: - | I18: - | J18: -
C19: Corrosion Inhibitor | D19: A,B | E19: N/A | F19: Diisikan apakah terpasang corrosion inhibitor (sacrifice anode) | G19: - | H19: - | I19: - | J19: -
C20: PEOPLE + PROCESS
C21: Barrier | D21: Related to MAE | E21: Status | F21: Detail / Remarks | G21: Barrier | H21: Related to MAE | I21: Status | J21: Detail / Remarks
C22: Program Periodically Inspection | D22: A,B | E22: N/A | F22: Disikan apakah ada program rutin dan periodik inspeksi. Jika diwajibkan ada dokumen COI, pastikan tersedia dokumen COI yang masih berlaku. | G22: Plant / Pipeline Patrol | H22: A,B | I22: 1 | J22: HSSE Patrol
C23: Program pembersihan marine organism secara periodik. | D23: A,B | E23: N/A | F23: Diisikan apakah ada program terjadwal untuk pembersihan structural suport dari karang, teritip dan organisme laut lainnya. | G23: - | H23: - | I23: - | J23: -
C24: Maintenance Structural Support Programe. | D24: A,B | E24: N/A | F24: Diisikan apakah tersedia program pemeriksaan dan pemeliharaan structural support di fasilitas penerimaan. | G24: - | H24: - | I24: - | J24: -
C25: Additional Notes / Concern matter :
C26: (Diisikan jika ada catatan tambahan / informasi penting lainnya terkait assessment preventive & Detect-control barrier yang perlu dijadikan tambahan informasi).
C30: INITIATING EVENT
C32: Hydrocarbon Release / LOPC
C34: MITIGATION MEASURES | G34: EMERGENCY RESPONSE RESOURCES
C35: =C14 -> HARDWARE (PLANT)
C36: Barrier | D36: Related to MAE | E36: Status | F36: Detail / Remarks | G36: Barrier | H36: Related to MAE | I36: Status | J36: Detail / Remarks
C37: Emergency Leak Plug / Emergency Leak control equipment | D37: A | E37: 1 | F37: Tersedia peralatan penanggulangan kebocoran pipa (temporary repair), seperti Clamp, Belzona, resin, peralatan pendukung lainnya. | G37: Emergency Communication (Radio HT) | H37: A,B | I37: 1 | J37: Tersedia Radio Komunikasi / HT sesuai dengan kebutuhan (Jumlah dan spec.) dan berfungsi dengan baik.
C38: Stardarized Electrical System | D38: A | E38: 1 | F38: Apakah Peralatan Listrik di area Penerimaan yang masuk hazardous area sudah sesuai spesifikasi? | G38: Emergency Alarm (Beacon) | H38: A,B | I38: 1 | J38: Tersedia Alarm / lonceng di berbagai titik sebagai emergency Alarm.
C39: Shutdown Valve (SDV) | D39: A | E39: N/A | F39: Terpasang SDV di jalur pipa penerimaan. | G39: Muster Point | H39: A,B | I39: 1 | J39: Tersedia area Muster Point ( rambu dan penunjuk jalur tersedia, visible), jarak cukup jauh dengan sumber api > 100 m,.
C40: Portable Gas Detector | D40: A | E40: 1 | F40: Ada Portable Gas Detector MSA Altair 5X | G40: APD/PPE untuk tumpahan bahan bakar (safety boot, wearpack, masker catridge) | H40: A | I40: 1 | J40: Tersedia safety boot, wearpack dan masker catridge sesuai dengan kebutuhan untuk penanggulangan tumpahan / kebocoran produk.
C41: Fixed Fire & Gas Detector System (FGDS) | D41: A,B | E41: N/A | F41: Terpasang Fixed FGDS di area penerimaan. | G41: Oil Spill Emergency Repsonse (Oil Boom,oil absorbent, skimmer, dll) | H41: A | I41: 1 | J41: Tersedia peralatan penaggulang tumpahan minyak oil Absorbent disetiap kendaraan
C42: Lightning Protection System | D42: B | E42: 1 | F42: Apakah terpasang 1 Unit LPS | G42: Fixed Fire Fighting Equipment/System (Fire Pump, Fire Hydran, Fire Water Line). | H42: B | I42: 1 | J42: Tersedia peralatan penanggulangan kebakaran 1 Unit Fore Pump, termasuk Fire Risk Card sesuai skenario.
C43: Grounding System | D43: B | E43: 1 | F43: Terpasang Grounding system yang cukup danter-instalasi dengan baik. | G43: Mobile emergency Response Eqipment (Fire Truck, Fire Jeep,QRU, LPG Evacuation Unit, Vacuum Truck) | H43: A,B | I43: 1 | J43: tersedia Mobile Equipment Response dan kondisi nya ( 1 Unit Mobile Fire Pump)
C44: Oil Catcher System | D44: A | E44: 1 | F44: Tersedia oil cathcer yang sesuai persyaratan dan spesifikasi. | G44: Generator Set (Genset) untuk Power Supply saat Emergency | H44: B | I44: 1 | J44: Tersedia 2 unit Genset yang siap pakai dan COI nya valid
C45: =C20 -> PEOPLE + PROCESS
C46: Barrier | D46: Related to MAE | E46: Status | F46: Detail / Remarks | G46: Barrier | H46: Related to MAE | I46: Status | J46: Detail / Remarks
C47: Electrical Hazardous Area Classification (EHAC) | D47: A,B | E47: 1 | F47: Pengklasifikasiaan peralatan dan electrical system sesuai hazardous area sudah diterapkan. | G47: Organisasi & Personel Pengendalian Tanggap Darurat yang Kompeten | H47: A,B | I47: 1 | J47: Sudah ditetapkan Organisasi dan Personel Pengendalian Keadaan Darurat setempat.
C48: Security Guard | D48: A,B | E48: 1 | F48: Tersedia personel dan aktivitas pengamanan saat di area penerimaan. | G48: Pedoman Pengendalian Keadaan Darurat | H48: A | I48: 1 | J48: Tersedia Pedoman Pengendalian Keadaan Darurat (PKD) terbaru.
C49: Pipeline ROW (signage, clearence, maintenace). | D49: A,B | E49: 1 | F49: Apakah Pipeline ROW (Righ-of-ways) sudah ditetapkan, diberitanda, dibersihkan dan dilakukan pemeliharaan. | G49: Bussiness Continuity Plan/Management | H49: A,B | I49: 1 | J49: Tersedia dokumen BCP / Skenario RAE.
C50: Prosedur Pengukuran Grounding Secara Periodik | D50: B | E50: 1 | F50: Pompav Buku 4 | G50: - | H50: - | I50: - | J50: -
C51: Additional Notes / Concern matter :
C52: (Diisikan jika ada catatan tambahan / informasi penting lainnya terkait assessment Mitigation & Emergency Plan barrier yang perlu dijadikan tambahan informasi).
C56: MAJOR ACCIDENT EVENT
C57: A | G57: B
C58: Berpotensi terjadinya Flammable Gas Dispersi dari Tumpahan Produk | G58: Berpotensi Terjadinya Kebakaran (Flash / Pool / Jet Fire)
C62: ULTIMATE RISK ASSESSMENT
C63: CONSEQUENCES | F63: SEVERITY LEVEL | G63: LIKELIHOOD | H63: INHERENT RISK
C64: Manusia | D64: ü | F64: ='Initial Risk'!F10 -> 2 | G64: ='Initial Risk'!G10 -> 2 | H64: =F64*G64 -> 4
C65: Environment | D65: ü | F65: (Catastropic) | G65: (Almost / Hampir Pasti Terjadi) | H65: (High)
C66: Financial Impact | D66: ü | F66: SEVERITY LEVEL*2 | G66: LIKELIHOOD*2 | H66: FINAL RISK
C67: Asset & Equipment | D67: ü | F67: 3 | G67: 2 | H67: =F67*G67 -> 6
C68: Notifikasi Publik | D68: ü | F68: (Moderate) | G68: (Moderate / Bisa Terjadi) | H68: (Low to Moderate Risk)
C69: RECOMMENDATION
C70: 1. Disikan Rekomendasi yang sifatnya pemenuhan / perbaikan / penyempurnaan terhadap barrier Preventive , Detect/Control, Mitigasi dan Emergency Response.
C71: 2.
C72: 3.
C73: dst
C75: EVIDENCE SECTION

Sheet RF-08
C2: HYDROCARBON RECEIVING FACILITY
C4: MAJOR ACCIDENT HAZARD
C5: Bad / Extreem Wheather (High waves, windstorm, earthquake)
C6: RECEIVING FACILITY & PROCESS OVERVIEW | G6: MAH REGISTER NO. | H6: DATE:
C7: Produk avtur DPPU Eltari diterima dari FT Tenau dengan jarak tempuh 19,8 Km atau + 29 Menit dengan Total Armada Bridger 3 Unit. DPPU ELtari memiliki 1 fasilitas filling shed penerimaan dan didukung oleh 1 pompa discharge kapasitas 300 Gpm. Produk avtur diterima di filling shed lalu dipompakan menuju ke tangki penerimaan dengan melewati FWS Terlebih dahulu. Rata-rata penerimaan 128 KL/Hari | G7: MAH-RF-008-Eltari | H7: 1 Maret 2023
G8: REFFERENCE DOC. : | H8: MAH Description :
G9: MAH Tahun 2022 | H9: Hydrocarbon release due to bad/extreem wheather. The release of HC resulting major spill, fire and/or explosion, it leading to serious injury and/or multiple fatalities and environment damage.
C13: PREVENTIVE MEASURES | G13: DETECTION/CONTROL MEASURES
C14: HARDWARE (PLANT)
C15: Barrier | D15: Related to MAE | E15: Status | F15: Detail / Remarks | G15: Barrier | H15: Related to MAE | I15: Status | J15: Detail / Remarks
C16: Pipeline (Signage & marker) | D16: A,B | E16: 1 | F16: marker dan signage di pipeline ref Pompav Buku 4 | G16: CCTV | H16: A,B | I16: 0.5 | J16: CCTV ada 8 titik 4 dalam kondisi mati
C17: Pipeline/PLEM/SPM (Design Structural Support) | D17: A,B | E17: 1 | F17: Apakah design untuk stucture support sudah sesuai spesifikasi. | G17: - | H17: - | I17: - | J17: -
C18: Navigation Kit & Device | D18: A,B | E18: N/A | F18: Apakah tersedia navigation kit (Fog signal, lobstruction light, Reflektor, SBNP). | G18: - | H18: - | I18: - | J18: -
C19: Breakaway Coupling | D19: A,B | E19: N/A | F19: Apakah terpasang breakaway coupling terhadap sarana penerimaan. | G19: - | H19: - | I19: - | J19: -
C20: SPM/SBM Design & Spesification. | D20: A,B | E20: N/A | F20: Diisikan apakah Sarana Tambat berupa SPM&SBM sudah dibangun sesuai design yang ditetapkan. | G20: - | H20: - | I20: - | J20: -
C21: PEOPLE + PROCESS
C22: Barrier | D22: Related to MAE | E22: Status | F22: Detail / Remarks | G22: Barrier | H22: Related to MAE | I22: Status | J22: Detail / Remarks
C23: Program Periodically Inspection | D23: A,B | E23: - | F23: Disikan apakah ada program rutin dan periodik inspeksi. Jika diwajibkan ada dokumen COI, pastikan tersedia dokumen COI yang masih berlaku. | G23: Plant / Pipeline Patrol | H23: A,B | I23: 1 | J23: HSSE PATROL
C24: Prosedur Penerimaan Produk | D24: A,B | E24: - | F24: Diisikan apakah tersedia prosedur penerimaan produk yang ter-update. | G24: - | H24: - | I24: - | J24: -
C25: Prosedur Ship Approching | D25: A,B | E25: N/A | F25: Diisikan apakah tersedia prosedur Ship approching yang ter-update dan dijalankan (yang memuat batasan kondisi operasi i.e kecepatan kapal, arah dan kecepatan arus laut & angin). | G25: - | H25: - | I25: - | J25: -
C26: Prosedur Ship Transfer | D26: A,B | E26: N/A | F26: Diisikan apakah tersedia prosedur Ship transfer yang ter-update dan dijalankan. | G26: - | H26: - | I26: - | J26: -
C27: Pipeline ROW (signage, clearence, maintenace). | D27: A,B | E27: N/A | F27: Apakah Pipeline ROW (Righ-of-ways) sudah ditetapkan, diberitanda, dibersihkan dan dilakukan pemeliharaan. | G27: - | H27: - | I27: - | J27: -
C28: Community Engagement di area facility & ROW pipeline. | D28: A,B | E28: N/A | F28: Apakah ada program pelibatan komunitas di sekitar fasilitas penerimaan. | G28: - | H28: - | I28: - | J28: -
C29: Penentuan Daerah Terbatas & Terlarang (restricted area declaration) | D29: A,B | E29: 1 | F29: Apakah ada SK / penetapan Daerah terbatas & terlarang dari otoritas. | G29: - | H29: - | I29: - | J29: -
C30: Housekeeping Programme | D30: A,B | E30: 1 | F30: Housekeeping Programme | G30: - | H30: - | I30: - | J30: -
C31: Additional Notes / Concern matter :
C32: (Diisikan jika ada catatan tambahan / informasi penting lainnya terkait assessment preventive & Detect-control barrier yang perlu dijadikan tambahan informasi).
C36: INITIATING EVENT
C38: Hydrocarbon Release / LOPC
C40: MITIGATION MEASURES | G40: EMERGENCY RESPONSE RESOURCES
C41: =C14 -> HARDWARE (PLANT)
C42: Barrier | D42: Related to MAE | E42: Status | F42: Detail / Remarks | G42: Barrier | H42: Related to MAE | I42: Status | J42: Detail / Remarks
C43: Emergency Leak Plug / Emergency Leak control equipment | D43: A | E43: 1 | F43: Tersedia peralatan penanggulangan kebocoran pipa (temporary repair), seperti Clamp, Belzona, resin, peralatan pendukung lainnya. | G43: Emergency Communication (Radio HT) | H43: A,B | I43: 1 | J43: Tersedia Radio Komunikasi / HT sesuai dengan kebutuhan (Jumlah dan spec.) dan berfungsi dengan baik.
C44: Stardarized Electrical System | D44: A | E44: 1 | F44: Apakah Peralatan Listrik di area Penerimaan yang masuk hazardous area sudah sesuai spesifikasi? | G44: Emergency Alarm (Beacon) | H44: A,B | I44: 1 | J44: Tersedia Alarm / lonceng di berbagai titik sebagai emergency Alarm.
C45: Shutdown Valve (SDV) | D45: A | E45: N/A | F45: Terpasang SDV di jalur pipa penerimaan. | G45: Muster Point | H45: A,B | I45: 1 | J45: Tersedia area Muster Point ( rambu dan penunjuk jalur tersedia, visible), jarak cukup jauh dengan sumber api > 100 m,.
C46: Portable Gas Detector | D46: A | E46: 1 | F46: Ada Portable Gas Detector MSA Altair 5X | G46: APD/PPE untuk tumpahan bahan bakar (safety boot, wearpack, masker catridge) | H46: A | I46: 1 | J46: Tersedia safety boot, wearpack dan masker catridge sesuai dengan kebutuhan untuk penanggulangan tumpahan / kebocoran produk.
C47: Fixed Fire & Gas Detector System (FGDS) | D47: A,B | E47: N/A | F47: Terpasang Fixed FGDS di area penerimaan. | G47: Oil Spill Emergency Repsonse (Oil Boom,oil absorbent, skimmer, dll) | H47: A | I47: 1 | J47: Tersedia peralatan penaggulang tumpahan minyak oil Absorbent disetiap kendaraan
C48: Lightning Protection System | D48: B | E48: 1 | F48: Apakah terpasang 1 Unit LPS | G48: Fixed Fire Fighting Equipment/System (Fire Pump, Fire Hydran, Fire Water Line). | H48: B | I48: 1 | J48: Tersedia peralatan penanggulangan kebakaran 1 Unit Fore Pump, termasuk Fire Risk Card sesuai skenario.
C49: Grounding System | D49: B | E49: 1 | F49: Terpasang Grounding system yang cukup danter-instalasi dengan baik. | G49: Mobile emergency Response Eqipment (Fire Truck, Fire Jeep,QRU, LPG Evacuation Unit, Vacuum Truck) | H49: A,B | I49: 1 | J49: tersedia Mobile Equipment Response dan kondisi nya ( 1 Unit Mobile Fire Pump)
C50: Oil Catcher System | D50: A | E50: 1 | F50: Tersedia oil cathcer yang sesuai persyaratan dan spesifikasi. | G50: Generator Set (Genset) untuk Power Supply saat Emergency | H50: B | I50: 1 | J50: Tersedia 2 unit Genset yang siap pakai dan COI nya valid
C51: =C21 -> PEOPLE + PROCESS
C52: Barrier | D52: Related to MAE | E52: Status | F52: Detail / Remarks | G52: Barrier | H52: Related to MAE | I52: Status | J52: Detail / Remarks
C53: Electrical Hazardous Area Classification (EHAC) | D53: A,B | E53: 1 | F53: Pengklasifikasiaan peralatan dan electrical system sesuai hazardous area sudah diterapkan. | G53: Organisasi & Personel Pengendalian Tanggap Darurat yang Kompeten | H53: A,B | I53: 1 | J53: Sudah ditetapkan Organisasi dan Personel Pengendalian Keadaan Darurat setempat.
C54: Security Guard | D54: A,B | E54: 1 | F54: Tersedia personel dan aktivitas pengamanan saat di area penerimaan. | G54: Pedoman Pengendalian Keadaan Darurat | H54: A | I54: 1 | J54: Tersedia Pedoman Pengendalian Keadaan Darurat (PKD) terbaru.
C55: Pipeline ROW (signage, clearence, maintenace). | D55: A,B | E55: 1 | F55: Apakah Pipeline ROW (Righ-of-ways) sudah ditetapkan, diberitanda, dibersihkan dan dilakukan pemeliharaan. | G55: Bussiness Continuity Plan/Management | H55: A,B | I55: 1 | J55: Tersedia dokumen BCP / Skenario RAE.
C56: Prosedur Pengukuran Grounding Secara Periodik | D56: B | E56: 1 | F56: Pompav Buku 4 | G56: - | H56: - | I56: - | J56: -
C57: Additional Notes / Concern matter :
C58: (Diisikan jika ada catatan tambahan / informasi penting lainnya terkait assessment Mitigation & Emergency Plan barrier yang perlu dijadikan tambahan informasi).
C62: MAJOR ACCIDENT EVENT
C63: A | G63: B
C64: Berpotensi terjadinya Flammable Gas Dispersi dari Tumpahan Produk | G64: Berpotensi Terjadinya Kebakaran (Flash / Pool / Jet Fire)
C68: ULTIMATE RISK ASSESSMENT
C69: CONSEQUENCES | F69: SEVERITY LEVEL | G69: LIKELIHOOD | H69: INHERENT RISK
C70: Manusia | D70: ü | F70: ='Initial Risk'!F11 -> 3 | G70: ='Initial Risk'!G11 -> 3 | H70: =F70*G70 -> 9
C71: Environment | D71: ü | F71: (Catastropic) | G71: (Almost / Hampir Pasti Terjadi) | H71: (High)
C72: Financial Impact | D72: ü | F72: SEVERITY LEVEL*2 | G72: LIKELIHOOD*2 | H72: FINAL RISK
C73: Asset & Equipment | D73: ü | F73: 4 | G73: 2 | H73: =F73*G73 -> 8
C74: Notifikasi Publik | D74: ü | F74: (Significant) | G74: (Moderate / Bisa Terjadi) | H74: (Low to Moderate Risk)
C75: RECOMMENDATION
C76: 1. Disikan Rekomendasi yang sifatnya pemenuhan / perbaikan / penyempurnaan terhadap barrier Preventive , Detect/Control, Mitigasi dan Emergency Response.
C77: 2.
C78: 3.
C79: dst
C81: EVIDENCE SECTION

Sheet Status Barrier
B1: Segregasi Status Barrier
B4: Deskripsi Barrier | C4: Kategori Barrier | D4: 0 | E4: 0.25 | F4: 0.5 | G4: 0.75 | H4: 1
B5: Design Material Selection | C5: Plant Barrier | D5: Spesifikasi peralatan / fasilitas yang dilakukan assessment tidak sesuai dengan standar desain yang dijadikan acuan. | E5: Spesifikasi peralatan / fasilitas yang dilakukan assessment sudah tidak sesuai dengan standar desain yang dijadikan acuan yang diakibatkan adanya perubahan/pergantian/pemeliharaan selama masa operasi peralatan / fasilitas. | F5: Nil | G5: Spesifikasi peralatan / fasilitas pada saat dilakukan assessment masih sesuai dengan standar desain yang dijadikan acuan, namun tidak tersedia engineering document yang update. | H5: Spesifikasi peralatan / fasilitas pada saat dilakukan assessment masih sesuai dengan standar desain yang dijadikan acuan, dan tersedia engineering document yang update.
B6: Internal / Eksternal Coating | C6: Plant Barrier | D6: Tidak terdapat barrier yang dimaksud pada peralatan / fasilitas yang dilakukan assessment. | E6: Terdapat barrier yang dimaksud pada peralatan / fasilitas saat dilakukan assessment, namun tidak ada dokumen prosedur / Instruksi kerja untuk memastikan kondisi barrier dilakukan pemeriksaan / inspeksi / pemeliharaan. | F6: Terdapat barrier yang dimaksud pada peralatan / fasilitas saat dilakukan assessment, tersedia dokumen prosedur / Instruksi kerja untuk memastikan kondisi barrier dilakukan pemeriksaan / inspeksi / pemeliharaan, namun prosedur tersebut tidak diimplementasikan. | G6: Terdapat barrier yang dimaksud pada peralatan / fasilitas saat dilakukan assessment, dan tersedia dokumen pendukung (prosedur / catatan / rekaman pemeriksaan). Namun Prosedur belum direview/revisi > 3 tahun dan/atau pemeriksaan kondisi barrier < 100% populasi. | H6: Terdapat barrier yang dimaksud pada peralatan / fasilitas saat dilakukan assessment, dan tersedia dokumen pendukung (prosedur / catatan / rekaman pemeriksaan). Prosedur sudah direview/revisi < 3 tahun dan pemeriksaan kondisi barrier dilakukan pada 100% populasi peralatan / fasilitas..
B7: Cathodic Protection | C7: Plant Barrier | D7: Tidak terdapat barrier yang dimaksud pada peralatan / fasilitas yang dilakukan assessment. | E7: Terdapat barrier yang dimaksud pada peralatan / fasilitas saat dilakukan assessment, namun tidak ada dokumen prosedur / Instruksi kerja untuk memastikan kondisi barrier dilakukan pemeriksaan / inspeksi / pemeliharaan. | F7: Terdapat barrier yang dimaksud pada peralatan / fasilitas saat dilakukan assessment, tersedia dokumen prosedur / Instruksi kerja untuk memastikan kondisi barrier dilakukan pemeriksaan / inspeksi / pemeliharaan, namun prosedur tersebut tidak diimplementasikan. | G7: Terdapat barrier yang dimaksud pada peralatan / fasilitas saat dilakukan assessment, dan tersedia dokumen pendukung (prosedur / catatan / rekaman pemeriksaan). Namun Prosedur belum direview/revisi > 3 tahun dan/atau pemeriksaan kondisi barrier < 100% populasi. | H7: Terdapat barrier yang dimaksud pada peralatan / fasilitas saat dilakukan assessment, dan tersedia dokumen pendukung (prosedur / catatan / rekaman pemeriksaan). Prosedur sudah direview/revisi < 3 tahun dan pemeriksaan kondisi barrier dilakukan pada 100% populasi.
B8: Corrosion Inhibitor | C8: Plant Barrier | D8: Tidak terdapat barrier yang dimaksud pada peralatan / fasilitas yang dilakukan assessment. | E8: Terdapat barrier yang dimaksud pada peralatan / fasilitas saat dilakukan assessment, namun tidak ada dokumen prosedur / Instruksi kerja untuk memastikan kondisi barrier dilakukan pemeriksaan / inspeksi / pemeliharaan. | F8: Terdapat barrier yang dimaksud pada peralatan / fasilitas saat dilakukan assessment, tersedia dokumen prosedur / Instruksi kerja untuk memastikan kondisi barrier dilakukan pemeriksaan / inspeksi / pemeliharaan, namun prosedur tersebut tidak diimplementasikan. | G8: Terdapat barrier yang dimaksud pada peralatan / fasilitas saat dilakukan assessment, dan tersedia dokumen pendukung (prosedur / catatan / rekaman pemeriksaan). Namun Prosedur belum direview/revisi > 3 tahun dan/atau pemeriksaan kondisi barrier < 100% populasi. | H8: Terdapat barrier yang dimaksud pada peralatan / fasilitas saat dilakukan assessment, dan tersedia dokumen pendukung (prosedur / catatan / rekaman pemeriksaan). Prosedur sudah direview/revisi < 3 tahun dan pemeriksaan kondisi barrier dilakukan pada 100% populasi peralatan / fasilitas.
B9: Program Periodically Inspection | C9: People/Process Barrier | D9: Barrier berupa program/prosedur/aktivitas/kegiatan tidak ada di lokasi yang dilakukan assessment. | E9: Barrier berupa program/prosedur/aktivitas/kegiatan ada di lokasi yang dilakukan assessment, Namun tidak terdapat Prosedur kerja terkait barrier tersebut. | F9: Barrier berupa program/prosedur/aktivitas/kegiatan ada di lokasi yang dilakukan assessment dan terdapat Prosedur kerja terkait barrier tersebut namun prosedur tersebut tidak diimplementasikan. | G9: Barrier berupa program/prosedur/aktivitas/kegiatan ada di lokasi yang dilakukan assessment, terdapat Prosedur kerja terkait barrier tersebut dan dijalankan, namun Prosedur belum direview/revisi > 3 tahun dan/atau pelaksanaannya barrier < 100% populasi peralatan / fasilitas. | H9: Barrier berupa program/prosedur/aktivitas/kegiatan ada di lokasi yang dilakukan assessment, terdapat Prosedur kerja terkait barrier tersebut dan dijalankan, rosedur sudah direview/revisi < 3 tahun dan pelaksaan barrier dilakukan pada 100% populasi peralatan / fasilitas.
B10: Program Integrity Management / Risk Based Inspection Program (RBI) | C10: People/Process Barrier | D10: Barrier berupa program/prosedur/aktivitas/kegiatan tidak ada di lokasi yang dilakukan assessment. | E10: Barrier berupa program/prosedur/aktivitas/kegiatan ada di lokasi yang dilakukan assessment, Namun tidak terdapat Prosedur kerja terkait barrier tersebut. | F10: Barrier berupa program/prosedur/aktivitas/kegiatan ada di lokasi yang dilakukan assessment dan terdapat Prosedur kerja terkait barrier tersebut namun prosedur tersebut tidak diimplementasikan. | G10: Barrier berupa program/prosedur/aktivitas/kegiatan ada di lokasi yang dilakukan assessment, terdapat Prosedur kerja terkait barrier tersebut dan dijalankan, namun Prosedur belum direview/revisi > 3 tahun dan/atau pelaksanaannya barrier < 100% populasi peralatan / fasilitas. | H10: Barrier berupa program/prosedur/aktivitas/kegiatan ada di lokasi yang dilakukan assessment, terdapat Prosedur kerja terkait barrier tersebut dan dijalankan, rosedur sudah direview/revisi < 3 tahun dan pelaksaan barrier dilakukan pada 100% populasi peralatan / fasilitas.
B11: Pipeline Pigging Program | C11: People/Process Barrier | D11: Barrier berupa program/prosedur/aktivitas/kegiatan tidak ada di lokasi yang dilakukan assessment. | E11: Barrier berupa program/prosedur/aktivitas/kegiatan ada di lokasi yang dilakukan assessment, Namun tidak terdapat Prosedur kerja terkait barrier tersebut. | F11: Barrier berupa program/prosedur/aktivitas/kegiatan ada di lokasi yang dilakukan assessment dan terdapat Prosedur kerja terkait barrier tersebut namun prosedur tersebut tidak diimplementasikan. | G11: Barrier berupa program/prosedur/aktivitas/kegiatan ada di lokasi yang dilakukan assessment, terdapat Prosedur kerja terkait barrier tersebut dan dijalankan, namun Prosedur belum direview/revisi > 3 tahun dan/atau pelaksanaannya barrier < 100% populasi peralatan / fasilitas. | H11: Barrier berupa program/prosedur/aktivitas/kegiatan ada di lokasi yang dilakukan assessment, terdapat Prosedur kerja terkait barrier tersebut dan dijalankan, rosedur sudah direview/revisi < 3 tahun dan pelaksaan barrier dilakukan pada 100% populasi.
B12: Programme Condition Monitoring (for rotating Equipment) / LTSA | C12: People/Process Barrier | D12: Barrier berupa program/prosedur/aktivitas/kegiatan tidak ada di lokasi yang dilakukan assessment. | E12: Barrier berupa program/prosedur/aktivitas/kegiatan ada di lokasi yang dilakukan assessment, Namun tidak terdapat Prosedur kerja terkait barrier tersebut. | F12: Barrier berupa program/prosedur/aktivitas/kegiatan ada di lokasi yang dilakukan assessment dan terdapat Prosedur kerja terkait barrier tersebut namun prosedur tersebut tidak diimplementasikan. | G12: Barrier berupa program/prosedur/aktivitas/kegiatan ada di lokasi yang dilakukan assessment, terdapat Prosedur kerja terkait barrier tersebut dan dijalankan, namun Prosedur belum direview/revisi > 3 tahun dan/atau pelaksanaannya barrier < 100% populasi peralatan / fasilitas. | H12: Barrier berupa program/prosedur/aktivitas/kegiatan ada di lokasi yang dilakukan assessment, terdapat Prosedur kerja terkait barrier tersebut dan dijalankan, rosedur sudah direview/revisi < 3 tahun dan pelaksaan barrier dilakukan pada 100% populasi peralatan / fasilitas.
B13: Housekeeping Programme | C13: People/Process Barrier | D13: Barrier berupa program/prosedur/aktivitas/kegiatan tidak ada di lokasi yang dilakukan assessment. | E13: Barrier berupa program/prosedur/aktivitas/kegiatan ada di lokasi yang dilakukan assessment, Namun tidak terdapat Prosedur kerja terkait barrier tersebut. | F13: Barrier berupa program/prosedur/aktivitas/kegiatan ada di lokasi yang dilakukan assessment dan terdapat Prosedur kerja terkait barrier tersebut namun prosedur tersebut tidak diimplementasikan. | G13: Barrier berupa program/prosedur/aktivitas/kegiatan ada di lokasi yang dilakukan assessment, terdapat Prosedur kerja terkait barrier tersebut dan dijalankan, namun Prosedur belum direview/revisi > 3 tahun dan/atau pelaksanaannya barrier < 100% populasi peralatan / fasilitas. | H13: Barrier berupa program/prosedur/aktivitas/kegiatan ada di lokasi yang dilakukan assessment, terdapat Prosedur kerja terkait barrier tersebut dan dijalankan, rosedur sudah direview/revisi < 3 tahun dan pelaksaan barrier dilakukan pada 100% populasi peralatan / fasilitas.
B14: CCTV | C14: Plant Barrier | D14: Barrier tidak ada / tidak terpasang. | E14: Barrier ada, namun tidak ada prosedur pemeriksaan / pemeliharaan terhadap barrier tersebut. | F14: Barrier ada, prosedur pemeriksaan/pemeliharaan tersedia,namun prosedur tidak lengkap dan/atau tidak update (> 3 tahun tidak direview). | G14: Barrier ada, prosedur pemeriksaan/pemeliharaan tersedia, lengkap dan update, namun fungsi barrier tidak sesuai acceptance criteria (Performance standar). | H14: Barrier ada, prosedur pemeriksaan/pemeliharaan tersedia, lengkap dan update, semua acceptance criteria (Performance standar) terpenuhi.
B15: Pipeline Leak Detection | C15: People/Process Barrier | D15: Barrier berupa program/prosedur/aktivitas/kegiatan tidak ada di lokasi yang dilakukan assessment. | E15: Barrier berupa program/prosedur/aktivitas/kegiatan ada di lokasi yang dilakukan assessment, Namun tidak terdapat Prosedur kerja terkait barrier tersebut. | F15: Barrier berupa program/prosedur/aktivitas/kegiatan ada di lokasi yang dilakukan assessment dan terdapat Prosedur kerja terkait barrier tersebut namun prosedur tersebut tidak diimplementasikan. | G15: Barrier berupa program/prosedur/aktivitas/kegiatan ada di lokasi yang dilakukan assessment, terdapat Prosedur kerja terkait barrier tersebut dan dijalankan, namun Prosedur belum direview/revisi > 3 tahun dan/atau pelaksanaannya barrier < 100% populasi peralatan / fasilitas. | H15: Barrier berupa program/prosedur/aktivitas/kegiatan ada di lokasi yang dilakukan assessment, terdapat Prosedur kerja terkait barrier tersebut dan dijalankan, rosedur sudah direview/revisi < 3 tahun dan pelaksaan barrier dilakukan pada 100% populasi peralatan / fasilitas.
B16: Plant / Pipeline Patrol | C16: People/Process Barrier | D16: Barrier berupa program/prosedur/aktivitas/kegiatan tidak ada di lokasi yang dilakukan assessment. | E16: Barrier berupa program/prosedur/aktivitas/kegiatan ada di lokasi yang dilakukan assessment, Namun tidak terdapat Prosedur kerja terkait barrier tersebut. | F16: Barrier berupa program/prosedur/aktivitas/kegiatan ada di lokasi yang dilakukan assessment dan terdapat Prosedur kerja terkait barrier tersebut namun prosedur tersebut tidak diimplementasikan. | G16: Barrier berupa program/prosedur/aktivitas/kegiatan ada di lokasi yang dilakukan assessment, terdapat Prosedur kerja terkait barrier tersebut dan dijalankan, namun Prosedur belum direview/revisi > 3 tahun dan/atau pelaksanaannya barrier < 100% populasi peralatan / fasilitas. | H16: Barrier berupa program/prosedur/aktivitas/kegiatan ada di lokasi yang dilakukan assessment, terdapat Prosedur kerja terkait barrier tersebut dan dijalankan, rosedur sudah direview/revisi < 3 tahun dan pelaksaan barrier dilakukan pada 100% populasi peralatan / fasilitas.
... B81: Prosedur / Klausul Pengoperasian Tangki timbun Saat Cuaca Buruk | C81: People/Process Barrier | D81: Barrier berupa program/prosedur/aktivitas/kegiatan tidak ada di lokasi yang dilakukan assessment. | E81: Barrier berupa program/prosedur/aktivitas/kegiatan ada di lokasi yang dilakukan assessment, Namun tidak terdapat Prosedur kerja terkait barrier tersebut. | F81: Barrier berupa program/prosedur/aktivitas/kegiatan ada di lokasi yang dilakukan assessment dan terdapat Prosedur kerja terkait barrier tersebut namun prosedur tersebut tidak diimplementasikan. | G81: Barrier berupa program/prosedur/aktivitas/kegiatan ada di lokasi yang dilakukan assessment, terdapat Prosedur kerja terkait barrier tersebut dan dijalankan, namun Prosedur belum direview/revisi > 3 tahun dan/atau pelaksanaannya barrier < 100% populasi kegiatan. | H81: Barrier berupa program/prosedur/aktivitas/kegiatan ada di lokasi yang dilakukan assessment, terdapat Prosedur kerja terkait barrier tersebut dan dijalankan, rosedur sudah direview/revisi < 3 tahun dan pelaksaan barrier dilakukan pada 100% populasi kegiatan.

Sheet SF-01
C2: HYDROCARBON STORAGE FACILITY
C4: MAJOR ACCIDENT HAZARD
C5: Internal / Eksternal Corrosion
C6: STORAGE FACILITY & PROCESS OVERVIEW | G6: MAH REGISTER NO. | H6: DATE:
C7: Total Tangki Tiimbun DPPU Eltari ada 7 Tangki Timbun. Tangki 01-04 Kapasitas 50KL Produk Avtur, Tangki No 05 Kapsitas 100 KL Produk Avtur, Tangki No.06 Kapasitas 500 KL Produk Avtur dan Tangki Own Use Solar Kapasitas 12 KL | G7: MAH-SF-001-DPPU Eltari | H7: 11 mei 2023
G8: REFFERENCE DOC. : | H8: MAH Description :
G9: (Diisikan dokumen reference i.e HAZOP Study, OGB Risk Register, Historical Data, etc). | H9: Hydrocarbon release due to Storage facility corrosion (internal and/or eksternal). The release of HC resulting major spill, fire and/or explosion, it leading to serious injury and/or multiple fatalities and environment damage.
C13: PREVENTIVE MEASURES | G13: DETECTION/CONTROL MEASURES
C14: HARDWARE (PLANT)
C15: Barrier | D15: Related to MAE | E15: Status | F15: Detail / Remarks | G15: Barrier | H15: Related to MAE | I15: Status | J15: Detail / Remarks
C16: Tank Storage Specification (Design Material Selection) | D16: A,B | E16: - | F16: Diisikan data material desain untuk tangki timbun produk apakah sudah sesuai dengan standar yang berlaku dan ditetapkan. | G16: CCTV | H16: A,B | I16: 0.5 | J16: CCTV ada 8 titik 4 dalam kondisi mati
C17: Tank Storage Specification (Internal/ External Coating) | D17: A,B | E17: - | F17: Diisikan data ada atau tidak internal/eksternal coating pada tangki timbun produk. | G17: Sumur Pantau | H17: A | I17: 1 | J17: DPPU Eltari memiliki 3 Sumur Pantau
C18: Tank Storage Specification (Cathodic Protection) | D18: A,B | E18: N/A | F18: Diisikan data terpasang atau tidak cathodic protection pada tangki timbun produk. | G18: - | H18: - | I18: - | J18: -
C19: Tank Storage Specification (Corrosion Inhibitor) | D19: A,B | E19: N/A | F19: Diisikan apakah terpasang corrosion inhibitor (sacrifice anode) pada fasilitas penimbunan. | G19: - | H19: - | I19: - | J19: -
C20: PEOPLE + PROCESS
C21: Barrier | D21: Related to MAE | E21: Status | F21: Detail / Remarks | G21: Barrier | H21: Related to MAE | I21: Status | J21: Detail / Remarks
C22: Program Periodically Inspection | D22: A,B | E22: 1 | F22: Disikan apakah ada program rutin dan periodik inspeksi. Jika diwajibkan ada dokumen COI, pastikan tersedia dokumen COI yang masih berlaku. | G22: Plant / Pipeline Patrol | H22: A,B | I22: 1 | J22: Pemeriksaan jalur Pipa Rutin setiap beberapa waktu
C23: Program Integrity Management / Risk Based Inspection Program (RBI) | D23: A,B | E23: - | F23: Diisikan apakah program RBI asudah berjalan di lokasi | G23: - | H23: - | I23: - | J23: -
C24: Housekeeping Programme | D24: A,B | E24: - | F24: Housekeeping Programme | G24: - | H24: - | I24: - | J24: -
C25: Additional Notes / Concern matter :
C26: (Diisikan jika ada catatan tambahan / informasi penting lainnya terkait assessment preventive & Detect-control barrier yang perlu dijadikan tambahan informasi).
C30: INITIATING EVENT
C32: Hydrocarbon Release / LOPC
C34: MITIGATION MEASURES | G34: EMERGENCY RESPONSE RESOURCES
C35: =C14 -> HARDWARE (PLANT)
C36: Barrier | D36: Related to MAE | E36: Status | F36: Detail / Remarks | G36: Barrier | H36: Related to MAE | I36: Status | J36: Detail / Remarks
C37: Emergency Leak Plug / Emergency Leak control equipment | D37: A | E37: 1 | F37: Tersedia peralatan penanggulangan kebocoran pipa (temporary repair), seperti Clamp, Belzona, resin, peralatan pendukung lainnya. | G37: Emergency Communication (Radio HT) | H37: A,B | I37: 1 | J37: Tersedia Radio Komunikasi / HT sesuai dengan kebutuhan (Jumlah dan spec.) dan berfungsi dengan baik.
C38: Stardarized Electrical System | D38: A | E38: 1 | F38: Apakah Peralatan Listrik di area Penerimaan yang masuk hazardous area sudah sesuai spesifikasi? | G38: Emergency Alarm (Beacon) | H38: A,B | I38: 1 | J38: Tersedia Alarm / lonceng di berbagai titik sebagai emergency Alarm.
C39: Shutdown Valve (SDV) | D39: A | E39: N/A | F39: Terpasang SDV di jalur pipa penerimaan. | G39: Muster Point | H39: A,B | I39: 1 | J39: Tersedia area Muster Point ( rambu dan penunjuk jalur tersedia, visible), jarak cukup jauh dengan sumber api > 100 m,.
C40: Portable Gas Detector | D40: A | E40: 1 | F40: Ada Portable Gas Detector MSA Altair 5X | G40: APD/PPE untuk tumpahan bahan bakar (safety boot, wearpack, masker catridge) | H40: A | I40: 1 | J40: Tersedia safety boot, wearpack dan masker catridge sesuai dengan kebutuhan untuk penanggulangan tumpahan / kebocoran produk.
C41: Fixed Fire & Gas Detector System (FGDS) | D41: A,B | E41: N/A | F41: Terpasang Fixed FGDS di area penerimaan. | G41: Oil Spill Emergency Repsonse (Oil Boom,oil absorbent, skimmer, dll) | H41: A | I41: 1 | J41: Tersedia peralatan penaggulang tumpahan minyak oil Absorbent disetiap kendaraan
C42: Bundwall System | D42: A | E42: 1 | F42: Tangki memiliki Bundwall | G42: Fixed Fire Fighting Equipment/System (Fire Pump, Fire Hydran, Fire Water Line). | H42: B | I42: 1 | J42: Tersedia peralatan penanggulangan kebakaran 1 Unit Fore Pump, termasuk Fire Risk Card sesuai skenario.
C43: Cooling system (spray/springkler system) | D43: B | E43: 1 | F43: Sprinkler Terpasang pada T 06 sedangkan T 01-T05 Tangki Semi Burried | G43: Mobile emergency Response Eqipment (Fire Truck, Fire Jeep,QRU, LPG Evacuation Unit, Vacuum Truck) | H43: A,B | I43: 1 | J43: tersedia Mobile Equipment Response dan kondisi nya ( 1 Unit Mobile Fire Pump)
C44: Lightning Protection System | D44: B | E44: 1 | F44: Terpasang 1 Unit Lightning Protection | G44: Fixed Foam Protection System | H44: A,B | I44: N/A | J44: Tidak ada
C45: Grounding System | D45: B | E45: 1 | F45: Terpasang Grounding system yang cukup danter-instalasi dengan baik. | G45: Generator Set (Genset) untuk Power Supply saat Emergency | H45: B | I45: 1 | J45: Tersedia 2 unit Genset yang siap pakai dan COI nya valid
C46: Oil Catcher System | D46: A | E46: 1 | F46: Tersedia oil cathcer yang sesuai persyaratan dan spesifikasi. | G46: - | H46: - | I46: - | J46: -
C47: =C20 -> PEOPLE + PROCESS
C48: Barrier | D48: Related to MAE | E48: Status | F48: Detail / Remarks | G48: Barrier | H48: Related to MAE | I48: Status | J48: Detail / Remarks
C49: Electrical Hazardous Area Classification (EHAC) | D49: A,B | E49: - | F49: Pengklasifikasiaan peralatan dan electrical system sesuai hazardous area sudah diterapkan. | G49: Organisasi & Personel Pengendalian Tanggap Darurat yang Kompeten | H49: A,B | I49: 1 | J49: Sudah ditetapkan Organisasi dan Personel Pengendalian Keadaan Darurat setempat.
C50: Security Guard | D50: A,B | E50: 1 | F50: Tersedia personel dan aktivitas pengamanan yang meng-cover area penyimpanan produk. | G50: Pedoman Pengendalian Keadaan Darurat | H50: A | I50: 1 | J50: Tersedia Pedoman Pengendalian Keadaan Darurat (PKD) terbaru.
C51: Aturan jarak aman antar tangki (Tank Spacing) | D51: A,B | E51: 1 | F51: Jarak aman antar tangki, tangki ke bangunan terpenuhi sesuai pedoman/standar yang dijadikan referensi. | G51: Bussiness Continuity Plan/Management | H51: A,B | I51: 1 | J51: Tersedia dokumen BCP / Skenario RAE.
C52: Aturan Safety Distance | D52: A,B | E52: 1 | F52: Jarak aman dengan fasilitas, jalan umum, dan bangunan penting terpenuhi. | G52: - | H52: - | I52: - | J52: -
C53: Prosedur Isolation dan Pengendalian Produk (Manual Operasi Intertank) | D53: A,B | E53: - | F53: Diisikan Nomer dokumen untuk melakukan manual operasi intertank. | G53: - | H53: - | I53: - | J53: -
C54: Prosedur Pengosongan Tanki | D54: A | E54: - | F54: Diisikan Nomer dokumen untuk melakukan prosedur pengosongan tangki yang mengalami korosi. | G54: - | H54: - | I54: - | J54: -
C55: Additional Notes / Concern matter :
C56: (Diisikan jika ada catatan tambahan / informasi penting lainnya terkait assessment Mitigation & Emergency Plan barrier yang perlu dijadikan tambahan informasi).
C60: MAJOR ACCIDENT EVENT
C61: A | G61: B
C62: Berpotensi terjadinya Flammable Gas Dispersi dari Tumpahan Produk | G62: Berpotensi Terjadinya Kebakaran (Flash / Pool / Jet Fire)
C66: ULTIMATE RISK ASSESSMENT
C67: CONSEQUENCES | F67: SEVERITY LEVEL | G67: LIKELIHOOD | H67: INHERENT RISK
C68: Manusia | D68: ü | F68: ='Initial Risk'!F12 -> 3 | G68: ='Initial Risk'!G12 -> 2 | H68: =F68*G68 -> 6
C69: Environment | D69: ü | F69: (Catastropic) | G69: (Almost / Hampir Pasti Terjadi) | H69: (High)
C70: Financial Impact | D70: ü | F70: SEVERITY LEVEL*2 | G70: LIKELIHOOD*2 | H70: FINAL RISK
C71: Asset & Equipment | D71: ü | F71: 2 | G71: 1 | H71: =F71*G71 -> 2
C72: Notifikasi Publik | D72: ü | F72: (Minor) | G72: (Rare/Hampir tdk mkn terjadi) | H72: (Low to Moderate Risk)
C73: RECOMMENDATION
C74: 1. Disikan Rekomendasi yang sifatnya pemenuhan / perbaikan / penyempurnaan terhadap barrier Preventive , Detect/Control, Mitigasi dan Emergency Response.
C75: 2.
C76: 3.
C77: dst
C79: EVIDENCE SECTION
E81: COI Semua Tangki T 01,T02,T03,T04,T05 dan T06

Sheet SF-02
C2: HYDROCARBON STORAGE FACILITY
C4: MAJOR ACCIDENT HAZARD
C5: Failure at Valve, Flange, Seal & Small Bore
C6: STORAGE FACILITY & PROCESS OVERVIEW | G6: MAH REGISTER NO. | H6: DATE:
C7: Total Tangki Tiimbun DPPU Eltari ada 7 Tangki Timbun. Tangki 01-04 Kapasitas 50KL Produk Avtur, Tangki No 05 Kapsitas 100 KL Produk Avtur, Tangki No.06 Kapasitas 500 KL Produk Avtur dan Tangki Own Use Solar Kapasitas 12 KL | G7: MAH-SF-002-DPPU Eltari | H7: 01 Maret 2023
G8: REFFERENCE DOC. : | H8: MAH Description :
G9: (Diisikan dokumen reference i.e HAZOP Study, OGB Risk Register, Historical Data, etc). | H9: Hydrocarbon release from Storage Facility due to failure or broke valve, flange, seal & small-bore . The release of HC resulting major spill, fire and/or explosion, it leading to serious injury and/or multiple fatalities and environment damage.
C13: PREVENTIVE MEASURES | G13: DETECTION/CONTROL MEASURES
C14: HARDWARE (PLANT)
C15: Barrier | D15: Related to MAE | E15: Status | F15: Detail / Remarks | G15: Barrier | H15: Related to MAE | I15: Status | J15: Detail / Remarks
C16: Tank Storage Specification (Design Material Selection) | D16: A,B | E16: 1 | F16: API 650 | G16: CCTV | H16: A,B | I16: 0.5 | J16: CCTV ada 8 titik 4 dalam kondisi mati
C17: Standarized Bolting Practices | D17: A,B | E17: 1 | F17: Menggunakan Kunci Torsi | G17: Sumur Pantau | H17: A | I17: 1 | J17: DPPU Eltari memiliki 3 Sumur Pantau
C18: PEOPLE + PROCESS
C19: Barrier | D19: Related to MAE | E19: Status | F19: Detail / Remarks | G19: Barrier | H19: Related to MAE | I19: Status | J19: Detail / Remarks
C20: Program Periodically Inspection | D20: A,B | E20: 1 | F20: COI Tangki Storage valid sampai 27 Juli 2024 | G20: Plant / Pipeline Patrol | H20: A,B | I20: 1 | J20: Ada program supervisi / pengamatan dari operator / supervisor / inspektor / HSE, dilakukan rutin setiap periode nya, ada bukti nya
C21: Program Integrity Management / Risk Based Inspection Program (RBI) | D21: A,B | E21: N/A | F21: Diisikan apakah program RBI asudah berjalan di lokasi | G21: Program analysis fugitive realease menggunakan fugitive imaging camera | H21: A | I21: N/A | J21: Apakah program analysis fugitive release sudah dilaksanakan secara rutin.
C22: Pemeliharaan & Pergantian Valve/Flange/Gasket secara periodikal | D22: A,B | E22: 1 | F22: Corrective Maintenance | G22: - | H22: - | I22: - | J22: -
C23: Housekeeping Programme | D23: A,B | E23: 1 | F23: Program House keeping oleh Patra jasa | G23: - | H23: - | I23: - | J23: -
C24: Additional Notes / Concern matter :
C25: (Diisikan jika ada catatan tambahan / informasi penting lainnya terkait assessment preventive & Detect-control barrier yang perlu dijadikan tambahan informasi).
C29: INITIATING EVENT
C31: Hydrocarbon Release / LOPC
C33: MITIGATION MEASURES | G33: EMERGENCY RESPONSE RESOURCES
C34: =C14 -> HARDWARE (PLANT)
C35: Barrier | D35: Related to MAE | E35: Status | F35: Detail / Remarks | G35: Barrier | H35: Related to MAE | I35: Status | J35: Detail / Remarks
C36: Emergency Leak Plug / Emergency Leak control equipment | D36: A | E36: 1 | F36: Tersedia peralatan penanggulangan kebocoran pipa (temporary repair), seperti Clamp, Belzona, resin, peralatan pendukung lainnya. | G36: Emergency Communication (Radio HT) | H36: A,B | I36: 1 | J36: Tersedia Radio Komunikasi / HT sesuai dengan kebutuhan (Jumlah dan spec.) dan berfungsi dengan baik.
C37: Stardarized Electrical System | D37: A | E37: 1 | F37: Apakah Peralatan Listrik di area Penerimaan yang masuk hazardous area sudah sesuai spesifikasi? | G37: Emergency Alarm (Beacon) | H37: A,B | I37: 1 | J37: Tersedia Alarm / lonceng di berbagai titik sebagai emergency Alarm.
C38: Shutdown Valve (SDV) | D38: A | E38: N/A | F38: Terpasang SDV di jalur pipa penerimaan. | G38: Muster Point | H38: A,B | I38: 1 | J38: Tersedia area Muster Point ( rambu dan penunjuk jalur tersedia, visible), jarak cukup jauh dengan sumber api > 100 m,.
C39: Portable Gas Detector | D39: A | E39: 1 | F39: Ada Portable Gas Detector MSA Altair 5X | G39: APD/PPE untuk tumpahan bahan bakar (safety boot, wearpack, masker catridge) | H39: A | I39: 1 | J39: Tersedia safety boot, wearpack dan masker catridge sesuai dengan kebutuhan untuk penanggulangan tumpahan / kebocoran produk.
C40: Fixed Fire & Gas Detector System (FGDS) | D40: A,B | E40: N/A | F40: Terpasang Fixed FGDS di area penerimaan. | G40: Oil Spill Emergency Repsonse (Oil Boom,oil absorbent, skimmer, dll) | H40: A | I40: 1 | J40: Tersedia peralatan penaggulang tumpahan minyak oil Absorbent disetiap kendaraan
C41: Bundwall System | D41: A | E41: 1 | F41: Tangki memiliki Bundwall | G41: Fixed Fire Fighting Equipment/System (Fire Pump, Fire Hydran, Fire Water Line). | H41: B | I41: 1 | J41: Tersedia peralatan penanggulangan kebakaran 1 Unit Fore Pump, termasuk Fire Risk Card sesuai skenario.
C42: Cooling system (spray/springkler system) | D42: B | E42: 1 | F42: Sprinkler Terpasang pada T 06 sedangkan T 01-T05 Tangki Semi Burried | G42: Mobile emergency Response Eqipment (Fire Truck, Fire Jeep,QRU, LPG Evacuation Unit, Vacuum Truck) | H42: A,B | I42: 1 | J42: tersedia Mobile Equipment Response dan kondisi nya ( 1 Unit Mobile Fire Pump)
C43: Lightning Protection System | D43: B | E43: 1 | F43: Terpasang 1 Unit Lightning Protection | G43: Fixed Foam Protection System | H43: A,B | I43: N/A | J43: Tidak ada
C44: Grounding System | D44: B | E44: 1 | F44: Terpasang Grounding system yang cukup danter-instalasi dengan baik. | G44: Generator Set (Genset) untuk Power Supply saat Emergency | H44: B | I44: 1 | J44: Tersedia 2 unit Genset yang siap pakai dan COI nya valid
C45: Oil Catcher System | D45: A | E45: 1 | F45: Tersedia oil cathcer yang sesuai persyaratan dan spesifikasi. | G45: - | H45: - | I45: - | J45: -
C46: =C18 -> PEOPLE + PROCESS
C47: Barrier | D47: Related to MAE | E47: Status | F47: Detail / Remarks | G47: Barrier | H47: Related to MAE | I47: Status | J47: Detail / Remarks
C48: Electrical Hazardous Area Classification (EHAC) | D48: A,B | E48: - | F48: Pengklasifikasiaan peralatan dan electrical system sesuai hazardous area sudah diterapkan. | G48: Organisasi & Personel Pengendalian Tanggap Darurat yang Kompeten | H48: A,B | I48: 1 | J48: Sudah ditetapkan Organisasi dan Personel Pengendalian Keadaan Darurat setempat.
C49: Security Guard | D49: A,B | E49: 1 | F49: Tersedia personel dan aktivitas pengamanan yang meng-cover area penyimpanan produk. | G49: Pedoman Pengendalian Keadaan Darurat | H49: A | I49: 1 | J49: Tersedia Pedoman Pengendalian Keadaan Darurat (PKD) terbaru.
C50: Aturan jarak aman antar tangki (Tank Spacing) | D50: A,B | E50: 1 | F50: Jarak aman antar tangki, tangki ke bangunan terpenuhi sesuai pedoman/standar yang dijadikan referensi. | G50: Bussiness Continuity Plan/Management | H50: A,B | I50: 1 | J50: Tersedia dokumen BCP / Skenario RAE.
C51: Aturan Safety Distance | D51: A,B | E51: 1 | F51: Jarak aman dengan fasilitas, jalan umum, dan bangunan penting terpenuhi. | G51: - | H51: - | I51: - | J51: -
C52: Prosedur Isolation dan Pengendalian Produk (Manual Operasi Intertank) | D52: A,B | E52: - | F52: Diisikan Nomer dokumen untuk melakukan manual operasi intertank. | G52: - | H52: - | I52: - | J52: -
C53: Prosedur Pengosongan Tanki | D53: A | E53: - | F53: Diisikan Nomer dokumen untuk melakukan prosedur pengosongan tangki yang mengalami korosi. | G53: - | H53: - | I53: - | J53: -
C54: Additional Notes / Concern matter :
C55: (Diisikan jika ada catatan tambahan / informasi penting lainnya terkait assessment Mitigation & Emergency Plan barrier yang perlu dijadikan tambahan informasi).
C59: MAJOR ACCIDENT EVENT
C60: A | G60: B
C61: Berpotensi terjadinya Flammable Gas Dispersi dari Tumpahan Produk | G61: Berpotensi Terjadinya Kebakaran (Flash / Pool / Jet Fire)
C65: ULTIMATE RISK ASSESSMENT
C66: CONSEQUENCES | F66: SEVERITY LEVEL | G66: LIKELIHOOD | H66: INHERENT RISK
C67: Manusia | D67: ü | F67: ='Initial Risk'!F13 -> 4 | G67: ='Initial Risk'!G13 -> 3 | H67: =F67*G67 -> 12
C68: Environment | D68: ü | F68: (Catastropic) | G68: (Almost / Hampir Pasti Terjadi) | H68: (High)
C69: Financial Impact | D69: ü | F69: SEVERITY LEVEL*2 | G69: LIKELIHOOD*2 | H69: FINAL RISK
C70: Asset & Equipment | D70: ü | F70: 2 | G70: 2 | H70: =F70*G70 -> 4
C71: Notifikasi Publik | D71: ü | F71: (Minor) | G71: (Unlikely / Jarang terjadi) | H71: (Low to Moderate Risk)
C72: RECOMMENDATION
C73: 1. Disikan Rekomendasi yang sifatnya pemenuhan / perbaikan / penyempurnaan terhadap barrier Preventive , Detect/Control, Mitigasi dan Emergency Response.
C74: 2.
C75: 3.
C76: dst
C78: EVIDENCE SECTION

Sheet SF-03
C2: HYDROCARBON STORAGE FACILITY
C4: MAJOR ACCIDENT HAZARD
C5: Operating Outside of Design Operational Envelope
C6: STORAGE FACILITY & PROCESS OVERVIEW | G6: MAH REGISTER NO. | H6: DATE:
C7: Total Tangki Tiimbun DPPU Eltari ada 7 Tangki Timbun. Tangki No 01-04 Kapasitas 50KL Produk Avtur, Tangki No 05 Kapsitas 100 KL Produk Avtur, Tangki No.06 Kapasitas 500 KL dan Tangki Own Use Kapasitas 12 KL Produk Solar | G7: MAH-SF-003-DPPU Eltari | H7: 01 Maret 2023
G8: REFFERENCE DOC. : | H8: MAH Description :
G9: (Diisikan dokumen reference i.e HAZOP Study, OGB Risk Register, Historical Data, etc). | H9: Hydrocarbon release from Storage facility due to Operating Outside of Design Operational Envelope / SOL envelope. The release of HC resulting major spill, fire and/or explosion, it leading to serious injury and/or multiple fatalities and environment damage.
C13: PREVENTIVE MEASURES | G13: DETECTION/CONTROL MEASURES
C14: HARDWARE (PLANT)
C15: Barrier | D15: Related to MAE | E15: Status | F15: Detail / Remarks | G15: Barrier | H15: Related to MAE | I15: Status | J15: Detail / Remarks
C16: Tank Storage Specification (Design Material Selection) | D16: A,B | E16: 1 | F16: API 650 | G16: CCTV | H16: A,B | I16: 0.5 | J16: CCTV ada 8 titik 4 dalam kondisi mati
C17: - | D17: - | E17: - | F17: - | G17: Process Control System (DCS) dan indication (Level Alarm High di Tanki, level Alarm Low di Tanki, Limit switch MOV) | H17: A,B | I17: N/A | J17: Diisikan kondisi dari system tersebut atau hasil kalibrasinya (jika tidak ada Sistem di NA kan)
C18: - | D18: - | E18: - | F18: - | G18: Safety Instrumented Function (Level Alarm High High di Tanki, Level Alarm Low Low di Tanki) | H18: A,B | I18: 1 | J18: HH dan LL Alarm
C19: - | D19: - | E19: - | F19: - | G19: Mekanikal Valve untuk proteksi overpressure / vacuum (PRV/PSV/ PVV / Vent / Free Vent) | H19: A,B | I19: 1 | J19: Free Vent
C20: PEOPLE + PROCESS
C21: Barrier | D21: Related to MAE | E21: Status | F21: Detail / Remarks | G21: Barrier | H21: Related to MAE | I21: Status | J21: Detail / Remarks
C22: Program Periodically Inspection | D22: A,B | E22: 1 | F22: COI Tangki Timbun dan Hasil inspeksi internal tangki timbun | G22: Plant / Pipeline Patrol | H22: A,B | I22: 1 | J22: Pemeriksaan Jalur pipa secara periode
C23: Prosedur Pengisian Tangki Timbun | D23: A,B | E23: 1 | F23: Pompav Buku 2 Prosedur pengendalian Mutu | G23: Program analysis fugitive realease menggunakan fugitive imaging camera | H23: A | I23: N/A | J23: Apakah program analysis fugitive release sudah dilaksanakan secara rutin.
C24: Additional Notes / Concern matter :
C25: (Diisikan jika ada catatan tambahan / informasi penting lainnya terkait assessment preventive & Detect-control barrier yang perlu dijadikan tambahan informasi).
C29: INITIATING EVENT
C31: Hydrocarbon Release / LOPC
C33: MITIGATION MEASURES | G33: EMERGENCY RESPONSE RESOURCES
C34: =C14 -> HARDWARE (PLANT)
C35: Barrier | D35: Related to MAE | E35: Status | F35: Detail / Remarks | G35: Barrier | H35: Related to MAE | I35: Status | J35: Detail / Remarks
C36: Emergency Leak Plug / Emergency Leak control equipment | D36: A | E36: 1 | F36: Tersedia peralatan penanggulangan kebocoran pipa (temporary repair), seperti Clamp, Belzona, resin, peralatan pendukung lainnya. | G36: Emergency Communication (Radio HT) | H36: A,B | I36: 1 | J36: Tersedia Radio Komunikasi / HT sesuai dengan kebutuhan (Jumlah dan spec.) dan berfungsi dengan baik.
C37: Stardarized Electrical System | D37: A | E37: 1 | F37: Apakah Peralatan Listrik di area Penerimaan yang masuk hazardous area sudah sesuai spesifikasi? | G37: Emergency Alarm (Beacon) | H37: A,B | I37: 1 | J37: Tersedia Alarm / lonceng di berbagai titik sebagai emergency Alarm.
C38: Shutdown Valve (SDV) | D38: A | E38: N/A | F38: Terpasang SDV di jalur pipa penerimaan. | G38: Muster Point | H38: A,B | I38: 1 | J38: Tersedia area Muster Point ( rambu dan penunjuk jalur tersedia, visible), jarak cukup jauh dengan sumber api > 100 m,.
C39: Portable Gas Detector | D39: A | E39: 1 | F39: Ada Portable Gas Detector MSA Altair 5X | G39: APD/PPE untuk tumpahan bahan bakar (safety boot, wearpack, masker catridge) | H39: A | I39: 1 | J39: Tersedia safety boot, wearpack dan masker catridge sesuai dengan kebutuhan untuk penanggulangan tumpahan / kebocoran produk.
C40: Fixed Fire & Gas Detector System (FGDS) | D40: A,B | E40: N/A | F40: Terpasang Fixed FGDS di area penerimaan. | G40: Oil Spill Emergency Repsonse (Oil Boom,oil absorbent, skimmer, dll) | H40: A | I40: 1 | J40: Tersedia peralatan penaggulang tumpahan minyak oil Absorbent disetiap kendaraan
C41: Bundwall System | D41: A | E41: 1 | F41: Tangki memiliki Bundwall | G41: Fixed Fire Fighting Equipment/System (Fire Pump, Fire Hydran, Fire Water Line). | H41: B | I41: 1 | J41: Tersedia peralatan penanggulangan kebakaran 1 Unit Fore Pump, termasuk Fire Risk Card sesuai skenario.
C42: Cooling system (spray/springkler system) | D42: B | E42: 1 | F42: Sprinkler Terpasang pada T 06 sedangkan T 01-T05 Tangki Semi Burried | G42: Mobile emergency Response Eqipment (Fire Truck, Fire Jeep,QRU, LPG Evacuation Unit, Vacuum Truck) | H42: A,B | I42: 1 | J42: tersedia Mobile Equipment Response dan kondisi nya ( 1 Unit Mobile Fire Pump)
C43: Lightning Protection System | D43: B | E43: 1 | F43: Terpasang 1 Unit Lightning Protection | G43: Fixed Foam Protection System | H43: A,B | I43: N/A | J43: Tidak ada
C44: Grounding System | D44: B | E44: 1 | F44: Terpasang Grounding system yang cukup danter-instalasi dengan baik. | G44: Generator Set (Genset) untuk Power Supply saat Emergency | H44: B | I44: 1 | J44: Tersedia 2 unit Genset yang siap pakai dan COI nya valid
C45: Oil Catcher System | D45: A | E45: 1 | F45: Tersedia oil cathcer yang sesuai persyaratan dan spesifikasi. | G45: - | H45: - | I45: - | J45: -
C46: =C20 -> PEOPLE + PROCESS
C47: Barrier | D47: Related to MAE | E47: Status | F47: Detail / Remarks | G47: Barrier | H47: Related to MAE | I47: Status | J47: Detail / Remarks
C48: Electrical Hazardous Area Classification (EHAC) | D48: A,B | E48: - | F48: Pengklasifikasiaan peralatan dan electrical system sesuai hazardous area sudah diterapkan. | G48: Organisasi & Personel Pengendalian Tanggap Darurat yang Kompeten | H48: A,B | I48: 1 | J48: Sudah ditetapkan Organisasi dan Personel Pengendalian Keadaan Darurat setempat.
C49: Security Guard | D49: A,B | E49: 1 | F49: Tersedia personel dan aktivitas pengamanan yang meng-cover area penyimpanan produk. | G49: Pedoman Pengendalian Keadaan Darurat | H49: A | I49: 1 | J49: Tersedia Pedoman Pengendalian Keadaan Darurat (PKD) terbaru.
C50: Aturan jarak aman antar tangki (Tank Spacing) | D50: A,B | E50: 1 | F50: Jarak aman antar tangki, tangki ke bangunan terpenuhi sesuai pedoman/standar yang dijadikan referensi. | G50: Bussiness Continuity Plan/Management | H50: A,B | I50: 1 | J50: Tersedia dokumen BCP / Skenario RAE.
C51: Aturan Safety Distance | D51: A,B | E51: 1 | F51: Jarak aman dengan fasilitas, jalan umum, dan bangunan penting terpenuhi. | G51: - | H51: - | I51: - | J51: -
C52: Prosedur Isolation dan Pengendalian Produk (Manual Operasi Intertank) | D52: A,B | E52: - | F52: Diisikan Nomer dokumen untuk melakukan manual operasi intertank. | G52: - | H52: - | I52: - | J52: -
C53: Prosedur Pengosongan Tanki | D53: A | E53: - | F53: Diisikan Nomer dokumen untuk melakukan prosedur pengosongan tangki yang mengalami korosi. | G53: - | H53: - | I53: - | J53: -
C54: Additional Notes / Concern matter :
C55: (Diisikan jika ada catatan tambahan / informasi penting lainnya terkait assessment Mitigation & Emergency Plan barrier yang perlu dijadikan tambahan informasi).
C59: MAJOR ACCIDENT EVENT
C60: A | G60: B
C61: Berpotensi terjadinya Flammable Gas Dispersi dari Tumpahan Produk | G61: Berpotensi Terjadinya Kebakaran (Flash / Pool / Jet Fire)
C65: ULTIMATE RISK ASSESSMENT
C66: CONSEQUENCES | F66: SEVERITY LEVEL | G66: LIKELIHOOD | H66: INHERENT RISK
C67: Manusia | D67: ü | F67: ='Initial Risk'!F14 -> 4 | G67: ='Initial Risk'!G14 -> 3 | H67: =F67*G67 -> 12
C68: Environment | D68: ü | F68: (Catastropic) | G68: (Almost / Hampir Pasti Terjadi) | H68: (High)
C69: Financial Impact | D69: ü | F69: SEVERITY LEVEL*2 | G69: LIKELIHOOD*2 | H69: FINAL RISK
C70: Asset & Equipment | D70: ü | F70: 3 | G70: 2 | H70: =F70*G70 -> 6
C71: Notifikasi Publik | D71: ü | F71: (Moderate) | G71: (Moderate / Bisa Terjadi) | H71: (Low to Moderate Risk)
C72: RECOMMENDATION
C73: 1. Disikan Rekomendasi yang sifatnya pemenuhan / perbaikan / penyempurnaan terhadap barrier Preventive , Detect/Control, Mitigasi dan Emergency Response.
C74: 2.
C75: 3.
C76: dst
C78: EVIDENCE SECTION

Sheet SF-04
C2: HYDROCARBON STORAGE FACILITY
C4: MAJOR ACCIDENT HAZARD
C5: Maintenance Activity
C6: STORAGE FACILITY & PROCESS OVERVIEW | G6: MAH REGISTER NO. | H6: DATE:
C7: Total Tangki Tiimbun DPPU Eltari ada 7 Tangki Timbun. Tangki No 01-04 Kapasitas 50KL Produk Avtur, Tangki No 05 Kapsitas 100 KL Produk Avtur, Tangki No.06 Kapasitas 500 KL dan Tangki Own Use Kapasitas 12 KL Produk Solar | G7: MAH-SF-004-DPPU Eltari | H7: 01 Maret 2023
G8: REFFERENCE DOC. : | H8: MAH Description :
G9: (Diisikan dokumen reference i.e HAZOP Study, OGB Risk Register, Historical Data, etc). | H9: Hydrocarbon release form Storage Facilities due to Maintenance Activity. The release of HC resulting major spill, fire and/or explosion, it leading to serious injury and/or multiple fatalities and environment damage.
C13: PREVENTIVE MEASURES | G13: DETECTION/CONTROL MEASURES
C14: HARDWARE (PLANT)
C15: Barrier | D15: Related to MAE | E15: Status | F15: Detail / Remarks | G15: Barrier | H15: Related to MAE | I15: Status | J15: Detail / Remarks
C16: Tank Storage Specification (Design Material Selection) | D16: A,B | E16: 1 | F16: Standar design API 650 | G16: CCTV | H16: A,B | I16: 0.5 | J16: CCTV ada 8 titik 4 dalam kondisi mati
C17: PEOPLE + PROCESS
C18: Barrier | D18: Related to MAE | E18: Status | F18: Detail / Remarks | G18: Barrier | H18: Related to MAE | I18: Status | J18: Detail / Remarks
C19: Prosedur Perbaikan / Pemeliharaan Peralatan | D19: A,B | E19: 1 | F19: Storage Tank inspection dan cleaning Form SF 231 | G19: Plant / Pipeline Patrol | H19: A,B | I19: 1 | J19: Pemeriksaan Jalur pipa secara periode
C20: Prosedur Sistem Ijin Kerja Aman (SIKA) | D20: A,B | E20: 1 | F20: Tersedia dan dilaksanakan Prosedur SIKA. | G20: - | H20: - | I20: - | J20: -
C21: Prosedur Management of Change (MOC) | D21: A,B | E21: 1 | F21: Tersedia dan dilaksanakan Prosedur MOC. | G21: - | H21: - | I21: - | J21: -
C22: Prosedur Isolation Energi (LOTO) | D22: A,B | E22: 1 | F22: Apakah tersedia dan dilaksanakan Prosedur Isolasi Energi dan tersedia LOTO Risk Card. | G22: - | H22: - | I22: - | J22: -
C23: Authorized Personel (GSI/SI/AT) | D23: A,B | E23: 1 | F23: Apakah Personel pemegang sertifikasi GSI/SI/AT tersedia lengkap di lokasi. | G23: - | H23: - | I23: - | J23: -
C24: Additional Notes / Concern matter :
C25: (Diisikan jika ada catatan tambahan / informasi penting lainnya terkait assessment preventive & Detect-control barrier yang perlu dijadikan tambahan informasi).
C29: INITIATING EVENT
C31: Hydrocarbon Release / LOPC
C33: MITIGATION MEASURES | G33: EMERGENCY RESPONSE RESOURCES
C34: =C14 -> HARDWARE (PLANT)
C35: Barrier | D35: Related to MAE | E35: Status | F35: Detail / Remarks | G35: Barrier | H35: Related to MAE | I35: Status | J35: Detail / Remarks
C36: Emergency Leak Plug / Emergency Leak control equipment | D36: A | E36: 1 | F36: Tersedia peralatan penanggulangan kebocoran pipa (temporary repair), seperti Clamp, Belzona, resin, peralatan pendukung lainnya. | G36: Emergency Communication (Radio HT) | H36: A,B | I36: 1 | J36: Tersedia Radio Komunikasi / HT sesuai dengan kebutuhan (Jumlah dan spec.) dan berfungsi dengan baik.
C37: Stardarized Electrical System | D37: A | E37: 1 | F37: Apakah Peralatan Listrik di area Penerimaan yang masuk hazardous area sudah sesuai spesifikasi? | G37: Emergency Alarm (Beacon) | H37: A,B | I37: 1 | J37: Tersedia Alarm / lonceng di berbagai titik sebagai emergency Alarm.
C38: Shutdown Valve (SDV) | D38: A | E38: N/A | F38: Terpasang SDV di jalur pipa penerimaan. | G38: Muster Point | H38: A,B | I38: 1 | J38: Tersedia area Muster Point ( rambu dan penunjuk jalur tersedia, visible), jarak cukup jauh dengan sumber api > 100 m,.
C39: Portable Gas Detector | D39: A | E39: 1 | F39: Ada Portable Gas Detector MSA Altair 5X | G39: APD/PPE untuk tumpahan bahan bakar (safety boot, wearpack, masker catridge) | H39: A | I39: 1 | J39: Tersedia safety boot, wearpack dan masker catridge sesuai dengan kebutuhan untuk penanggulangan tumpahan / kebocoran produk.
C40: Fixed Fire & Gas Detector System (FGDS) | D40: A,B | E40: N/A | F40: Terpasang Fixed FGDS di area penerimaan. | G40: Oil Spill Emergency Repsonse (Oil Boom,oil absorbent, skimmer, dll) | H40: A | I40: 1 | J40: Tersedia peralatan penaggulang tumpahan minyak oil Absorbent disetiap kendaraan
C41: Bundwall System | D41: A | E41: 1 | F41: Tangki memiliki Bundwall | G41: Fixed Fire Fighting Equipment/System (Fire Pump, Fire Hydran, Fire Water Line). | H41: B | I41: 1 | J41: Tersedia peralatan penanggulangan kebakaran 1 Unit Fore Pump, termasuk Fire Risk Card sesuai skenario.
C42: Cooling system (spray/springkler system) | D42: B | E42: 1 | F42: Sprinkler Terpasang pada T 06 sedangkan T 01-T05 Tangki Semi Burried | G42: Mobile emergency Response Eqipment (Fire Truck, Fire Jeep,QRU, LPG Evacuation Unit, Vacuum Truck) | H42: A,B | I42: 1 | J42: tersedia Mobile Equipment Response dan kondisi nya ( 1 Unit Mobile Fire Pump)
C43: Lightning Protection System | D43: B | E43: 1 | F43: Terpasang 1 Unit Lightning Protection | G43: Fixed Foam Protection System | H43: A,B | I43: N/A | J43: Tidak ada
C44: Grounding System | D44: B | E44: 1 | F44: Terpasang Grounding system yang cukup danter-instalasi dengan baik. | G44: Generator Set (Genset) untuk Power Supply saat Emergency | H44: B | I44: 1 | J44: Tersedia 2 unit Genset yang siap pakai dan COI nya valid
C45: Oil Catcher System | D45: A | E45: 1 | F45: Tersedia oil cathcer yang sesuai persyaratan dan spesifikasi. | G45: - | H45: - | I45: - | J45: -
C46: =C17 -> PEOPLE + PROCESS
C47: Barrier | D47: Related to MAE | E47: Status | F47: Detail / Remarks | G47: Barrier | H47: Related to MAE | I47: Status | J47: Detail / Remarks
C48: Electrical Hazardous Area Classification (EHAC) | D48: A,B | E48: - | F48: Pengklasifikasiaan peralatan dan electrical system sesuai hazardous area sudah diterapkan. | G48: Organisasi & Personel Pengendalian Tanggap Darurat yang Kompeten | H48: A,B | I48: 1 | J48: Sudah ditetapkan Organisasi dan Personel Pengendalian Keadaan Darurat setempat.
C49: Security Guard | D49: A,B | E49: 1 | F49: Tersedia personel dan aktivitas pengamanan yang meng-cover area penyimpanan produk. | G49: Pedoman Pengendalian Keadaan Darurat | H49: A | I49: 1 | J49: Tersedia Pedoman Pengendalian Keadaan Darurat (PKD) terbaru.
C50: Aturan jarak aman antar tangki (Tank Spacing) | D50: A,B | E50: 1 | F50: Jarak aman antar tangki, tangki ke bangunan terpenuhi sesuai pedoman/standar yang dijadikan referensi. | G50: Bussiness Continuity Plan/Management | H50: A,B | I50: 1 | J50: Tersedia dokumen BCP / Skenario RAE.
C51: Aturan Safety Distance | D51: A,B | E51: 1 | F51: Jarak aman dengan fasilitas, jalan umum, dan bangunan penting terpenuhi. | G51: - | H51: - | I51: - | J51: -
C52: Prosedur Isolation dan Pengendalian Produk (Manual Operasi Intertank) | D52: A,B | E52: - | F52: Diisikan Nomer dokumen untuk melakukan manual operasi intertank. | G52: - | H52: - | I52: - | J52: -
C53: Prosedur Pengosongan Tanki | D53: A | E53: - | F53: Diisikan Nomer dokumen untuk melakukan prosedur pengosongan tangki yang mengalami korosi. | G53: - | H53: - | I53: - | J53: -
C54: Additional Notes / Concern matter :
C55: (Diisikan jika ada catatan tambahan / informasi penting lainnya terkait assessment Mitigation & Emergency Plan barrier yang perlu dijadikan tambahan informasi).
C59: MAJOR ACCIDENT EVENT
C60: A | G60: B
C61: Berpotensi terjadinya Flammable Gas Dispersi dari Tumpahan Produk | G61: Berpotensi Terjadinya Kebakaran (Flash / Pool / Jet Fire)
C65: ULTIMATE RISK ASSESSMENT
C66: CONSEQUENCES | F66: SEVERITY LEVEL | G66: LIKELIHOOD | H66: INHERENT RISK
C67: Manusia | D67: ü | F67: ='Initial Risk'!F15 -> 4 | G67: ='Initial Risk'!G15 -> 3 | H67: =F67*G67 -> 12
C68: Environment | D68: ü | F68: (Catastropic) | G68: (Almost / Hampir Pasti Terjadi) | H68: (High)
C69: Financial Impact | D69: ü | F69: SEVERITY LEVEL*2 | G69: LIKELIHOOD*2 | H69: FINAL RISK
C70: Asset & Equipment | D70: ü | F70: 3 | G70: 2 | H70: =F70*G70 -> 6
C71: Notifikasi Publik | D71: ü | F71: (Moderate) | G71: (Moderate / Bisa Terjadi) | H71: (Low to Moderate Risk)
C72: RECOMMENDATION
C73: 1. Disikan Rekomendasi yang sifatnya pemenuhan / perbaikan / penyempurnaan terhadap barrier Preventive , Detect/Control, Mitigasi dan Emergency Response.
C74: 2.
C75: 3.
C76: dst
C78: EVIDENCE SECTION

Sheet SF-05
C2: HYDROCARBON STORAGE FACILITY
C4: MAJOR ACCIDENT HAZARD
C5: Normal Tank Storage Activity (Inc. Sampling Activity)
C6: STORAGE FACILITY & PROCESS OVERVIEW | G6: MAH REGISTER NO. | H6: DATE:
C7: Total Tangki Tiimbun DPPU Eltari ada 7 Tangki Timbun. Tangki No 01-04 Kapasitas 50KL Produk Avtur, Tangki No 05 Kapsitas 100 KL Produk Avtur, Tangki No.06 Kapasitas 500 KL dan Tangki Own Use Kapasitas 12 KL Produk Solar | G7: MAH-SF-005-DPPU Eltari | H7: 01 Maret 2023
G8: REFFERENCE DOC. : | H8: MAH Description :
G9: (Diisikan dokumen reference i.e HAZOP Study, OGB Risk Register, Historical Data, etc). | H9: Hydrocarbon release due to Normal Tank Storage Activity (including Sampling Activity). The release of HC resulting major spill, fire and/or explosion, it leading to serious injury and/or multiple fatalities and environment damage.
C13: PREVENTIVE MEASURES | G13: DETECTION/CONTROL MEASURES
C14: HARDWARE (PLANT)
C15: Barrier | D15: Related to MAE | E15: Status | F15: Detail / Remarks | G15: Barrier | H15: Related to MAE | I15: Status | J15: Detail / Remarks
C16: Tank Storage Specification (Design Material Selection) | D16: A,B | E16: 1 | F16: Standar design API 650 | G16: CCTV | H16: A,B | I16: 0.5 | J16: CCTV ada 8 titik 4 dalam kondisi mati
C17: Standarized Sampling Apparatus | D17: A,B | E17: 1 | F17: Mat glass, beaker glass, ember stainless, Thermometer,hydrometer, Emcee Meter dalam kondisi baik | G17: Process Control System (DCS) dan indication (Level Alarm High di Tanki, level Alarm Low di Tanki, Limit switch MOV) | H17: A,B | I17: N/A | J17: Diisikan kondisi dari system tersebut atau hasil kalibrasinya (jika tidak ada Sistem di NA kan)
C18: Designated Sampling Point | D18: A,B | E18: 1 | F18: - Pengambilan Sampling Pada Penerimaan Bridger - Tangki Timbun - Refueller | G18: Safety Instrumented Function (Level Alarm High High di Tanki, Level Alarm Low Low di Tanki) | H18: A,B | I18: 1 | J18: Sistem Alarm HH dan LL berfungsi baik
C19: - | D19: - | E19: - | F19: - | G19: Mekanikal Valve untuk proteksi overpressure / vacuum (PRV/PSV/ PVV / Vent / Free Vent) | H19: A,B | I19: 1 | J19: Diisikan apakah peralatan tersebut terpasang sesuai design specification, dan dilakukan inspeksi secara rutin (jika wajib COI, pastikan COI nya valid).
C20: PEOPLE + PROCESS
C21: Barrier | D21: Related to MAE | E21: Status | F21: Detail / Remarks | G21: Barrier | H21: Related to MAE | I21: Status | J21: Detail / Remarks
C22: Program Periodically Inspection | D22: A,B | E22: 1 | F22: COI Tangki Storage valid sampai 27 Juli 2024 | G22: Plant / Pipeline Patrol | H22: A,B | I22: 1 | J22: Pemeriksaan Jalur pipa secara periode
C23: Prosedur Pengisian Tangki Timbun | D23: A,B | E23: N/A | F23: Diisikan apakah program RBI asudah berjalan di lokasi | G23: Program analysis fugitive realease menggunakan fugitive imaging camera | H23: A | I23: N/A | J23: Apakah program analysis fugitive release sudah dilaksanakan secara rutin.
C24: Prosedur Sampling | D24: A,B | E24: 1 | F24: Corrective Maintenance | G24: - | H24: - | I24: - | J24: -
C25: Housekeeping Programme | D25: A,B | E25: 1 | F25: Program House keeping oleh Patra jasa | G25: - | H25: - | I25: - | J25: -
C26: Additional Notes / Concern matter :
C27: (Diisikan jika ada catatan tambahan / informasi penting lainnya terkait assessment preventive & Detect-control barrier yang perlu dijadikan tambahan informasi).
C31: INITIATING EVENT
C33: Hydrocarbon Release / LOPC
C35: MITIGATION MEASURES | G35: EMERGENCY RESPONSE RESOURCES
C36: =C14 -> HARDWARE (PLANT)
C37: Barrier | D37: Related to MAE | E37: Status | F37: Detail / Remarks | G37: Barrier | H37: Related to MAE | I37: Status | J37: Detail / Remarks
C38: Emergency Leak Plug / Emergency Leak control equipment | D38: A | E38: 1 | F38: Tersedia peralatan penanggulangan kebocoran pipa (temporary repair), seperti Clamp, Belzona, resin, peralatan pendukung lainnya. | G38: Emergency Communication (Radio HT) | H38: A,B | I38: 1 | J38: Tersedia Radio Komunikasi / HT sesuai dengan kebutuhan (Jumlah dan spec.) dan berfungsi dengan baik.
C39: Stardarized Electrical System | D39: A | E39: 1 | F39: Apakah Peralatan Listrik di area Penerimaan yang masuk hazardous area sudah sesuai spesifikasi? | G39: Emergency Alarm (Beacon) | H39: A,B | I39: 1 | J39: Tersedia Alarm / lonceng di berbagai titik sebagai emergency Alarm.
C40: Shutdown Valve (SDV) | D40: A | E40: N/A | F40: Terpasang SDV di jalur pipa penerimaan. | G40: Muster Point | H40: A,B | I40: 1 | J40: Tersedia area Muster Point ( rambu dan penunjuk jalur tersedia, visible), jarak cukup jauh dengan sumber api > 100 m,.
C41: Portable Gas Detector | D41: A | E41: 1 | F41: Ada Portable Gas Detector MSA Altair 5X | G41: APD/PPE untuk tumpahan bahan bakar (safety boot, wearpack, masker catridge) | H41: A | I41: 1 | J41: Tersedia safety boot, wearpack dan masker catridge sesuai dengan kebutuhan untuk penanggulangan tumpahan / kebocoran produk.
C42: Fixed Fire & Gas Detector System (FGDS) | D42: A,B | E42: N/A | F42: Terpasang Fixed FGDS di area penerimaan. | G42: Oil Spill Emergency Repsonse (Oil Boom,oil absorbent, skimmer, dll) | H42: A | I42: 1 | J42: Tersedia peralatan penaggulang tumpahan minyak oil Absorbent disetiap kendaraan
C43: Bundwall System | D43: A | E43: 1 | F43: Tangki memiliki Bundwall | G43: Fixed Fire Fighting Equipment/System (Fire Pump, Fire Hydran, Fire Water Line). | H43: B | I43: 1 | J43: Tersedia peralatan penanggulangan kebakaran 1 Unit Fore Pump, termasuk Fire Risk Card sesuai skenario.
C44: Cooling system (spray/springkler system) | D44: B | E44: 1 | F44: Sprinkler Terpasang pada T 06 sedangkan T 01-T05 Tangki Semi Burried | G44: Mobile emergency Response Eqipment (Fire Truck, Fire Jeep,QRU, LPG Evacuation Unit, Vacuum Truck) | H44: A,B | I44: 1 | J44: tersedia Mobile Equipment Response dan kondisi nya ( 1 Unit Mobile Fire Pump)
C45: Lightning Protection System | D45: B | E45: 1 | F45: Terpasang 1 Unit Lightning Protection | G45: Fixed Foam Protection System | H45: A,B | I45: N/A | J45: Tidak ada
C46: Grounding System | D46: B | E46: 1 | F46: Terpasang Grounding system yang cukup danter-instalasi dengan baik. | G46: Generator Set (Genset) untuk Power Supply saat Emergency | H46: B | I46: 1 | J46: Tersedia 2 unit Genset yang siap pakai dan COI nya valid
C47: Oil Catcher System | D47: A | E47: 1 | F47: Tersedia oil cathcer yang sesuai persyaratan dan spesifikasi. | G47: - | H47: - | I47: - | J47: -
C48: =C20 -> PEOPLE + PROCESS
C49: Barrier | D49: Related to MAE | E49: Status | F49: Detail / Remarks | G49: Barrier | H49: Related to MAE | I49: Status | J49: Detail / Remarks
C50: Electrical Hazardous Area Classification (EHAC) | D50: A,B | E50: - | F50: Pengklasifikasiaan peralatan dan electrical system sesuai hazardous area sudah diterapkan. | G50: Organisasi & Personel Pengendalian Tanggap Darurat yang Kompeten | H50: A,B | I50: 1 | J50: Sudah ditetapkan Organisasi dan Personel Pengendalian Keadaan Darurat setempat.
C51: Security Guard | D51: A,B | E51: 1 | F51: Tersedia personel dan aktivitas pengamanan yang meng-cover area penyimpanan produk. | G51: Pedoman Pengendalian Keadaan Darurat | H51: A | I51: 1 | J51: Tersedia Pedoman Pengendalian Keadaan Darurat (PKD) terbaru.
C52: Aturan jarak aman antar tangki (Tank Spacing) | D52: A,B | E52: 1 | F52: Jarak aman antar tangki, tangki ke bangunan terpenuhi sesuai pedoman/standar yang dijadikan referensi. | G52: Bussiness Continuity Plan/Management | H52: A,B | I52: 1 | J52: Tersedia dokumen BCP / Skenario RAE.
C53: Aturan Safety Distance | D53: A,B | E53: 1 | F53: Jarak aman dengan fasilitas, jalan umum, dan bangunan penting terpenuhi. | G53: - | H53: - | I53: - | J53: -
C54: Prosedur Isolation dan Pengendalian Produk (Manual Operasi Intertank) | D54: A,B | E54: - | F54: Diisikan Nomer dokumen untuk melakukan manual operasi intertank. | G54: - | H54: - | I54: - | J54: -
C55: Prosedur Pengosongan Tanki | D55: A | E55: - | F55: Diisikan Nomer dokumen untuk melakukan prosedur pengosongan tangki yang mengalami korosi. | G55: - | H55: - | I55: - | J55: -
C56: Additional Notes / Concern matter :
C57: (Diisikan jika ada catatan tambahan / informasi penting lainnya terkait assessment Mitigation & Emergency Plan barrier yang perlu dijadikan tambahan informasi).
C61: MAJOR ACCIDENT EVENT
C62: A | G62: B
C63: Berpotensi terjadinya Flammable Gas Dispersi dari Tumpahan Produk | G63: Berpotensi Terjadinya Kebakaran (Flash / Pool / Jet Fire)
C67: ULTIMATE RISK ASSESSMENT
C68: CONSEQUENCES | F68: SEVERITY LEVEL | G68: LIKELIHOOD | H68: INHERENT RISK
C69: Manusia | D69: ü | F69: ='Initial Risk'!F16 -> 4 | G69: ='Initial Risk'!G16 -> 3 | H69: =F69*G69 -> 12
C70: Environment | D70: ü | F70: (Catastropic) | G70: (Likely / Sangat Mungkin Terjadi) | H70: (High)
C71: Financial Impact | D71: ü | F71: SEVERITY LEVEL*2 | G71: LIKELIHOOD*2 | H71: FINAL RISK
C72: Asset & Equipment | D72: ü | F72: 2 | G72: 3 | H72: =F72*G72 -> 6
C73: Notifikasi Publik | D73: ü | F73: (Minor) | G73: (Moderate / Bisa Terjadi) | H73: (Low to Moderate Risk)
C74: RECOMMENDATION
C75: 1. Disikan Rekomendasi yang sifatnya pemenuhan / perbaikan / penyempurnaan terhadap barrier Preventive , Detect/Control, Mitigasi dan Emergency Response.
C76: 2.
C77: 3.
C78: dst
C80: EVIDENCE SECTION

Sheet SF-06
C2: HYDROCARBON STORAGE FACILITY
C4: MAJOR ACCIDENT HAZARD
C5: Failure at Tank Bottom / Base Plate Metal & Support Structure (Spherical Tank)
C6: STORAGE FACILITY & PROCESS OVERVIEW | G6: MAH REGISTER NO. | H6: DATE:
C7: Total Tangki Tiimbun DPPU Eltari ada 7 Tangki Timbun. Tangki No 01-04 Kapasitas 50KL Produk Avtur, Tangki No 05 Kapsitas 100 KL Produk Avtur, Tangki No.06 Kapasitas 500 KL dan Tangki Own Use Kapasitas 12 KL Produk Solar | G7: MAH-SF-006-DPPU Eltari | H7: 01 Maret 2023
G8: REFFERENCE DOC. : | H8: MAH Description :
G9: (Diisikan dokumen reference i.e HAZOP Study, OGB Risk Register, Historical Data, etc). | H9: Hydrocarbon release due to failure at tank bottom and/or base plate metal or Support Structure (for Sherical Tank). The release of HC resulting major spill, fire and/or explosion, it leading to serious injury and/or multiple fatalities and environment damage.
C13: PREVENTIVE MEASURES | G13: DETECTION/CONTROL MEASURES
C14: HARDWARE (PLANT)
C15: Barrier | D15: Related to MAE | E15: Status | F15: Detail / Remarks | G15: Barrier | H15: Related to MAE | I15: Status | J15: Detail / Remarks
C16: Tank Storage Specification (Design Material Selection) | D16: A,B | E16: 1 | F16: Standar design API 650 | G16: CCTV | H16: A,B | I16: 0.5 | J16: CCTV ada 8 titik 4 dalam kondisi mati
C17: Tank Storage Specification (Internal/ External Coating) | D17: A,B | E17: 1 | F17: Internar coating dengan ketebalan minimum 350 Mikron | G17: - | H17: - | I17: - | J17: -
C18: Tank Storage Specification (Additional Support Structure) | D18: A,B | E18: 1 | F18: Memiliki Pondasi tangki | G18: - | H18: - | I18: - | J18: -
C19: PEOPLE + PROCESS
C20: Barrier | D20: Related to MAE | E20: Status | F20: Detail / Remarks | G20: Barrier | H20: Related to MAE | I20: Status | J20: Detail / Remarks
C21: Program Periodically Inspection | D21: A,B | E21: 1 | F21: COI Tangki Storage valid sampai 27 Juli 2024 | G21: Plant / Pipeline Patrol | H21: A,B | I21: 1 | J21: Pemeriksaan Jalur pipa secara periode
C22: Program Tank Cleaning | D22: A,B | E22: 1 | F22: Yearly Activity Program | G22: - | H22: - | I22: - | J22: -
C23: Housekeeping Programme | D23: A,B | E23: 1 | F23: Housekeeping Programme | G23: - | H23: - | I23: - | J23: -
C24: Additional Notes / Concern matter :
C25: (Diisikan jika ada catatan tambahan / informasi penting lainnya terkait assessment preventive & Detect-control barrier yang perlu dijadikan tambahan informasi).
C29: INITIATING EVENT
C31: Hydrocarbon Release / LOPC
C33: MITIGATION MEASURES | G33: EMERGENCY RESPONSE RESOURCES
C34: =C14 -> HARDWARE (PLANT)
C35: Barrier | D35: Related to MAE | E35: Status | F35: Detail / Remarks | G35: Barrier | H35: Related to MAE | I35: Status | J35: Detail / Remarks
C36: Emergency Leak Plug / Emergency Leak control equipment | D36: A | E36: 1 | F36: Tersedia peralatan penanggulangan kebocoran pipa (temporary repair), seperti Clamp, Belzona, resin, peralatan pendukung lainnya. | G36: Emergency Communication (Radio HT) | H36: A,B | I36: 1 | J36: Tersedia Radio Komunikasi / HT sesuai dengan kebutuhan (Jumlah dan spec.) dan berfungsi dengan baik.
C37: Stardarized Electrical System | D37: A | E37: 1 | F37: Apakah Peralatan Listrik di area Penerimaan yang masuk hazardous area sudah sesuai spesifikasi? | G37: Emergency Alarm (Beacon) | H37: A,B | I37: 1 | J37: Tersedia Alarm / lonceng di berbagai titik sebagai emergency Alarm.
C38: Shutdown Valve (SDV) | D38: A | E38: N/A | F38: Terpasang SDV di jalur pipa penerimaan. | G38: Muster Point | H38: A,B | I38: 1 | J38: Tersedia area Muster Point ( rambu dan penunjuk jalur tersedia, visible), jarak cukup jauh dengan sumber api > 100 m,.
C39: Portable Gas Detector | D39: A | E39: 1 | F39: Ada Portable Gas Detector MSA Altair 5X | G39: APD/PPE untuk tumpahan bahan bakar (safety boot, wearpack, masker catridge) | H39: A | I39: 1 | J39: Tersedia safety boot, wearpack dan masker catridge sesuai dengan kebutuhan untuk penanggulangan tumpahan / kebocoran produk.
C40: Fixed Fire & Gas Detector System (FGDS) | D40: A,B | E40: N/A | F40: Terpasang Fixed FGDS di area penerimaan. | G40: Oil Spill Emergency Repsonse (Oil Boom,oil absorbent, skimmer, dll) | H40: A | I40: 1 | J40: Tersedia peralatan penaggulang tumpahan minyak oil Absorbent disetiap kendaraan
C41: Bundwall System | D41: A | E41: 1 | F41: Tangki memiliki Bundwall | G41: Fixed Fire Fighting Equipment/System (Fire Pump, Fire Hydran, Fire Water Line). | H41: B | I41: 1 | J41: Tersedia peralatan penanggulangan kebakaran 1 Unit Fore Pump, termasuk Fire Risk Card sesuai skenario.
C42: Cooling system (spray/springkler system) | D42: B | E42: 1 | F42: Sprinkler Terpasang pada T 06 sedangkan T 01-T05 Tangki Semi Burried | G42: Mobile emergency Response Eqipment (Fire Truck, Fire Jeep,QRU, LPG Evacuation Unit, Vacuum Truck) | H42: A,B | I42: 1 | J42: tersedia Mobile Equipment Response dan kondisi nya ( 1 Unit Mobile Fire Pump)
C43: Lightning Protection System | D43: B | E43: 1 | F43: Terpasang 1 Unit Lightning Protection | G43: Fixed Foam Protection System | H43: A,B | I43: N/A | J43: Tidak ada
C44: Grounding System | D44: B | E44: 1 | F44: Terpasang Grounding system yang cukup danter-instalasi dengan baik. | G44: Generator Set (Genset) untuk Power Supply saat Emergency | H44: B | I44: 1 | J44: Tersedia 2 unit Genset yang siap pakai dan COI nya valid
C45: Oil Catcher System | D45: A | E45: 1 | F45: Tersedia oil cathcer yang sesuai persyaratan dan spesifikasi. | G45: - | H45: - | I45: - | J45: -
C46: =C19 -> PEOPLE + PROCESS
C47: Barrier | D47: Related to MAE | E47: Status | F47: Detail / Remarks | G47: Barrier | H47: Related to MAE | I47: Status | J47: Detail / Remarks
C48: Electrical Hazardous Area Classification (EHAC) | D48: A,B | E48: - | F48: Pengklasifikasiaan peralatan dan electrical system sesuai hazardous area sudah diterapkan. | G48: Organisasi & Personel Pengendalian Tanggap Darurat yang Kompeten | H48: A,B | I48: 1 | J48: Sudah ditetapkan Organisasi dan Personel Pengendalian Keadaan Darurat setempat.
C49: Security Guard | D49: A,B | E49: 1 | F49: Tersedia personel dan aktivitas pengamanan yang meng-cover area penyimpanan produk. | G49: Pedoman Pengendalian Keadaan Darurat | H49: A | I49: 1 | J49: Tersedia Pedoman Pengendalian Keadaan Darurat (PKD) terbaru.
C50: Aturan jarak aman antar tangki (Tank Spacing) | D50: A,B | E50: 1 | F50: Jarak aman antar tangki, tangki ke bangunan terpenuhi sesuai pedoman/standar yang dijadikan referensi. | G50: Bussiness Continuity Plan/Management | H50: A,B | I50: 1 | J50: Tersedia dokumen BCP / Skenario RAE.
C51: Aturan Safety Distance | D51: A,B | E51: 1 | F51: Jarak aman dengan fasilitas, jalan umum, dan bangunan penting terpenuhi. | G51: - | H51: - | I51: - | J51: -
C52: Prosedur Isolation dan Pengendalian Produk (Manual Operasi Intertank) | D52: A,B | E52: - | F52: Diisikan Nomer dokumen untuk melakukan manual operasi intertank. | G52: - | H52: - | I52: - | J52: -
C53: Prosedur Pengosongan Tanki | D53: A | E53: - | F53: Diisikan Nomer dokumen untuk melakukan prosedur pengosongan tangki yang mengalami korosi. | G53: - | H53: - | I53: - | J53: -
C54: Additional Notes / Concern matter :
C55: (Diisikan jika ada catatan tambahan / informasi penting lainnya terkait assessment Mitigation & Emergency Plan barrier yang perlu dijadikan tambahan informasi).
C59: MAJOR ACCIDENT EVENT
C60: A | G60: B
C61: Berpotensi terjadinya Flammable Gas Dispersi dari Tumpahan Produk | G61: Berpotensi Terjadinya Kebakaran (Flash / Pool / Jet Fire)
C65: ULTIMATE RISK ASSESSMENT
C66: CONSEQUENCES | F66: SEVERITY LEVEL | G66: LIKELIHOOD | H66: INHERENT RISK
C67: Manusia | D67: ü | F67: ='Initial Risk'!F17 -> 4 | G67: ='Initial Risk'!G17 -> 3 | H67: =F67*G67 -> 12
C68: Environment | D68: ü | F68: (Catastropic) | G68: (Unlikely / Jarang terjadi) | H68: (High)
C69: Financial Impact | D69: ü | F69: SEVERITY LEVEL*2 | G69: LIKELIHOOD*2 | H69: FINAL RISK
C70: Asset & Equipment | D70: ü | F70: 2 | G70: 2 | H70: =F70*G70 -> 4
C71: Notifikasi Publik | D71: ü | F71: (Minor) | G71: (Unlikely / Jarang terjadi) | H71: (Low to Moderate Risk)
C72: RECOMMENDATION
C73: 1. Disikan Rekomendasi yang sifatnya pemenuhan / perbaikan / penyempurnaan terhadap barrier Preventive , Detect/Control, Mitigasi dan Emergency Response.
C74: 2.
C75: 3.
C76: dst
C78: EVIDENCE SECTION

Sheet SF-07
C2: HYDROCARBON STORAGE FACILITY
C4: MAJOR ACCIDENT HAZARD
C5: Extreem Weather and/Or Natural Disaster
C6: STORAGE FACILITY & PROCESS OVERVIEW | G6: MAH REGISTER NO. | H6: DATE:
C7: Total Tangki Tiimbun DPPU Eltari ada 7 Tangki Timbun. Tangki No 01-04 Kapasitas 50KL Produk Avtur, Tangki No 05 Kapsitas 100 KL Produk Avtur, Tangki No.06 Kapasitas 500 KL dan Tangki Own Use Kapasitas 12 KL Produk Solar | G7: MAH-SF-007-DPPU Eltari | H7: 01 Maret 2023
G8: REFFERENCE DOC. : | H8: MAH Description :
G9: (Diisikan dokumen reference i.e HAZOP Study, OGB Risk Register, Historical Data, etc). | H9: Hydrocarbon release due to failure at tank bottom and/or base plate metal or Support Structure (for Sherical Tank). The release of HC resulting major spill, fire and/or explosion, it leading to serious injury and/or multiple fatalities and environment damage.
C13: PREVENTIVE MEASURES | G13: DETECTION/CONTROL MEASURES
C14: HARDWARE (PLANT)
C15: Barrier | D15: Related to MAE | E15: Status | F15: Detail / Remarks | G15: Barrier | H15: Related to MAE | I15: Status | J15: Detail / Remarks
C16: Tank Storage Specification (Design Material Selection) | D16: A,B | E16: 1 | F16: Standar design API 650 | G16: CCTV | H16: A,B | I16: 0.5 | J16: CCTV ada 8 titik 4 dalam kondisi mati
C17: Tank Storage Specification (Additional Support Structure) | D17: A,B | E17: 1 | F17: Memiliki Pondasi tangki | G17: - | H17: - | I17: - | J17: -
C18: PEOPLE + PROCESS
C19: Barrier | D19: Related to MAE | E19: Status | F19: Detail / Remarks | G19: Barrier | H19: Related to MAE | I19: Status | J19: Detail / Remarks
C20: Program Periodically Inspection | D20: A,B | E20: 1 | F20: COI Tangki Storage valid sampai 27 Juli 2024 | G20: Plant / Pipeline Patrol | H20: A,B | I20: 1 | J20: Pemeriksaan Jalur pipa secara periode
C21: Periodically Inspection Lightning Protection | D21: A,B | E21: 1 | F21: Yearly Activity Program | G21: - | H21: - | I21: - | J21: -
C22: Prosedur / Klausul Pengoperasian Tangki timbun Saat Cuaca Buruk | D22: A,B | E22: N/A | G22: - | H22: - | I22: - | J22: -
C23: Housekeeping Programme | D23: A,B | E23: 1 | F23: Housekeeping Programme | G23: - | H23: - | I23: - | J23: -
C24: Additional Notes / Concern matter :
C25: (Diisikan jika ada catatan tambahan / informasi penting lainnya terkait assessment preventive & Detect-control barrier yang perlu dijadikan tambahan informasi).
C29: INITIATING EVENT
C31: Hydrocarbon Release / LOPC
C33: MITIGATION MEASURES | G33: EMERGENCY RESPONSE RESOURCES
C34: =C14 -> HARDWARE (PLANT)
C35: Barrier | D35: Related to MAE | E35: Status | F35: Detail / Remarks | G35: Barrier | H35: Related to MAE | I35: Status | J35: Detail / Remarks
C36: Emergency Leak Plug / Emergency Leak control equipment | D36: A | E36: 1 | F36: Tersedia peralatan penanggulangan kebocoran pipa (temporary repair), seperti Clamp, Belzona, resin, peralatan pendukung lainnya. | G36: Emergency Communication (Radio HT) | H36: A,B | I36: 1 | J36: Tersedia Radio Komunikasi / HT sesuai dengan kebutuhan (Jumlah dan spec.) dan berfungsi dengan baik.
C37: Stardarized Electrical System | D37: A | E37: 1 | F37: Apakah Peralatan Listrik di area Penerimaan yang masuk hazardous area sudah sesuai spesifikasi? | G37: Emergency Alarm (Beacon) | H37: A,B | I37: 1 | J37: Tersedia Alarm / lonceng di berbagai titik sebagai emergency Alarm.
C38: Shutdown Valve (SDV) | D38: A | E38: N/A | F38: Terpasang SDV di jalur pipa penerimaan. | G38: Muster Point | H38: A,B | I38: 1 | J38: Tersedia area Muster Point ( rambu dan penunjuk jalur tersedia, visible), jarak cukup jauh dengan sumber api > 100 m,.
C39: Portable Gas Detector | D39: A | E39: 1 | F39: Ada Portable Gas Detector MSA Altair 5X | G39: APD/PPE untuk tumpahan bahan bakar (safety boot, wearpack, masker catridge) | H39: A | I39: 1 | J39: Tersedia safety boot, wearpack dan masker catridge sesuai dengan kebutuhan untuk penanggulangan tumpahan / kebocoran produk.
C40: Fixed Fire & Gas Detector System (FGDS) | D40: A,B | E40: N/A | F40: Terpasang Fixed FGDS di area penerimaan. | G40: Oil Spill Emergency Repsonse (Oil Boom,oil absorbent, skimmer, dll) | H40: A | I40: 1 | J40: Tersedia peralatan penaggulang tumpahan minyak oil Absorbent disetiap kendaraan
C41: Bundwall System | D41: A | E41: 1 | F41: Tangki memiliki Bundwall | G41: Fixed Fire Fighting Equipment/System (Fire Pump, Fire Hydran, Fire Water Line). | H41: B | I41: 1 | J41: Tersedia peralatan penanggulangan kebakaran 1 Unit Fore Pump, termasuk Fire Risk Card sesuai skenario.
C42: Cooling system (spray/springkler system) | D42: B | E42: 1 | F42: Sprinkler Terpasang pada T 06 sedangkan T 01-T05 Tangki Semi Burried | G42: Mobile emergency Response Eqipment (Fire Truck, Fire Jeep,QRU, LPG Evacuation Unit, Vacuum Truck) | H42: A,B | I42: 1 | J42: tersedia Mobile Equipment Response dan kondisi nya ( 1 Unit Mobile Fire Pump)
C43: Lightning Protection System | D43: B | E43: 1 | F43: Terpasang 1 Unit Lightning Protection | G43: Fixed Foam Protection System | H43: A,B | I43: N/A | J43: Tidak ada
C44: Grounding System | D44: B | E44: 1 | F44: Terpasang Grounding system yang cukup danter-instalasi dengan baik. | G44: Generator Set (Genset) untuk Power Supply saat Emergency | H44: B | I44: 1 | J44: Tersedia 2 unit Genset yang siap pakai dan COI nya valid
C45: Oil Catcher System | D45: A | E45: 1 | F45: Tersedia oil cathcer yang sesuai persyaratan dan spesifikasi. | G45: - | H45: - | I45: - | J45: -
C46: =C18 -> PEOPLE + PROCESS
C47: Barrier | D47: Related to MAE | E47: Status | F47: Detail / Remarks | G47: Barrier | H47: Related to MAE | I47: Status | J47: Detail / Remarks
C48: Electrical Hazardous Area Classification (EHAC) | D48: A,B | E48: - | F48: Pengklasifikasiaan peralatan dan electrical system sesuai hazardous area sudah diterapkan. | G48: Organisasi & Personel Pengendalian Tanggap Darurat yang Kompeten | H48: A,B | I48: 1 | J48: Sudah ditetapkan Organisasi dan Personel Pengendalian Keadaan Darurat setempat.
C49: Security Guard | D49: A,B | E49: 1 | F49: Tersedia personel dan aktivitas pengamanan yang meng-cover area penyimpanan produk. | G49: Pedoman Pengendalian Keadaan Darurat | H49: A | I49: 1 | J49: Tersedia Pedoman Pengendalian Keadaan Darurat (PKD) terbaru.
C50: Aturan jarak aman antar tangki (Tank Spacing) | D50: A,B | E50: 1 | F50: Jarak aman antar tangki, tangki ke bangunan terpenuhi sesuai pedoman/standar yang dijadikan referensi. | G50: Bussiness Continuity Plan/Management | H50: A,B | I50: 1 | J50: Tersedia dokumen BCP / Skenario RAE.
C51: Aturan Safety Distance | D51: A,B | E51: 1 | F51: Jarak aman dengan fasilitas, jalan umum, dan bangunan penting terpenuhi. | G51: - | H51: - | I51: - | J51: -
C52: Prosedur Isolation dan Pengendalian Produk (Manual Operasi Intertank) | D52: A,B | E52: - | F52: Diisikan Nomer dokumen untuk melakukan manual operasi intertank. | G52: - | H52: - | I52: - | J52: -
C53: Prosedur Pengosongan Tanki | D53: A | E53: - | F53: Diisikan Nomer dokumen untuk melakukan prosedur pengosongan tangki yang mengalami korosi. | G53: - | H53: - | I53: - | J53: -
C54: Additional Notes / Concern matter :
C55: (Diisikan jika ada catatan tambahan / informasi penting lainnya terkait assessment Mitigation & Emergency Plan barrier yang perlu dijadikan tambahan informasi).
C59: MAJOR ACCIDENT EVENT
C60: A | G60: B
C61: Berpotensi terjadinya Flammable Gas Dispersi dari Tumpahan Produk | G61: Berpotensi Terjadinya Kebakaran (Flash / Pool / Jet Fire)
C65: ULTIMATE RISK ASSESSMENT
C66: CONSEQUENCES | F66: SEVERITY LEVEL | G66: LIKELIHOOD | H66: INHERENT RISK
C67: Manusia | D67: ü | F67: ='Initial Risk'!F18 -> 4 | G67: ='Initial Risk'!G18 -> 3 | H67: =F67*G67 -> 12
C68: Environment | D68: ü | F68: (Catastropic) | G68: (Moderate / Bisa Terjadi) | H68: (High)
C69: Financial Impact | D69: ü | F69: SEVERITY LEVEL*2 | G69: LIKELIHOOD*2 | H69: FINAL RISK
C70: Asset & Equipment | D70: ü | F70: 3 | G70: 2 | H70: =F70*G70 -> 6
C71: Notifikasi Publik | D71: ü | F71: (Significant) | G71: (Unlikely / Jarang terjadi) | H71: (Low to Moderate Risk)
C72: RECOMMENDATION
C73: 1. Disikan Rekomendasi yang sifatnya pemenuhan / perbaikan / penyempurnaan terhadap barrier Preventive , Detect/Control, Mitigasi dan Emergency Response.
C74: 2.
C75: 3.
C76: dst
C78: EVIDENCE SECTION

Sheet DF-01
C2: HYDROCARBON DISTRIBUTING FACILITY
C4: MAJOR ACCIDENT HAZARD
C5: Internal / Eksternal Corrosion
C6: DISTRIBUTING FACILITY & PROCESS OVERVIEW | G6: MAH REGISTER NO. | H6: DATE:
C7: Penyaluran avtur ke pesawat dilakukan menggunakan 6 Unit Refueller 5 Unit Kapasitas 16 KL dan 1 Unit Kapasitas 12 KL. Refueller diisi menggunakan 1 Unit Fasilitas Topping Up menggunakan 1 unit pompa topping dengan kecepatan flowrate 800 Lpm. | G7: MAH-DF-001-DPPU Eltari | H7: 1 Maret 2023
G8: REFFERENCE DOC. : | H8: MAH Description :
G9: (Diisikan dokumen reference i.e HAZOP Study, OGB Risk Register, Historical Data, etc). | H9: Hydrocarbon release due to distributing facility corrosion (internal and/or eksternal). The release of HC resulting major spill, fire and/or explosion, it leading to serious injury and/or multiple fatalities and environment damage.
C13: PREVENTIVE MEASURES | G13: DETECTION/CONTROL MEASURES
C14: HARDWARE (PLANT)
C15: Barrier | D15: Related to MAE | E15: Status | F15: Detail / Remarks | G15: Barrier | H15: Related to MAE | I15: Status | J15: Detail / Remarks
C16: Pipeline Specification (Design Material Selection) | D16: A,B | E16: 1 | F16: API 5L Grade B Schedule 80 Dia. 4" | G16: CCTV | H16: A,B | I16: 0.5 | J16: CCTV ada 8 titik 4 dalam kondisi mati
C17: Product Pump Specification (Design Material Selection) | D17: A,B | E17: 0.75 | F17: Centrifugal Diesel Pump | G17: - | H17: - | I17: - | J17: -
C18: Pipeline Specification (Internal/ External Coating) | D18: A,B | E18: 1 | F18: Internal Coating EI 1541. >=350 mikron | G18: - | H18: - | I18: - | J18: -
C19: Pipeline Specification (Cathodic Protection) | D19: A,B | E19: N/A | F19: tidak cathodic protection. | G19: - | H19: - | I19: - | J19: -
C20: Pipeline (Corrosion Inhibitor) | D20: A,B | E20: N/A | F20: tidak terpasang corrosion inhibitor ( Semua Pipa above ground) | G20: - | H20: - | I20: - | J20: -
C21: PEOPLE + PROCESS
C22: Barrier | D22: Related to MAE | E22: Status | F22: Detail / Remarks | G22: Barrier | H22: Related to MAE | I22: Status | J22: Detail / Remarks
C23: Program Periodically Inspection | D23: A,B | E23: 1 | F23: Dilakukan Inspeksi Pipa oleh RPD | G23: Pipeline Leak Detection | H23: A,B | I23: N/A | J23: apakah ada sistem / prosedur / metoda / peralatan untuk mendetaksi kebocoran sepanjang jalur pipa?
C24: Program Integrity Management / Risk Based Inspection Program (RBI) | D24: A,B | E24: N/A | F24: Diisikan apakah program RBI asudah berjalan di lokasi | G24: Plant / Pipeline Patrol | H24: A,B | I24: 1 | J24: Dilakukan pemeriksaan Pipa secara Peridoik
C25: Pipeline Pigging Programme | D25: A,B | E25: N/A | F25: Diisikan mengenai program Pigging pipa sesuai prosedur yang ditetapkan. | G25: - | H25: - | I25: - | J25: -
C26: Programme Condition Monitoring (for rotating Equipment) / LTSA | D26: A,B | E26: N/A | F26: apakah sudah ada program LTSA untuk peralatan berputar (pompa). | G26: - | H26: - | I26: - | J26: -
C27: Housekeeping Programme | D27: A,B | E27: - | F27: Housekeeping Programme | G27: - | H27: - | I27: - | J27: -
C28: Additional Notes / Concern matter :
C29: (Diisikan jika ada catatan tambahan / informasi penting lainnya terkait assessment preventive & Detect-control barrier yang perlu dijadikan tambahan informasi).
C33: INITIATING EVENT
C35: Hydrocarbon Release / LOPC
C37: MITIGATION MEASURES | G37: EMERGENCY RESPONSE RESOURCES
C38: =C14 -> HARDWARE (PLANT)
C39: Barrier | D39: Related to MAE | E39: Status | F39: Detail / Remarks | G39: Barrier | H39: Related to MAE | I39: Status | J39: Detail / Remarks
C40: Emergency Leak Plug / Emergency Leak control equipment | D40: A | E40: 1 | F40: Tersedia peralatan penanggulangan kebocoran pipa (temporary repair), DPPU Memiliki resin. | G40: Emergency Communication (Radio HT) | H40: A,B | I40: 1 | J40: HT ada 7 unit
C41: Stardarized Electrical System | D41: A | E41: 1 | F41: Apakah Peralatan Listrik di area Penerimaan yang masuk hazardous area sudah sesuai spesifikasi? | G41: Emergency Alarm (Beacon) | H41: A,B | I41: 1 | J41: Tersedia Alarm / lonceng di berbagai titik sebagai emergency Alarm.
C42: Shutdown Valve (SDV) | D42: A | E42: N/A | F42: Terpasang SDV di jalur pipa penerimaan. | G42: Muster Point | H42: A,B | I42: 1 | J42: Tersedia area Muster Point ( rambu dan penunjuk jalur tersedia, visible), jarak cukup jauh dengan sumber api > 100 m,.
C43: Portable Gas Detector | D43: A | E43: 1 | F43: Ada Portable Gas Detector MSA Altair 5X | G43: APD/PPE untuk tumpahan bahan bakar (safety boot, wearpack, masker catridge) | H43: A | I43: 1 | J43: Tersedia safety boot, wearpack dan masker catridge sesuai dengan kebutuhan untuk penanggulangan tumpahan / kebocoran produk.
C44: Fixed Fire & Gas Detector System (FGDS) | D44: A,B | E44: N/A | F44: Terpasang Fixed FGDS di area penerimaan. | G44: Oil Spill Emergency Repsonse (Oil Boom,oil absorbent, skimmer, dll) | H44: A | I44: 1 | J44: Tersedia peralatan penaggulang tumpahan minyak oil Absorbent disetiap kendaraan
C45: Lightning Protection System | D45: B | E45: 1 | F45: Terpasang 1 Unit Lightning Protection | G45: Fixed Fire Fighting Equipment/System (Fire Pump, Fire Hydran, Fire Water Line). | H45: B | I45: 1 | J45: Tersedia peralatan penanggulangan kebakaran 1 Unit Fore Pump, termasuk Fire Risk Card sesuai skenario.
C46: Grounding System | D46: B | E46: 1 | F46: Terpasang Grounding system yang cukup danter-instalasi dengan baik. | G46: Mobile emergency Response Eqipment (Fire Truck, Fire Jeep,QRU, LPG Evacuation Unit, Vacuum Truck) | H46: A,B | I46: 1 | J46: tersedia Mobile Equipment Response dan kondisi nya ( 1 Unit Mobile Fire Pump Merk Angus)
C47: Oil Catcher System | D47: A | E47: 1 | F47: Tersedia oil cathcer yang sesuai persyaratan dan spesifikasi. | G47: Generator Set (Genset) untuk Power Supply saat Emergency | H47: B | I47: 1 | J47: Tersedia 2 unit Genset yang siap pakai dan COI nya valid
C48: =C21 -> PEOPLE + PROCESS
C49: Barrier | D49: Related to MAE | E49: Status | F49: Detail / Remarks | G49: Barrier | H49: Related to MAE | I49: Status | J49: Detail / Remarks
C50: Electrical Hazardous Area Classification (EHAC) | D50: A,B | E50: N/A | F50: Pengklasifikasiaan peralatan dan electrical system sesuai hazardous area sudah diterapkan. | G50: Organisasi & Personel Pengendalian Tanggap Darurat yang Kompeten | H50: A,B | I50: 1 | J50: Sudah ditetapkan Organisasi dan Personel Pengendalian Keadaan Darurat setempat.
C51: Security Guard | D51: A,B | E51: 1 | F51: Tersedia personel dan aktivitas pengamanan saat di area pendistribusian / penyaluran. | G51: Pedoman Pengendalian Keadaan Darurat | H51: A | I51: 1 | J51: Tersedia Pedoman Pengendalian Keadaan Darurat (PKD) terbaru.
C52: Pipeline ROW (Cleareance & maintenace). | D52: A,B | E52: 1 | F52: Apakah Pipeline ROW (Righ-of-ways) sudah ditetapkan, diberitanda, dibersihkan dan dilakukan pemeliharaan. | G52: Bussiness Continuity Plan/Management | H52: A,B | I52: 1 | J52: Tersedia dokumen BCP / Skenario RAE.
C53: Prosedur Pengukuran Grounding Secara Periodik | D53: B | E53: 1 | F53: Pemeriksaan grounding menggunakan Formulir Aviasi SF 211 berdasarkan Pompav Buku 4 Pemeliharaan Sarana dan Fasilitas | G53: - | H53: - | I53: - | J53: -
C54: Additional Notes / Concern matter :
C55: (Diisikan jika ada catatan tambahan / informasi penting lainnya terkait assessment Mitigation & Emergency Plan barrier yang perlu dijadikan tambahan informasi).
C59: MAJOR ACCIDENT EVENT
C60: A | G60: B
C61: Berpotensi terjadinya Flammable Gas Dispersi dari Tumpahan Produk | G61: Berpotensi Terjadinya Kebakaran (Flash / Pool / Jet Fire)
C65: ULTIMATE RISK ASSESSMENT
C66: CONSEQUENCES | F66: SEVERITY LEVEL | G66: LIKELIHOOD | H66: INHERENT RISK
C67: Manusia | D67: ü | F67: ='Initial Risk'!F19 -> 4 | G67: ='Initial Risk'!G19 -> 3 | H67: =F67*G67 -> 12
C68: Environment | D68: ü | F68: (Catastropic) | G68: (Almost / Hampir Pasti Terjadi) | H68: (High)
C69: Financial Impact | D69: ü | F69: SEVERITY LEVEL*2 | G69: LIKELIHOOD*2 | H69: FINAL RISK
C70: Asset & Equipment | D70: ü | F70: 4 | G70: 1 | H70: =F70*G70 -> 4
C71: Notifikasi Publik | D71: ü | F71: (Significant) | G71: (Rare/Hampir tdk mkn terjadi) | H71: (Low to Moderate Risk)
C72: RECOMMENDATION
C73: 1. Disikan Rekomendasi yang sifatnya pemenuhan / perbaikan / penyempurnaan terhadap barrier Preventive , Detect/Control, Mitigasi dan Emergency Response.
C74: 2.
C75: 3.
C76: dst
C78: EVIDENCE SECTION

Sheet DF-02
C2: HYDROCARBON DISTRIBUTING FACILITY
C4: MAJOR ACCIDENT HAZARD
C5: Failure at Valve, Flange, Seal & Small Bore
C6: DISTRIBUTING FACILITY & PROCESS OVERVIEW | G6: MAH REGISTER NO. | H6: DATE:
C7: Penyaluran avtur ke pesawat dilakukan menggunakan 6 Unit Refueller 5 Unit Kapasitas 16 KL dan 1 Unit Kapasitas 12 KL. Refueller diisi menggunakan 1 Unit Fasilitas Topping Up menggunakan 1 unit pompa topping dengan kecepatan flowrate 800 Lpm. | G7: MAH-DF-002-DPPU Eltari | H7: 01 Maret 2023
G8: REFFERENCE DOC. : | H8: MAH Description :
G9: (Diisikan dokumen reference i.e HAZOP Study, OGB Risk Register, Historical Data, etc). | H9: Hydrocarbon release due to failure or broke valve, flange, seal & small-bore . The release of HC resulting major spill, fire and/or explosion, it leading to serious injury and/or multiple fatalities and environment damage.
C13: PREVENTIVE MEASURES | G13: DETECTION/CONTROL MEASURES
C14: HARDWARE (PLANT)
C15: Barrier | D15: Related to MAE | E15: Status | F15: Detail / Remarks | G15: Barrier | H15: Related to MAE | I15: Status | J15: Detail / Remarks
C16: Pipeline Specification (Design Material Selection) | D16: A,B | E16: 1 | F16: API 5L Grade B Schedule 80 Dia. 4" | G16: CCTV | H16: A,B | I16: 0.5 | J16: CCTV ada 8 titik 4 dalam kondisi mati
C17: Product Pump Specification (Design Material Selection) | D17: A,B | E17: 1 | F17: Centrifugal Diesel Pump | G17: - | H17: - | I17: - | J17: -
C18: Standarized Bolting Practices | D18: A,B | E18: 1 | F18: Pengencangan baut menggunakan Torch Wrench | G18: - | H18: - | I18: - | J18: -
C19: PEOPLE + PROCESS
C20: Barrier | D20: Related to MAE | E20: Status | F20: Detail / Remarks | G20: Barrier | H20: Related to MAE | I20: Status | J20: Detail / Remarks
C21: Program Periodically Inspection | D21: A,B | E21: 1 | F21: Dilakukan Inspeksi Pipa oleh RPD | G21: Pipeline Leak Detection | H21: A,B | I21: N/A | J21: apakah ada sistem / prosedur / metoda / peralatan untuk mendetaksi kebocoran sepanjang jalur pipa?
C22: Program Integrity Management / Risk Based Inspection Program (RBI) | D22: A,B | E22: N/A | F22: Diisikan apakah program RBI asudah berjalan di lokasi | G22: Plant / Pipeline Patrol | H22: A,B | I22: 1 | J22: Dilakukan pemeriksaan Pipa secara Peridoik
C23: Pemeliharaan & Pergantian Valve/Flange/Gasket secara periodikal | D23: A,B | E23: N/A | F23: Diisikan mengenai program Pigging pipa sesuai prosedur yang ditetapkan. | G23: Program analysis fugitive realease menggunakan fugitive imaging camera | H23: A | I23: N/A | J23: Apakah program analysis fugitive release sudah dilaksanakan secara rutin.
C24: Programme Condition Monitoring (for rotating Equipment) / LTSA | D24: A,B | E24: N/A | F24: apakah sudah ada program LTSA untuk peralatan berputar (pompa). | G24: - | H24: - | I24: - | J24: -
C25: Housekeeping Programme | D25: A,B | E25: - | F25: Housekeeping Programme | G25: - | H25: - | I25: - | J25: -
C26: Additional Notes / Concern matter :
C27: (Diisikan jika ada catatan tambahan / informasi penting lainnya terkait assessment preventive & Detect-control barrier yang perlu dijadikan tambahan informasi).
C31: INITIATING EVENT
C33: Hydrocarbon Release / LOPC
C35: MITIGATION MEASURES | G35: EMERGENCY RESPONSE RESOURCES
C36: =C14 -> HARDWARE (PLANT)
C37: Barrier | D37: Related to MAE | E37: Status | F37: Detail / Remarks | G37: Barrier | H37: Related to MAE | I37: Status | J37: Detail / Remarks
C38: Emergency Leak Plug / Emergency Leak control equipment | D38: A | E38: 1 | F38: Tersedia peralatan penanggulangan kebocoran pipa (temporary repair), DPPU Memiliki resin. | G38: Emergency Communication (Radio HT) | H38: A,B | I38: 1 | J38: HT ada 7 unit
C39: Stardarized Electrical System | D39: A | E39: 1 | F39: Apakah Peralatan Listrik di area Penerimaan yang masuk hazardous area sudah sesuai spesifikasi? | G39: Emergency Alarm (Beacon) | H39: A,B | I39: 1 | J39: Tersedia Alarm / lonceng di berbagai titik sebagai emergency Alarm.
C40: Shutdown Valve (SDV) | D40: A | E40: N/A | F40: Terpasang SDV di jalur pipa penerimaan. | G40: Muster Point | H40: A,B | I40: 1 | J40: Tersedia area Muster Point ( rambu dan penunjuk jalur tersedia, visible), jarak cukup jauh dengan sumber api > 100 m,.
C41: Portable Gas Detector | D41: A | E41: 1 | F41: Ada Portable Gas Detector MSA Altair 5X | G41: APD/PPE untuk tumpahan bahan bakar (safety boot, wearpack, masker catridge) | H41: A | I41: 1 | J41: Tersedia safety boot, wearpack dan masker catridge sesuai dengan kebutuhan untuk penanggulangan tumpahan / kebocoran produk.
C42: Fixed Fire & Gas Detector System (FGDS) | D42: A,B | E42: N/A | F42: Terpasang Fixed FGDS di area penerimaan. | G42: Oil Spill Emergency Repsonse (Oil Boom,oil absorbent, skimmer, dll) | H42: A | I42: 1 | J42: Tersedia peralatan penaggulang tumpahan minyak oil Absorbent disetiap kendaraan
C43: Lightning Protection System | D43: B | E43: 1 | F43: Terpasang 1 Unit Lightning Protection | G43: Fixed Fire Fighting Equipment/System (Fire Pump, Fire Hydran, Fire Water Line). | H43: B | I43: 1 | J43: Tersedia peralatan penanggulangan kebakaran 1 Unit Fore Pump, termasuk Fire Risk Card sesuai skenario.
C44: Grounding System | D44: B | E44: 1 | F44: Terpasang Grounding system yang cukup danter-instalasi dengan baik. | G44: Mobile emergency Response Eqipment (Fire Truck, Fire Jeep,QRU, LPG Evacuation Unit, Vacuum Truck) | H44: A,B | I44: 1 | J44: tersedia Mobile Equipment Response dan kondisi nya ( 1 Unit Mobile Fire Pump Merk Angus)
C45: Oil Catcher System | D45: A | E45: 1 | F45: Tersedia oil cathcer yang sesuai persyaratan dan spesifikasi. | G45: Generator Set (Genset) untuk Power Supply saat Emergency | H45: B | I45: 1 | J45: Tersedia 2 unit Genset yang siap pakai dan COI nya valid
C46: =C19 -> PEOPLE + PROCESS
C47: Barrier | D47: Related to MAE | E47: Status | F47: Detail / Remarks | G47: Barrier | H47: Related to MAE | I47: Status | J47: Detail / Remarks
C48: Electrical Hazardous Area Classification (EHAC) | D48: A,B | E48: N/A | F48: Pengklasifikasiaan peralatan dan electrical system sesuai hazardous area sudah diterapkan. | G48: Organisasi & Personel Pengendalian Tanggap Darurat yang Kompeten | H48: A,B | I48: 1 | J48: Sudah ditetapkan Organisasi dan Personel Pengendalian Keadaan Darurat setempat.
C49: Security Guard | D49: A,B | E49: 1 | F49: Tersedia personel dan aktivitas pengamanan saat di area pendistribusian / penyaluran. | G49: Pedoman Pengendalian Keadaan Darurat | H49: A | I49: 1 | J49: Tersedia Pedoman Pengendalian Keadaan Darurat (PKD) terbaru.
C50: Pipeline ROW (Cleareance & maintenace). | D50: A,B | E50: 1 | F50: Apakah Pipeline ROW (Righ-of-ways) sudah ditetapkan, diberitanda, dibersihkan dan dilakukan pemeliharaan. | G50: Bussiness Continuity Plan/Management | H50: A,B | I50: 1 | J50: Tersedia dokumen BCP / Skenario RAE.
C51: Prosedur Pengukuran Grounding Secara Periodik | D51: B | E51: 1 | F51: Pemeriksaan grounding menggunakan Formulir Aviasi SF 211 berdasarkan Pompav Buku 4 Pemeliharaan Sarana dan Fasilitas | G51: - | H51: - | I51: - | J51: -
C52: Additional Notes / Concern matter :
C53: (Diisikan jika ada catatan tambahan / informasi penting lainnya terkait assessment Mitigation & Emergency Plan barrier yang perlu dijadikan tambahan informasi).
C57: MAJOR ACCIDENT EVENT
C58: A | G58: B
C59: Berpotensi terjadinya Flammable Gas Dispersi dari Tumpahan Produk | G59: Berpotensi Terjadinya Kebakaran (Flash / Pool / Jet Fire)
C63: ULTIMATE RISK ASSESSMENT
C64: CONSEQUENCES | F64: SEVERITY LEVEL | G64: LIKELIHOOD | H64: INHERENT RISK
C65: Manusia | D65: ü | F65: ='Initial Risk'!F20 -> 4 | G65: ='Initial Risk'!G20 -> 3 | H65: =F65*G65 -> 12
C66: Environment | D66: ü | F66: (Catastropic) | G66: (Almost / Hampir Pasti Terjadi) | H66: (High)
C67: Financial Impact | D67: ü | F67: SEVERITY LEVEL*2 | G67: LIKELIHOOD*2 | H67: FINAL RISK
C68: Asset & Equipment | D68: ü | F68: 4 | G68: 2 | H68: =F68*G68 -> 8
C69: Notifikasi Publik | D69: ü | F69: (Significant) | G69: (Unlikely / Jarang terjadi) | H69: (Low to Moderate Risk)
C70: RECOMMENDATION
C71: 1. Disikan Rekomendasi yang sifatnya pemenuhan / perbaikan / penyempurnaan terhadap barrier Preventive , Detect/Control, Mitigasi dan Emergency Response.
C72: 2.
C73: 3.
C74: dst
C76: EVIDENCE SECTION

Sheet DF-03
C2: HYDROCARBON DISTRIBUTING FACILITY
C4: MAJOR ACCIDENT HAZARD
C5: Operating Outside of Designated Operational Envelope
C6: DISTRIBUTING FACILITY & PROCESS OVERVIEW | G6: MAH REGISTER NO. | H6: DATE:
C7: Penyaluran avtur ke pesawat dilakukan menggunakan 6 Unit Refueller 5 Unit Kapasitas 16 KL dan 1 Unit Kapasitas 12 KL. Refueller diisi menggunakan 1 Unit Fasilitas Topping Up menggunakan 1 unit pompa topping dengan kecepatan flowrate 800 Lpm. | G7: MAH-DF-003-DPPU Eltari | H7: 01 Maret 2023
G8: REFFERENCE DOC. : | H8: MAH Description :
G9: (Diisikan dokumen reference i.e HAZOP Study, OGB Risk Register, Historical Data, etc). | H9: Hydrocarbon release due to Operating Outside of Design Operational Envelope / SOL envelope. The release of HC resulting major spill, fire and/or explosion, it leading to serious injury and/or multiple fatalities and environment damage.
C13: PREVENTIVE MEASURES | G13: DETECTION/CONTROL MEASURES
C14: HARDWARE (PLANT)
C15: Barrier | D15: Related to MAE | E15: Status | F15: Detail / Remarks | G15: Barrier | H15: Related to MAE | I15: Status | J15: Detail / Remarks
C16: Pipeline Specification (Design Material Selection) | D16: A,B | E16: 1 | F16: API 5L Grade B Schedule 80 Dia. 4" | G16: CCTV | H16: A,B | I16: 0.5 | J16: CCTV ada 8 titik 4 dalam kondisi mati
C17: Product Pump Specification (Design Material Selection) | D17: A,B | E17: 1 | F17: Centrifugal Diesel Pump | G17: Mechanical overpresure protection (PSV di jalur pendistribusian / penyaluran). | H17: A,B | I17: N/A | J17: tidak ada PCV di Area Penerimaan
C18: - | D18: - | E18: - | F18: - | G18: Safety Instrumented function (PAHH dan PALL pada Pompa) | H18: A,B | I18: 1 | J18: Diesel Pump dilengkapi ESD
C19: - | D19: - | E19: - | F19: - | G19: Actuated Isolation valve (MOV) | H19: A | I19: N/A | J19: Tidak Terpasang MOV di jalur penerimaan, termasuk supply listrik untuk menggerakan MOV.
C20: PEOPLE + PROCESS
C21: Barrier | D21: Related to MAE | E21: Status | F21: Detail / Remarks | G21: Barrier | H21: Related to MAE | I21: Status | J21: Detail / Remarks
C22: Program Periodically Inspection | D22: A,B | E22: 1 | F22: Dilakukan Inspeksi Pipa oleh RPD | G22: Pipeline Leak Detection | H22: A,B | I22: N/A | J22: apakah ada sistem / prosedur / metoda / peralatan untuk mendetaksi kebocoran sepanjang jalur pipa?
C23: Program Integrity Management / Risk Based Inspection Program (RBI) | D23: A,B | E23: N/A | F23: Diisikan apakah program RBI asudah berjalan di lokasi | G23: Plant / Pipeline Patrol | H23: A,B | I23: 1 | J23: Dilakukan pemeriksaan Pipa secara Peridoik
C24: Prosedur pendistribusian / penyaluran Produk | D24: A,B | E24: N/A | F24: Diisikan mengenai program Pigging pipa sesuai prosedur yang ditetapkan. | G24: - | H24: - | I24: - | J24: -
C25: Programme Condition Monitoring (for rotating Equipment) / LTSA | D25: A,B | E25: N/A | F25: apakah sudah ada program LTSA untuk peralatan berputar (pompa). | G25: - | H25: - | I25: - | J25: -
C26: Housekeeping Programme | D26: A,B | E26: - | F26: Housekeeping Programme | G26: - | H26: - | I26: - | J26: -
C27: Additional Notes / Concern matter :
C28: (Diisikan jika ada catatan tambahan / informasi penting lainnya terkait assessment preventive & Detect-control barrier yang perlu dijadikan tambahan informasi).
C32: INITIATING EVENT
C34: Hydrocarbon Release / LOPC
C36: MITIGATION MEASURES | G36: EMERGENCY RESPONSE RESOURCES
C37: =C14 -> HARDWARE (PLANT)
C38: Barrier | D38: Related to MAE | E38: Status | F38: Detail / Remarks | G38: Barrier | H38: Related to MAE | I38: Status | J38: Detail / Remarks
C39: Emergency Leak Plug / Emergency Leak control equipment | D39: A | E39: 1 | F39: Tersedia peralatan penanggulangan kebocoran pipa (temporary repair), DPPU Memiliki resin. | G39: Emergency Communication (Radio HT) | H39: A,B | I39: 1 | J39: HT ada 7 unit
C40: Stardarized Electrical System | D40: A | E40: 1 | F40: Apakah Peralatan Listrik di area Penerimaan yang masuk hazardous area sudah sesuai spesifikasi? | G40: Emergency Alarm (Beacon) | H40: A,B | I40: 1 | J40: Tersedia Alarm / lonceng di berbagai titik sebagai emergency Alarm.
C41: Shutdown Valve (SDV) | D41: A | E41: N/A | F41: Terpasang SDV di jalur pipa penerimaan. | G41: Muster Point | H41: A,B | I41: 1 | J41: Tersedia area Muster Point ( rambu dan penunjuk jalur tersedia, visible), jarak cukup jauh dengan sumber api > 100 m,.
C42: Portable Gas Detector | D42: A | E42: 1 | F42: Ada Portable Gas Detector MSA Altair 5X | G42: APD/PPE untuk tumpahan bahan bakar (safety boot, wearpack, masker catridge) | H42: A | I42: 1 | J42: Tersedia safety boot, wearpack dan masker catridge sesuai dengan kebutuhan untuk penanggulangan tumpahan / kebocoran produk.
C43: Fixed Fire & Gas Detector System (FGDS) | D43: A,B | E43: N/A | F43: Terpasang Fixed FGDS di area penerimaan. | G43: Oil Spill Emergency Repsonse (Oil Boom,oil absorbent, skimmer, dll) | H43: A | I43: 1 | J43: Tersedia peralatan penaggulang tumpahan minyak oil Absorbent disetiap kendaraan
C44: Lightning Protection System | D44: B | E44: 1 | F44: Terpasang 1 Unit Lightning Protection | G44: Fixed Fire Fighting Equipment/System (Fire Pump, Fire Hydran, Fire Water Line). | H44: B | I44: 1 | J44: Tersedia peralatan penanggulangan kebakaran 1 Unit Fore Pump, termasuk Fire Risk Card sesuai skenario.
C45: Grounding System | D45: B | E45: 1 | F45: Terpasang Grounding system yang cukup danter-instalasi dengan baik. | G45: Mobile emergency Response Eqipment (Fire Truck, Fire Jeep,QRU, LPG Evacuation Unit, Vacuum Truck) | H45: A,B | I45: 1 | J45: tersedia Mobile Equipment Response dan kondisi nya ( 1 Unit Mobile Fire Pump Merk Angus)
C46: Oil Catcher System | D46: A | E46: 1 | F46: Tersedia oil cathcer yang sesuai persyaratan dan spesifikasi. | G46: Generator Set (Genset) untuk Power Supply saat Emergency | H46: B | I46: 1 | J46: Tersedia 2 unit Genset yang siap pakai dan COI nya valid
C47: =C20 -> PEOPLE + PROCESS
C48: Barrier | D48: Related to MAE | E48: Status | F48: Detail / Remarks | G48: Barrier | H48: Related to MAE | I48: Status | J48: Detail / Remarks
C49: Electrical Hazardous Area Classification (EHAC) | D49: A,B | E49: N/A | F49: Pengklasifikasiaan peralatan dan electrical system sesuai hazardous area sudah diterapkan. | G49: Organisasi & Personel Pengendalian Tanggap Darurat yang Kompeten | H49: A,B | I49: 1 | J49: Sudah ditetapkan Organisasi dan Personel Pengendalian Keadaan Darurat setempat.
C50: Security Guard | D50: A,B | E50: 1 | F50: Tersedia personel dan aktivitas pengamanan saat di area pendistribusian / penyaluran. | G50: Pedoman Pengendalian Keadaan Darurat | H50: A | I50: 1 | J50: Tersedia Pedoman Pengendalian Keadaan Darurat (PKD) terbaru.
C51: Pipeline ROW (Cleareance & maintenace). | D51: A,B | E51: 1 | F51: Apakah Pipeline ROW (Righ-of-ways) sudah ditetapkan, diberitanda, dibersihkan dan dilakukan pemeliharaan. | G51: Bussiness Continuity Plan/Management | H51: A,B | I51: 1 | J51: Tersedia dokumen BCP / Skenario RAE.
C52: Prosedur Pengukuran Grounding Secara Periodik | D52: B | E52: 1 | F52: Pemeriksaan grounding menggunakan Formulir Aviasi SF 211 berdasarkan Pompav Buku 4 Pemeliharaan Sarana dan Fasilitas | G52: - | H52: - | I52: - | J52: -
C53: Additional Notes / Concern matter :
C54: (Diisikan jika ada catatan tambahan / informasi penting lainnya terkait assessment Mitigation & Emergency Plan barrier yang perlu dijadikan tambahan informasi).
C58: MAJOR ACCIDENT EVENT
C59: A | G59: B
C60: Berpotensi terjadinya Flammable Gas Dispersi dari Tumpahan Produk | G60: Berpotensi Terjadinya Kebakaran (Flash / Pool / Jet Fire)
C64: ULTIMATE RISK ASSESSMENT
C65: CONSEQUENCES | F65: SEVERITY LEVEL | G65: LIKELIHOOD | H65: INHERENT RISK
C66: Manusia | D66: ü | F66: ='Initial Risk'!F23 -> 4 | G66: ='Initial Risk'!G21 -> 2 | H66: =F66*G66 -> 8
C67: Environment | D67: ü | F67: (Catastropic) | G67: (Likely / Sangat Mungkin Terjadi) | H67: (High)
C68: Financial Impact | D68: ü | F68: SEVERITY LEVEL*2 | G68: LIKELIHOOD*2 | H68: FINAL RISK
C69: Asset & Equipment | D69: ü | F69: 3 | G69: 2 | H69: =F69*G69 -> 6
C70: Notifikasi Publik | D70: ü | F70: (Moderate) | G70: (Moderate / Bisa Terjadi) | H70: (Low to Moderate Risk)
C71: RECOMMENDATION
C72: 1. Disikan Rekomendasi yang sifatnya pemenuhan / perbaikan / penyempurnaan terhadap barrier Preventive , Detect/Control, Mitigasi dan Emergency Response.
C73: 2.
C74: 3.
C75: dst
C77: EVIDENCE SECTION

Sheet DF-04
C2: HYDROCARBON DISTRIBUTING FACILITY
C4: MAJOR ACCIDENT HAZARD
C5: Maintenance Activity
C6: DISTRIBUTING FACILITY & PROCESS OVERVIEW | G6: MAH REGISTER NO. | H6: DATE:
C7: Penyaluran avtur ke pesawat dilakukan menggunakan 6 Unit Refueller 5 Unit Kapasitas 16 KL dan 1 Unit Kapasitas 12 KL. Refueller diisi menggunakan 1 Unit Fasilitas Topping Up menggunakan 1 unit pompa topping dengan kecepatan flowrate 800 Lpm. | G7: MAH-DF-004-DPPU Eltari | H7: 01 Maret 2023
G8: REFFERENCE DOC. : | H8: MAH Description :
G9: (Diisikan dokumen reference i.e HAZOP Study, OGB Risk Register, Historical Data, etc). | H9: Hydrocarbon release due to Maintenance Activites. The release of HC resulting major spill, fire and/or explosion, it leading to serious injury and/or multiple fatalities and environment damage.
C13: PREVENTIVE MEASURES | G13: DETECTION/CONTROL MEASURES
C14: HARDWARE (PLANT)
C15: Barrier | D15: Related to MAE | E15: Status | F15: Detail / Remarks | G15: Barrier | H15: Related to MAE | I15: Status | J15: Detail / Remarks
C16: - | D16: - | E16: - | F16: - | G16: CCTV | H16: A,B | I16: 0.5 | J16: CCTV ada 8 titik 4 dalam kondisi mati
C17: - | D17: - | E17: - | F17: - | G17: - | H17: - | I17: - | J17: -
C18: PEOPLE + PROCESS
C19: Barrier | D19: Related to MAE | E19: Status | F19: Detail / Remarks | G19: Barrier | H19: Related to MAE | I19: Status | J19: Detail / Remarks
C20: Prosedur Perbaikan / Pemeliharaan Peralatan | D20: A,B | E20: 1 | F20: Storage Tank inspection dan cleaning Form SF 231 | G20: Plant / Pipeline Patrol | H20: A,B | I20: 1 | J20: Pemeriksaan Jalur pipa secara periode
C21: Prosedur Sistem Ijin Kerja Aman (SIKA) | D21: A,B | E21: 1 | F21: Tersedia dan dilaksanakan Prosedur SIKA. | G21: - | H21: - | I21: - | J21: -
C22: Prosedur Management of Change (MOC) | D22: A,B | E22: 1 | F22: Tersedia dan dilaksanakan Prosedur MOC. | G22: - | H22: - | I22: - | J22: -
C23: Prosedur Isolation Energi (LOTO) | D23: A,B | E23: 1 | F23: Apakah tersedia dan dilaksanakan Prosedur Isolasi Energi dan tersedia LOTO Risk Card. | G23: - | H23: - | I23: - | J23: -
C24: Authorized Personel (GSI/SI/AT) | D24: A,B | E24: 1 | F24: Apakah Personel pemegang sertifikasi GSI/SI/AT tersedia lengkap di lokasi. | G24: - | H24: - | I24: - | J24: -
C25: Additional Notes / Concern matter :
C26: (Diisikan jika ada catatan tambahan / informasi penting lainnya terkait assessment preventive & Detect-control barrier yang perlu dijadikan tambahan informasi).
C30: INITIATING EVENT
C32: Hydrocarbon Release / LOPC
C34: MITIGATION MEASURES | G34: EMERGENCY RESPONSE RESOURCES
C35: =C14 -> HARDWARE (PLANT)
C36: Barrier | D36: Related to MAE | E36: Status | F36: Detail / Remarks | G36: Barrier | H36: Related to MAE | I36: Status | J36: Detail / Remarks
C37: Emergency Leak Plug / Emergency Leak control equipment | D37: A | E37: 1 | F37: Tersedia peralatan penanggulangan kebocoran pipa (temporary repair), DPPU Memiliki resin. | G37: Emergency Communication (Radio HT) | H37: A,B | I37: 1 | J37: HT ada 7 unit
C38: Stardarized Electrical System | D38: A | E38: 1 | F38: Apakah Peralatan Listrik di area Penerimaan yang masuk hazardous area sudah sesuai spesifikasi? | G38: Emergency Alarm (Beacon) | H38: A,B | I38: 1 | J38: Tersedia Alarm / lonceng di berbagai titik sebagai emergency Alarm.
C39: Shutdown Valve (SDV) | D39: A | E39: N/A | F39: Terpasang SDV di jalur pipa penerimaan. | G39: Muster Point | H39: A,B | I39: 1 | J39: Tersedia area Muster Point ( rambu dan penunjuk jalur tersedia, visible), jarak cukup jauh dengan sumber api > 100 m,.
C40: Portable Gas Detector | D40: A | E40: 1 | F40: Ada Portable Gas Detector MSA Altair 5X | G40: APD/PPE untuk tumpahan bahan bakar (safety boot, wearpack, masker catridge) | H40: A | I40: 1 | J40: Tersedia safety boot, wearpack dan masker catridge sesuai dengan kebutuhan untuk penanggulangan tumpahan / kebocoran produk.
C41: Fixed Fire & Gas Detector System (FGDS) | D41: A,B | E41: N/A | F41: Terpasang Fixed FGDS di area penerimaan. | G41: Oil Spill Emergency Repsonse (Oil Boom,oil absorbent, skimmer, dll) | H41: A | I41: 1 | J41: Tersedia peralatan penaggulang tumpahan minyak oil Absorbent disetiap kendaraan
C42: Lightning Protection System | D42: B | E42: 1 | F42: Terpasang 1 Unit Lightning Protection | G42: Fixed Fire Fighting Equipment/System (Fire Pump, Fire Hydran, Fire Water Line). | H42: B | I42: 1 | J42: Tersedia peralatan penanggulangan kebakaran 1 Unit Fore Pump, termasuk Fire Risk Card sesuai skenario.
C43: Grounding System | D43: B | E43: 1 | F43: Terpasang Grounding system yang cukup danter-instalasi dengan baik. | G43: Mobile emergency Response Eqipment (Fire Truck, Fire Jeep,QRU, LPG Evacuation Unit, Vacuum Truck) | H43: A,B | I43: 1 | J43: tersedia Mobile Equipment Response dan kondisi nya ( 1 Unit Mobile Fire Pump Merk Angus)
C44: Oil Catcher System | D44: A | E44: 1 | F44: Tersedia oil cathcer yang sesuai persyaratan dan spesifikasi. | G44: Generator Set (Genset) untuk Power Supply saat Emergency | H44: B | I44: 1 | J44: Tersedia 2 unit Genset yang siap pakai dan COI nya valid
C45: =C18 -> PEOPLE + PROCESS
C46: Barrier | D46: Related to MAE | E46: Status | F46: Detail / Remarks | G46: Barrier | H46: Related to MAE | I46: Status | J46: Detail / Remarks
C47: Electrical Hazardous Area Classification (EHAC) | D47: A,B | E47: N/A | F47: Pengklasifikasiaan peralatan dan electrical system sesuai hazardous area sudah diterapkan. | G47: Organisasi & Personel Pengendalian Tanggap Darurat yang Kompeten | H47: A,B | I47: 1 | J47: Sudah ditetapkan Organisasi dan Personel Pengendalian Keadaan Darurat setempat.
C48: Security Guard | D48: A,B | E48: 1 | F48: Tersedia personel dan aktivitas pengamanan saat di area pendistribusian / penyaluran. | G48: Pedoman Pengendalian Keadaan Darurat | H48: A | I48: 1 | J48: Tersedia Pedoman Pengendalian Keadaan Darurat (PKD) terbaru.
C49: Pipeline ROW (Cleareance & maintenace). | D49: A,B | E49: 1 | F49: Apakah Pipeline ROW (Righ-of-ways) sudah ditetapkan, diberitanda, dibersihkan dan dilakukan pemeliharaan. | G49: Bussiness Continuity Plan/Management | H49: A,B | I49: 1 | J49: Tersedia dokumen BCP / Skenario RAE.
C50: Prosedur Pengukuran Grounding Secara Periodik | D50: B | E50: 1 | F50: Pemeriksaan grounding menggunakan Formulir Aviasi SF 211 berdasarkan Pompav Buku 4 Pemeliharaan Sarana dan Fasilitas | G50: - | H50: - | I50: - | J50: -
C51: Additional Notes / Concern matter :
C52: (Diisikan jika ada catatan tambahan / informasi penting lainnya terkait assessment Mitigation & Emergency Plan barrier yang perlu dijadikan tambahan informasi).
C56: MAJOR ACCIDENT EVENT
C57: A | G57: B
C58: Berpotensi terjadinya Flammable Gas Dispersi dari Tumpahan Produk | G58: Berpotensi Terjadinya Kebakaran (Flash / Pool / Jet Fire)
C62: ULTIMATE RISK ASSESSMENT
C63: CONSEQUENCES | F63: SEVERITY LEVEL | G63: LIKELIHOOD | H63: INHERENT RISK
C64: Manusia | D64: ü | F64: ='Initial Risk'!F22 -> 4 | G64: ='Initial Risk'!G22 -> 3 | H64: =F64*G64 -> 12
C65: Environment | D65: ü | F65: (Catastropic) | G65: (Almost / Hampir Pasti Terjadi) | H65: (High)
C66: Financial Impact | D66: ü | F66: SEVERITY LEVEL*2 | G66: LIKELIHOOD*2 | H66: FINAL RISK
C67: Asset & Equipment | D67: ü | F67: 3 | G67: 2 | H67: =F67*G67 -> 6
C68: Notifikasi Publik | D68: ü | F68: (Significant) | G68: (Unlikely / Jarang terjadi) | H68: (Low to Moderate Risk)
C69: RECOMMENDATION
C70: 1. Disikan Rekomendasi yang sifatnya pemenuhan / perbaikan / penyempurnaan terhadap barrier Preventive , Detect/Control, Mitigasi dan Emergency Response.
C71: 2.
C72: 3.
C73: dst
C75: EVIDENCE SECTION

Sheet DF-05
C2: HYDROCARBON DISTRIBUTING FACILITY
C4: MAJOR ACCIDENT HAZARD
C5: Third Party (Personel and/or Vehicle) Activities
C6: DISTRIBUTING FACILITY & PROCESS OVERVIEW | G6: MAH REGISTER NO. | H6: DATE:
C7: Penyaluran avtur ke pesawat dilakukan menggunakan 6 Unit Refueller 5 Unit Kapasitas 16 KL dan 1 Unit Kapasitas 12 KL. Refueller diisi menggunakan 1 Unit Fasilitas Topping Up menggunakan 1 unit pompa topping dengan kecepatan flowrate 800 Lpm. | G7: MAH-DF-005-DPPU Eltari | H7: 01 Maret 2023
G8: REFFERENCE DOC. : | H8: MAH Description :
G9: (Diisikan dokumen reference i.e HAZOP Study, OGB Risk Register, Historical Data, etc). | H9: Hydrocarbon release due to ship & third party activities at distributing facilities . The release of HC resulting major spill, fire and/or explosion, it leading to serious injury and/or multiple fatalities and environment damage.
C13: PREVENTIVE MEASURES | G13: DETECTION/CONTROL MEASURES
C14: HARDWARE (PLANT)
C15: Barrier | D15: Related to MAE | E15: Status | F15: Detail / Remarks | G15: Barrier | H15: Related to MAE | I15: Status | J15: Detail / Remarks
C16: Pipeline (Signage & marker) | D16: A,B | E16: 1 | F16: Color Code sesuai dengan Pompav Buku 4 | G16: CCTV | H16: A,B | I16: 0.5 | J16: CCTV ada 8 titik 4 dalam kondisi mati
C17: Pipeline/PLEM/SPM (Design Structural Support) | D17: A,B | E17: 1 | F17: Design untuk stucture support sudah sesuai spesifikasi. | G17: - | H17: - | I17: - | J17: -
C18: Navigation Kit & Device | D18: A,B | E18: N/A | F18: Apakah tersedia navigation kit (Fog signal, lobstruction light, Reflektor, SBNP). | G18: - | H18: - | I18: - | J18: -
C19: Breakaway Coupling | D19: A,B | E19: N/A | F19: Apakah terpasang breakaway coupling terhadap sarana penerimaan. | G19: - | H19: - | I19: - | J19: -
C20: Additional Physical Protection | D20: A,B | E20: N/A | F20: Diisikan apakah tersedia dan terpasang pengaman fisik tambahan untuk mencegah kerusakan peralatan di area penerimaan dari impact kendaraan/kapal. | G20: - | H20: - | I20: - | J20: -
C21: PEOPLE + PROCESS
C22: Barrier | D22: Related to MAE | E22: Status | F22: Detail / Remarks | G22: Barrier | H22: Related to MAE | I22: Status | J22: Detail / Remarks
C23: Program Periodically Inspection | D23: A,B | E23: 1 | F23: Dokumen COI | G23: Plant / Pipeline Patrol | H23: A,B | I23: 1 | J23: Pemeriksaan Jalur pipa secara periode
